  飞书推送未启用（未配置 FEISHU_WEBHOOK_URL）
============================================================
  LOF/ETF 套利看板已启动
  在浏览器打开：http://localhost:8000  (HOST=127.0.0.1 PORT=8000)
  按 Ctrl+C 停止
============================================================
>>> [162411] 华宝标普油气上游股票人民币A · 计算30日/显示10日 ｜ 标的=XOP ｜ 模式=index
    净值 35 条，最新: ('2026-07-24', 0.9195)
>>> [162411] 华宝标普油气上游股票人民币A · 计算30日/显示10日 ｜ 标的=XOP ｜ 模式=auto
    净值 35 条，最新: ('2026-07-24', 0.9195)
    [兜底] 东财价格失败：Remote end closed connection without response
    价格 [新浪财经] 35 条，最新: ('2026-07-27', 0.888)
    [兜底] 东财价格失败：Remote end closed connection without response
    价格 [新浪财经] 35 条，最新: ('2026-07-27', 0.888)
    [汇率] frankfurter 取到 280 天
    [汇率] 新浪财经最新 USD/CNY = 6.7661（兜底即期）
    汇率 281 天，最新: ('2026-07-28', 6.76615)
    [汇率] frankfurter 取到 280 天
    [汇率] 新浪财经最新 USD/CNY = 6.7661（兜底即期）
    汇率 281 天，最新: ('2026-07-28', 6.76615)
    [兜底] 东财标的失败：Remote end closed connection without response
    [兜底] 东财标的失败：Remote end closed connection without response
    [兜底] 腾讯标的失败：HTTP Error 501: Not Implemented
    [兜底] 腾讯标的失败：HTTP Error 501: Not Implemented
    标的候选 [(35, 'stockanalysis.com')] -> 采用 stockanalysis.com
    标的 [stockanalysis.com] 35 条，最新: ('2026-07-24', 174.05)
    最近 10 个交易日 -> 命中 10 个
    标的候选 [(35, 'stockanalysis.com')] -> 采用 stockanalysis.com
    标的 [stockanalysis.com] 35 条，最新: ('2026-07-24', 174.05)
    最近 10 个交易日 -> 命中 10 个
    [兜底] 东财标的失败：Remote end closed connection without response
    [兜底] 东财标的失败：Remote end closed connection without response
    [兜底] 东财标的失败：Remote end closed connection without response
    [兜底] 东财标的失败：Remote end closed connection without response
    [兜底] 东财标的失败：Remote end closed connection without response
    [兜底] 东财标的失败：Remote end closed connection without response
    [兜底] 东财标的失败：Remote end closed connection without response
    [兜底] 东财标的失败：Remote end closed connection without response
    [兜底] 东财标的失败：Remote end closed connection without response
    [兜底] 东财标的失败：Remote end closed connection without response
    [兜底] 东财标的失败：Remote end closed connection without response
    [兜底] 东财标的失败：Remote end closed connection without response
    [兜底] 东财标的失败：Remote end closed connection without response
    [兜底] 东财标的失败：Remote end closed connection without response
    [兜底] 东财标的失败：Remote end closed connection without response
    [兜底] 东财标的失败：Remote end closed connection without response
    [兜底] 东财标的失败：Remote end closed connection without response
    [兜底] 东财标的失败：Remote end closed connection without response
    [兜底] 东财标的失败：Remote end closed connection without response
    [兜底] 东财标的失败：Remote end closed connection without response
    [兜底] 东财标的失败：Remote end closed connection without response
    [兜底] 东财标的失败：Remote end closed connection without response
    [兜底] 东财标的失败：Remote end closed connection without response
    [兜底] 东财标的失败：Remote end closed connection without response
    [兜底] 东财标的失败：Remote end closed connection without response
    [兜底] 东财标的失败：Remote end closed connection without response
    [兜底] 东财标的失败：Remote end closed connection without response
    [兜底] 腾讯标的失败：HTTP Error 501: Not Implemented
    [兜底] 东财标的失败：Remote end closed connection without response
    [兜底] 腾讯标的失败：HTTP Error 501: Not Implemented
    [兜底] 东财标的失败：Remote end closed connection without response
    [兜底] 腾讯标的失败：HTTP Error 501: Not Implemented
    [兜底] 腾讯标的失败：HTTP Error 501: Not Implemented
    [兜底] 腾讯标的失败：HTTP Error 501: Not Implemented
    [兜底] 腾讯标的失败：HTTP Error 501: Not Implemented
    [兜底] 腾讯标的失败：HTTP Error 501: Not Implemented
    标的候选 [(15, 'stockanalysis.com')] -> 采用 stockanalysis.com
    [兜底] 东财标的失败：Remote end closed connection without response
    [兜底] 腾讯标的失败：HTTP Error 501: Not Implemented
    [兜底] 腾讯标的失败：HTTP Error 501: Not Implemented
    [兜底] 腾讯标的失败：HTTP Error 501: Not Implemented
    [兜底] 腾讯标的失败：HTTP Error 501: Not Implemented
    [兜底] 腾讯标的失败：HTTP Error 501: Not Implemented
    [兜底] 腾讯标的失败：HTTP Error 501: Not Implemented
    [兜底] 腾讯标的失败：HTTP Error 501: Not Implemented
    标的候选 [(15, 'stockanalysis.com')] -> 采用 stockanalysis.com
    [兜底] 腾讯标的失败：HTTP Error 501: Not Implemented
    [兜底] 腾讯标的失败：HTTP Error 501: Not Implemented
    [兜底] 腾讯标的失败：HTTP Error 501: Not Implemented
    [兜底] 腾讯标的失败：HTTP Error 501: Not Implemented
    [兜底] 腾讯标的失败：HTTP Error 501: Not Implemented
    [兜底] 腾讯标的失败：HTTP Error 501: Not Implemented
    标的候选 [(15, 'stockanalysis.com')] -> 采用 stockanalysis.com
    标的候选 [(15, 'stockanalysis.com')] -> 采用 stockanalysis.com
    标的候选 [(15, 'stockanalysis.com')] -> 采用 stockanalysis.com
    [兜底] 腾讯标的失败：HTTP Error 501: Not Implemented
    [兜底] 腾讯标的失败：HTTP Error 501: Not Implemented
    标的候选 [(15, 'stockanalysis.com')] -> 采用 stockanalysis.com
    [兜底] 腾讯标的失败：HTTP Error 501: Not Implemented
    标的候选 [(15, 'stockanalysis.com')] -> 采用 stockanalysis.com
    [兜底] 腾讯标的失败：HTTP Error 501: Not Implemented
    标的候选 [(15, 'stockanalysis.com')] -> 采用 stockanalysis.com
    [兜底] 腾讯标的失败：HTTP Error 501: Not Implemented
    标的候选 [(15, 'stockanalysis.com')] -> 采用 stockanalysis.com
    标的候选 [(15, 'stockanalysis.com')] -> 采用 stockanalysis.com
    标的候选 [(15, 'stockanalysis.com')] -> 采用 stockanalysis.com
    标的候选 [(15, 'stockanalysis.com')] -> 采用 stockanalysis.com
    标的候选 [(15, 'stockanalysis.com')] -> 采用 stockanalysis.com
    [兜底] 腾讯标的失败：HTTP Error 501: Not Implemented
    标的候选 [(15, 'stockanalysis.com')] -> 采用 stockanalysis.com
    标的候选 [(15, 'stockanalysis.com')] -> 采用 stockanalysis.com
    标的候选 [(15, 'stockanalysis.com')] -> 采用 stockanalysis.com
    [兜底] 腾讯标的失败：HTTP Error 501: Not Implemented
    标的候选 [(15, 'stockanalysis.com')] -> 采用 stockanalysis.com
    [兜底] 腾讯标的失败：HTTP Error 501: Not Implemented
    标的候选 [(15, 'stockanalysis.com')] -> 采用 stockanalysis.com
    [兜底] 腾讯标的失败：HTTP Error 501: Not Implemented
    标的候选 [(15, 'stockanalysis.com')] -> 采用 stockanalysis.com
    标的候选 [(15, 'stockanalysis.com')] -> 采用 stockanalysis.com
    标的候选 [(15, 'stockanalysis.com')] -> 采用 stockanalysis.com
    标的候选 [(15, 'stockanalysis.com')] -> 采用 stockanalysis.com
    标的候选 [(15, 'stockanalysis.com')] -> 采用 stockanalysis.com
    [兜底] 腾讯标的失败：HTTP Error 501: Not Implemented
    标的候选 [(15, 'stockanalysis.com')] -> 采用 stockanalysis.com
    标的候选 [(15, 'stockanalysis.com')] -> 采用 stockanalysis.com
    标的候选 [(15, 'stockanalysis.com')] -> 采用 stockanalysis.com
    标的候选 [(15, 'stockanalysis.com')] -> 采用 stockanalysis.com
    标的候选 [(15, 'stockanalysis.com')] -> 采用 stockanalysis.com
    [兜底] 东财标的失败：Remote end closed connection without response
    [兜底] 东财标的失败：Remote end closed connection without response
    标的候选 [(15, 'stockanalysis.com')] -> 采用 stockanalysis.com
    [兜底] 东财标的失败：Remote end closed connection without response
    标的候选 [(15, 'stockanalysis.com')] -> 采用 stockanalysis.com
    [兜底] 东财标的失败：Remote end closed connection without response
    [兜底] 东财标的失败：Remote end closed connection without response
    [兜底] 东财标的失败：Remote end closed connection without response
    [兜底] 东财标的失败：Remote end closed connection without response
    [兜底] 东财标的失败：Remote end closed connection without response
    [兜底] 东财标的失败：Remote end closed connection without response
    [兜底] 东财标的失败：Remote end closed connection without response
    [兜底] 东财标的失败：Remote end closed connection without response
    [兜底] 东财标的失败：Remote end closed connection without response
    [兜底] 东财标的失败：Remote end closed connection without response
    [兜底] 东财标的失败：Remote end closed connection without response
    [兜底] 东财标的失败：Remote end closed connection without response
    [兜底] 东财标的失败：Remote end closed connection without response
    [兜底] 东财标的失败：Remote end closed connection without response
    [兜底] 东财标的失败：Remote end closed connection without response
    [兜底] 东财标的失败：Remote end closed connection without response
    [兜底] 东财标的失败：Remote end closed connection without response
    [兜底] 腾讯标的失败：HTTP Error 501: Not Implemented
    [兜底] 东财标的失败：Remote end closed connection without response
    [兜底] 东财标的失败：Remote end closed connection without response
    [兜底] 腾讯标的失败：HTTP Error 501: Not Implemented
    [兜底] 东财标的失败：Remote end closed connection without response
    [兜底] 东财标的失败：Remote end closed connection without response
    [兜底] 腾讯标的失败：HTTP Error 501: Not Implemented
    [兜底] 东财标的失败：Remote end closed connection without response
    标的候选 [(15, 'stockanalysis.com')] -> 采用 stockanalysis.com
    [兜底] 东财标的失败：Remote end closed connection without response
    [兜底] 东财标的失败：Remote end closed connection without response
    标的候选 [(15, 'stockanalysis.com')] -> 采用 stockanalysis.com
    [兜底] 腾讯标的失败：HTTP Error 501: Not Implemented
    [兜底] 腾讯标的失败：HTTP Error 501: Not Implemented
    [兜底] 腾讯标的失败：HTTP Error 501: Not Implemented
    [兜底] 腾讯标的失败：HTTP Error 501: Not Implemented
    [兜底] 腾讯标的失败：HTTP Error 501: Not Implemented
    标的候选 [(15, 'stockanalysis.com')] -> 采用 stockanalysis.com
    [兜底] 腾讯标的失败：HTTP Error 501: Not Implemented
    [兜底] 腾讯标的失败：HTTP Error 501: Not Implemented
    [兜底] 腾讯标的失败：HTTP Error 501: Not Implemented
    [兜底] 腾讯标的失败：HTTP Error 501: Not Implemented
    [兜底] 腾讯标的失败：HTTP Error 501: Not Implemented
    [兜底] 腾讯标的失败：HTTP Error 501: Not Implemented
    [兜底] 腾讯标的失败：HTTP Error 501: Not Implemented
    [兜底] 腾讯标的失败：HTTP Error 501: Not Implemented
    [兜底] 腾讯标的失败：HTTP Error 501: Not Implemented
    标的候选 [(15, 'stockanalysis.com')] -> 采用 stockanalysis.com
    [兜底] 腾讯标的失败：HTTP Error 501: Not Implemented
    [兜底] 腾讯标的失败：HTTP Error 501: Not Implemented
    [兜底] 腾讯标的失败：HTTP Error 501: Not Implemented
    [兜底] 腾讯标的失败：HTTP Error 501: Not Implemented
    [兜底] 东财标的失败：Remote end closed connection without response
    [兜底] 腾讯标的失败：HTTP Error 501: Not Implemented
    [兜底] 腾讯标的失败：HTTP Error 501: Not Implemented
    [兜底] 腾讯标的失败：HTTP Error 501: Not Implemented
    标的候选 [(15, 'stockanalysis.com')] -> 采用 stockanalysis.com
    [兜底] 腾讯标的失败：HTTP Error 501: Not Implemented
    标的候选 [(15, 'stockanalysis.com')] -> 采用 stockanalysis.com
    标的候选 [(15, 'stockanalysis.com')] -> 采用 stockanalysis.com
    标的候选 [(15, 'stockanalysis.com')] -> 采用 stockanalysis.com
    标的候选 [(15, 'stockanalysis.com')] -> 采用 stockanalysis.com
    标的候选 [(15, 'stockanalysis.com')] -> 采用 stockanalysis.com
    标的候选 [(15, 'stockanalysis.com')] -> 采用 stockanalysis.com
    标的候选 [(15, 'stockanalysis.com')] -> 采用 stockanalysis.com
    标的候选 [(15, 'stockanalysis.com')] -> 采用 stockanalysis.com
    标的候选 [(15, 'stockanalysis.com')] -> 采用 stockanalysis.com
    标的候选 [(15, 'stockanalysis.com')] -> 采用 stockanalysis.com
    [兜底] stockanalysis标的失败：HTTP Error 400: Bad Request
    [兜底] stockanalysis标的失败：HTTP Error 400: Bad Request
    [兜底] 腾讯标的失败：HTTP Error 501: Not Implemented
    标的候选 [(15, 'stockanalysis.com')] -> 采用 stockanalysis.com
    标的候选 [(15, 'stockanalysis.com')] -> 采用 stockanalysis.com
    [兜底] stockanalysis标的失败：HTTP Error 400: Bad Request
    标的候选 [(15, 'stockanalysis.com')] -> 采用 stockanalysis.com
    标的候选 [(15, 'stockanalysis.com')] -> 采用 stockanalysis.com
    标的候选 [(15, 'stockanalysis.com')] -> 采用 stockanalysis.com
    [兜底] 腾讯标的失败：HTTP Error 501: Not Implemented
    标的候选 [(15, 'stockanalysis.com')] -> 采用 stockanalysis.com
    [兜底] stockanalysis标的失败：HTTP Error 400: Bad Request
    标的候选 [(15, 'stockanalysis.com')] -> 采用 stockanalysis.com
    标的候选 [(15, 'stockanalysis.com')] -> 采用 stockanalysis.com
    标的候选 [(15, 'stockanalysis.com')] -> 采用 stockanalysis.com
    [兜底] 腾讯标的失败：HTTP Error 501: Not Implemented
    标的候选 [(15, 'stockanalysis.com')] -> 采用 stockanalysis.com
    标的候选 [(15, 'stockanalysis.com')] -> 采用 stockanalysis.com
    [兜底] 东财标的失败：Remote end closed connection without response
    [兜底] 东财标的失败：Remote end closed connection without response
    标的候选 [(15, '新浪财经期货')] -> 采用 新浪财经期货
    标的候选 [(15, '新浪财经期货')] -> 采用 新浪财经期货
    标的候选 [(15, '新浪财经期货')] -> 采用 新浪财经期货
    标的候选 [(15, 'stockanalysis.com')] -> 采用 stockanalysis.com
    标的候选 [(15, '新浪财经期货')] -> 采用 新浪财经期货
    标的候选 [(15, 'stockanalysis.com')] -> 采用 stockanalysis.com
    [兜底] 腾讯标的失败：HTTP Error 501: Not Implemented
    标的候选 [(15, 'stockanalysis.com')] -> 采用 stockanalysis.com
    [兜底] 腾讯标的失败：HTTP Error 501: Not Implemented
    标的候选 [(15, 'stockanalysis.com')] -> 采用 stockanalysis.com
    [价格] 腾讯K线失败(sh501312) https://web.ifzq.gtimg.cn/appstock/app/fqkline/get?param=sh501312,day,,,15,qfq: HTTP Error 501: Not Implemented
    [价格] 腾讯K线无数据，改用新浪K线兜底(sh501312)
    [价格] 腾讯K线失败(sh501300) https://web.ifzq.gtimg.cn/appstock/app/fqkline/get?param=sh501300,day,,,15,qfq: HTTP Error 501: Not Implemented
    [价格] 腾讯K线无数据，改用新浪K线兜底(sh501300)
    [价格] 腾讯K线失败(sz160719) https://web.ifzq.gtimg.cn/appstock/app/fqkline/get?param=sz160719,day,,,15,qfq: HTTP Error 501: Not Implemented
    [价格] 腾讯K线无数据，改用新浪K线兜底(sz160719)
    [价格] 腾讯K线失败(sz164705) https://web.ifzq.gtimg.cn/appstock/app/fqkline/get?param=sz164705,day,,,15,qfq: HTTP Error 501: Not Implemented
    [价格] 腾讯K线无数据，改用新浪K线兜底(sz164705)
    [价格] 腾讯K线失败(sz164906) https://web.ifzq.gtimg.cn/appstock/app/fqkline/get?param=sz164906,day,,,15,qfq: HTTP Error 501: Not Implemented
    [价格] 腾讯K线无数据，改用新浪K线兜底(sz164906)
    [价格] 腾讯K线失败(sz160719) https://web.ifzq.gtimg.cn/appstock/app/fqkline/get?param=sz160719,day,,,15,qfq: HTTP Error 501: Not Implemented
    [价格] 腾讯K线无数据，改用新浪K线兜底(sz160719)
    [价格] 腾讯K线失败(sz164906) https://web.ifzq.gtimg.cn/appstock/app/fqkline/get?param=sz164906,day,,,15,qfq: HTTP Error 501: Not Implemented
    [价格] 腾讯K线无数据，改用新浪K线兜底(sz164906)
    [价格] 腾讯K线失败(sz160140) https://web.ifzq.gtimg.cn/appstock/app/fqkline/get?param=sz160140,day,,,15,qfq: HTTP Error 501: Not Implemented
    [价格] 腾讯K线无数据，改用新浪K线兜底(sz160140)
    [价格] 腾讯K线失败(sz164705) https://web.ifzq.gtimg.cn/appstock/app/fqkline/get?param=sz164705,day,,,15,qfq: HTTP Error 501: Not Implemented
    [价格] 腾讯K线无数据，改用新浪K线兜底(sz164705)
    [价格] 腾讯K线失败(sh501312) https://web.ifzq.gtimg.cn/appstock/app/fqkline/get?param=sh501312,day,,,15,qfq: HTTP Error 501: Not Implemented
    [价格] 腾讯K线无数据，改用新浪K线兜底(sh501312)
    [价格] 腾讯K线失败(sz160717) https://web.ifzq.gtimg.cn/appstock/app/fqkline/get?param=sz160717,day,,,15,qfq: HTTP Error 501: Not Implemented
    [价格] 腾讯K线无数据，改用新浪K线兜底(sz160717)
    [价格] 腾讯K线失败(sh501300) https://web.ifzq.gtimg.cn/appstock/app/fqkline/get?param=sh501300,day,,,15,qfq: HTTP Error 501: Not Implemented
    [价格] 腾讯K线无数据，改用新浪K线兜底(sh501300)
    [价格] 腾讯K线失败(sh501300) https://web.ifzq.gtimg.cn/appstock/app/fqkline/get?param=sh501300,day,,,15,qfq: HTTP Error 501: Not Implemented
    [价格] 腾讯K线无数据，改用新浪K线兜底(sh501300)
    [价格] 腾讯K线失败(sz160717) https://web.ifzq.gtimg.cn/appstock/app/fqkline/get?param=sz160717,day,,,15,qfq: HTTP Error 501: Not Implemented
    [价格] 腾讯K线无数据，改用新浪K线兜底(sz160717)
    [价格] 腾讯K线失败(sz164906) https://web.ifzq.gtimg.cn/appstock/app/fqkline/get?param=sz164906,day,,,15,qfq: HTTP Error 501: Not Implemented
    [价格] 腾讯K线无数据，改用新浪K线兜底(sz164906)
    [价格] 腾讯K线失败(sz164705) https://web.ifzq.gtimg.cn/appstock/app/fqkline/get?param=sz164705,day,,,15,qfq: HTTP Error 501: Not Implemented
    [价格] 腾讯K线无数据，改用新浪K线兜底(sz164705)
    [价格] 腾讯K线失败(sh501312) https://web.ifzq.gtimg.cn/appstock/app/fqkline/get?param=sh501312,day,,,15,qfq: HTTP Error 501: Not Implemented
    [价格] 腾讯K线无数据，改用新浪K线兜底(sh501312)
    [价格] 腾讯K线失败(sz160140) https://web.ifzq.gtimg.cn/appstock/app/fqkline/get?param=sz160140,day,,,15,qfq: HTTP Error 501: Not Implemented
    [价格] 腾讯K线无数据，改用新浪K线兜底(sz160140)
    [价格] 腾讯K线失败(sz164824) https://web.ifzq.gtimg.cn/appstock/app/fqkline/get?param=sz164824,day,,,15,qfq: HTTP Error 501: Not Implemented
    [价格] 腾讯K线无数据，改用新浪K线兜底(sz164824)
    [价格] 腾讯K线失败(sz160140) https://web.ifzq.gtimg.cn/appstock/app/fqkline/get?param=sz160140,day,,,15,qfq: HTTP Error 501: Not Implemented
    [价格] 腾讯K线无数据，改用新浪K线兜底(sz160140)
    [价格] 腾讯K线失败(sz160719) https://web.ifzq.gtimg.cn/appstock/app/fqkline/get?param=sz160719,day,,,15,qfq: HTTP Error 501: Not Implemented
    [价格] 腾讯K线无数据，改用新浪K线兜底(sz160719)
    [价格] 腾讯K线失败(sz160717) https://web.ifzq.gtimg.cn/appstock/app/fqkline/get?param=sz160717,day,,,15,qfq: HTTP Error 501: Not Implemented
    [价格] 腾讯K线无数据，改用新浪K线兜底(sz160717)
    [价格] 腾讯K线失败(sz160717) https://web.ifzq.gtimg.cn/appstock/app/fqkline/get?param=sz160717,day,,,15,qfq: HTTP Error 501: Not Implemented
    [价格] 腾讯K线无数据，改用新浪K线兜底(sz160717)
    [价格] 腾讯K线失败(sz164824) https://web.ifzq.gtimg.cn/appstock/app/fqkline/get?param=sz164824,day,,,15,qfq: HTTP Error 501: Not Implemented
    [价格] 腾讯K线无数据，改用新浪K线兜底(sz164824)
    [价格] 腾讯K线失败(sz164824) https://web.ifzq.gtimg.cn/appstock/app/fqkline/get?param=sz164824,day,,,15,qfq: HTTP Error 501: Not Implemented
    [价格] 腾讯K线无数据，改用新浪K线兜底(sz164824)
    [价格] 腾讯K线失败(sh501300) https://web.ifzq.gtimg.cn/appstock/app/fqkline/get?param=sh501300,day,,,15,qfq: HTTP Error 501: Not Implemented
    [价格] 腾讯K线无数据，改用新浪K线兜底(sh501300)
    [价格] 腾讯K线失败(sz160719) https://web.ifzq.gtimg.cn/appstock/app/fqkline/get?param=sz160719,day,,,15,qfq: HTTP Error 501: Not Implemented
    [价格] 腾讯K线无数据，改用新浪K线兜底(sz160719)
    [价格] 腾讯K线失败(sz164824) https://web.ifzq.gtimg.cn/appstock/app/fqkline/get?param=sz164824,day,,,15,qfq: HTTP Error 501: Not Implemented
    [价格] 腾讯K线无数据，改用新浪K线兜底(sz164824)
    [价格] 腾讯K线失败(sz164705) https://web.ifzq.gtimg.cn/appstock/app/fqkline/get?param=sz164705,day,,,15,qfq: HTTP Error 501: Not Implemented
    [价格] 腾讯K线无数据，改用新浪K线兜底(sz164705)
    [价格] 腾讯K线失败(sz160717) https://web.ifzq.gtimg.cn/appstock/app/fqkline/get?param=sz160717,day,,,15,qfq: HTTP Error 501: Not Implemented
    [价格] 腾讯K线无数据，改用新浪K线兜底(sz160717)
    [价格] 腾讯K线失败(sz160140) https://web.ifzq.gtimg.cn/appstock/app/fqkline/get?param=sz160140,day,,,15,qfq: HTTP Error 501: Not Implemented
    [价格] 腾讯K线无数据，改用新浪K线兜底(sz160140)
    [价格] 腾讯K线失败(sz160719) https://web.ifzq.gtimg.cn/appstock/app/fqkline/get?param=sz160719,day,,,15,qfq: HTTP Error 501: Not Implemented
    [价格] 腾讯K线无数据，改用新浪K线兜底(sz160719)
    [价格] 腾讯K线失败(sz164906) https://web.ifzq.gtimg.cn/appstock/app/fqkline/get?param=sz164906,day,,,15,qfq: HTTP Error 501: Not Implemented
    [价格] 腾讯K线无数据，改用新浪K线兜底(sz164906)
    [价格] 腾讯K线失败(sh501312) https://web.ifzq.gtimg.cn/appstock/app/fqkline/get?param=sh501312,day,,,15,qfq: HTTP Error 501: Not Implemented
    [价格] 腾讯K线无数据，改用新浪K线兜底(sh501312)
    [价格] 腾讯K线失败(sh501312) https://web.ifzq.gtimg.cn/appstock/app/fqkline/get?param=sh501312,day,,,15,qfq: HTTP Error 501: Not Implemented
    [价格] 腾讯K线无数据，改用新浪K线兜底(sh501312)
    [价格] 腾讯K线失败(sh501300) https://web.ifzq.gtimg.cn/appstock/app/fqkline/get?param=sh501300,day,,,15,qfq: HTTP Error 501: Not Implemented
    [价格] 腾讯K线无数据，改用新浪K线兜底(sh501300)
    [价格] 腾讯K线失败(sz164824) https://web.ifzq.gtimg.cn/appstock/app/fqkline/get?param=sz164824,day,,,15,qfq: HTTP Error 501: Not Implemented
    [价格] 腾讯K线无数据，改用新浪K线兜底(sz164824)
    [价格] 腾讯K线失败(sz164906) https://web.ifzq.gtimg.cn/appstock/app/fqkline/get?param=sz164906,day,,,15,qfq: HTTP Error 501: Not Implemented
    [价格] 腾讯K线无数据，改用新浪K线兜底(sz164906)
    [价格] 腾讯K线失败(sz160140) https://web.ifzq.gtimg.cn/appstock/app/fqkline/get?param=sz160140,day,,,15,qfq: HTTP Error 501: Not Implemented
    [价格] 腾讯K线无数据，改用新浪K线兜底(sz160140)
    [价格] 腾讯K线失败(sz164705) https://web.ifzq.gtimg.cn/appstock/app/fqkline/get?param=sz164705,day,,,15,qfq: HTTP Error 501: Not Implemented
    [价格] 腾讯K线无数据，改用新浪K线兜底(sz164705)
    [价格] 腾讯K线失败(sz167301) https://web.ifzq.gtimg.cn/appstock/app/fqkline/get?param=sz167301,day,,,15,qfq: HTTP Error 501: Not Implemented
    [价格] 腾讯K线无数据，改用新浪K线兜底(sz167301)
    [价格] 腾讯K线失败(sz167301) https://web.ifzq.gtimg.cn/appstock/app/fqkline/get?param=sz167301,day,,,15,qfq: HTTP Error 501: Not Implemented
    [价格] 腾讯K线无数据，改用新浪K线兜底(sz167301)
    [价格] 腾讯K线失败(sz161126) https://web.ifzq.gtimg.cn/appstock/app/fqkline/get?param=sz161126,day,,,15,qfq: HTTP Error 501: Not Implemented
    [价格] 腾讯K线无数据，改用新浪K线兜底(sz161126)
    [价格] 腾讯K线失败(sz160632) https://web.ifzq.gtimg.cn/appstock/app/fqkline/get?param=sz160632,day,,,15,qfq: HTTP Error 501: Not Implemented
    [价格] 腾讯K线无数据，改用新浪K线兜底(sz160632)
    [价格] 腾讯K线失败(sz160924) https://web.ifzq.gtimg.cn/appstock/app/fqkline/get?param=sz160924,day,,,15,qfq: HTTP Error 501: Not Implemented
    [价格] 腾讯K线无数据，改用新浪K线兜底(sz160924)
    [价格] 腾讯K线失败(sz161126) https://web.ifzq.gtimg.cn/appstock/app/fqkline/get?param=sz161126,day,,,15,qfq: HTTP Error 501: Not Implemented
    [价格] 腾讯K线无数据，改用新浪K线兜底(sz161126)
    [价格] 腾讯K线失败(sz160632) https://web.ifzq.gtimg.cn/appstock/app/fqkline/get?param=sz160632,day,,,15,qfq: HTTP Error 501: Not Implemented
    [价格] 腾讯K线无数据，改用新浪K线兜底(sz160632)
    [价格] 腾讯K线失败(sz161116) https://web.ifzq.gtimg.cn/appstock/app/fqkline/get?param=sz161116,day,,,15,qfq: HTTP Error 501: Not Implemented
    [价格] 腾讯K线无数据，改用新浪K线兜底(sz161116)
    [价格] 腾讯K线失败(sz167301) https://web.ifzq.gtimg.cn/appstock/app/fqkline/get?param=sz167301,day,,,15,qfq: HTTP Error 501: Not Implemented
    [价格] 腾讯K线无数据，改用新浪K线兜底(sz167301)
    [价格] 腾讯K线失败(sz160632) https://web.ifzq.gtimg.cn/appstock/app/fqkline/get?param=sz160632,day,,,15,qfq: HTTP Error 501: Not Implemented
    [价格] 腾讯K线无数据，改用新浪K线兜底(sz160632)
    [价格] 腾讯K线失败(sz161116) https://web.ifzq.gtimg.cn/appstock/app/fqkline/get?param=sz161116,day,,,15,qfq: HTTP Error 501: Not Implemented
    [价格] 腾讯K线无数据，改用新浪K线兜底(sz161116)
    [价格] 腾讯K线失败(sz161124) https://web.ifzq.gtimg.cn/appstock/app/fqkline/get?param=sz161124,day,,,15,qfq: HTTP Error 501: Not Implemented
    [价格] 腾讯K线无数据，改用新浪K线兜底(sz161124)
    [价格] 腾讯K线失败(sz160632) https://web.ifzq.gtimg.cn/appstock/app/fqkline/get?param=sz160632,day,,,15,qfq: HTTP Error 501: Not Implemented
    [价格] 腾讯K线无数据，改用新浪K线兜底(sz160632)
    [价格] 腾讯K线失败(sz160632) https://web.ifzq.gtimg.cn/appstock/app/fqkline/get?param=sz160632,day,,,15,qfq: HTTP Error 501: Not Implemented
    [价格] 腾讯K线无数据，改用新浪K线兜底(sz160632)
    [价格] 腾讯K线失败(sz160924) https://web.ifzq.gtimg.cn/appstock/app/fqkline/get?param=sz160924,day,,,15,qfq: HTTP Error 501: Not Implemented
    [价格] 腾讯K线无数据，改用新浪K线兜底(sz160924)
    [价格] 腾讯K线失败(sz160924) https://web.ifzq.gtimg.cn/appstock/app/fqkline/get?param=sz160924,day,,,15,qfq: HTTP Error 501: Not Implemented
    [价格] 腾讯K线无数据，改用新浪K线兜底(sz160924)
    [价格] 腾讯K线失败(sz161126) https://web.ifzq.gtimg.cn/appstock/app/fqkline/get?param=sz161126,day,,,15,qfq: HTTP Error 501: Not Implemented
    [价格] 腾讯K线无数据，改用新浪K线兜底(sz161126)
    [价格] 腾讯K线失败(sz161126) https://web.ifzq.gtimg.cn/appstock/app/fqkline/get?param=sz161126,day,,,15,qfq: HTTP Error 501: Not Implemented
    [价格] 腾讯K线无数据，改用新浪K线兜底(sz161126)
    [价格] 腾讯K线失败(sz160924) https://web.ifzq.gtimg.cn/appstock/app/fqkline/get?param=sz160924,day,,,15,qfq: HTTP Error 501: Not Implemented
    [价格] 腾讯K线无数据，改用新浪K线兜底(sz160924)
    [价格] 腾讯K线失败(sz161831) https://web.ifzq.gtimg.cn/appstock/app/fqkline/get?param=sz161831,day,,,15,qfq: HTTP Error 501: Not Implemented
    [价格] 腾讯K线无数据，改用新浪K线兜底(sz161831)
    [价格] 腾讯K线失败(sz161831) https://web.ifzq.gtimg.cn/appstock/app/fqkline/get?param=sz161831,day,,,15,qfq: HTTP Error 501: Not Implemented
    [价格] 腾讯K线无数据，改用新浪K线兜底(sz161831)
    [价格] 腾讯K线失败(sz167301) https://web.ifzq.gtimg.cn/appstock/app/fqkline/get?param=sz167301,day,,,15,qfq: HTTP Error 501: Not Implemented
    [价格] 腾讯K线无数据，改用新浪K线兜底(sz167301)
    [价格] 腾讯K线失败(sz160924) https://web.ifzq.gtimg.cn/appstock/app/fqkline/get?param=sz160924,day,,,15,qfq: HTTP Error 501: Not Implemented
    [价格] 腾讯K线无数据，改用新浪K线兜底(sz160924)
    [价格] 腾讯K线失败(sz161116) https://web.ifzq.gtimg.cn/appstock/app/fqkline/get?param=sz161116,day,,,15,qfq: HTTP Error 501: Not Implemented
    [价格] 腾讯K线无数据，改用新浪K线兜底(sz161116)
    [价格] 腾讯K线失败(sz161124) https://web.ifzq.gtimg.cn/appstock/app/fqkline/get?param=sz161124,day,,,15,qfq: HTTP Error 501: Not Implemented
    [价格] 腾讯K线无数据，改用新浪K线兜底(sz161124)
    [价格] 腾讯K线失败(sz161124) https://web.ifzq.gtimg.cn/appstock/app/fqkline/get?param=sz161124,day,,,15,qfq: HTTP Error 501: Not Implemented
    [价格] 腾讯K线无数据，改用新浪K线兜底(sz161124)
    [价格] 腾讯K线失败(sz161831) https://web.ifzq.gtimg.cn/appstock/app/fqkline/get?param=sz161831,day,,,15,qfq: HTTP Error 501: Not Implemented
    [价格] 腾讯K线无数据，改用新浪K线兜底(sz161831)
    [价格] 腾讯K线失败(sz161831) https://web.ifzq.gtimg.cn/appstock/app/fqkline/get?param=sz161831,day,,,15,qfq: HTTP Error 501: Not Implemented
    [价格] 腾讯K线无数据，改用新浪K线兜底(sz161831)
    [价格] 腾讯K线失败(sz161124) https://web.ifzq.gtimg.cn/appstock/app/fqkline/get?param=sz161124,day,,,15,qfq: HTTP Error 501: Not Implemented
    [价格] 腾讯K线无数据，改用新浪K线兜底(sz161124)
    [价格] 腾讯K线失败(sz161116) https://web.ifzq.gtimg.cn/appstock/app/fqkline/get?param=sz161116,day,,,15,qfq: HTTP Error 501: Not Implemented
    [价格] 腾讯K线无数据，改用新浪K线兜底(sz161116)
    [价格] 腾讯K线失败(sz161116) https://web.ifzq.gtimg.cn/appstock/app/fqkline/get?param=sz161116,day,,,15,qfq: HTTP Error 501: Not Implemented
    [价格] 腾讯K线无数据，改用新浪K线兜底(sz161116)
    [价格] 腾讯K线失败(sz161831) https://web.ifzq.gtimg.cn/appstock/app/fqkline/get?param=sz161831,day,,,15,qfq: HTTP Error 501: Not Implemented
    [价格] 腾讯K线无数据，改用新浪K线兜底(sz161831)
    [价格] 腾讯K线失败(sz161124) https://web.ifzq.gtimg.cn/appstock/app/fqkline/get?param=sz161124,day,,,15,qfq: HTTP Error 501: Not Implemented
    [价格] 腾讯K线无数据，改用新浪K线兜底(sz161124)
    [价格] 腾讯K线失败(sz167301) https://web.ifzq.gtimg.cn/appstock/app/fqkline/get?param=sz167301,day,,,15,qfq: HTTP Error 501: Not Implemented
    [价格] 腾讯K线无数据，改用新浪K线兜底(sz167301)
    [价格] 腾讯K线失败(sz161126) https://web.ifzq.gtimg.cn/appstock/app/fqkline/get?param=sz161126,day,,,15,qfq: HTTP Error 501: Not Implemented
    [价格] 腾讯K线无数据，改用新浪K线兜底(sz161126)
    [价格] 腾讯K线失败(sz164701) https://web.ifzq.gtimg.cn/appstock/app/fqkline/get?param=sz164701,day,,,15,qfq: HTTP Error 501: Not Implemented
    [价格] 腾讯K线无数据，改用新浪K线兜底(sz164701)
    [价格] 腾讯K线失败(sz160639) https://web.ifzq.gtimg.cn/appstock/app/fqkline/get?param=sz160639,day,,,15,qfq: HTTP Error 501: Not Implemented
    [价格] 腾讯K线无数据，改用新浪K线兜底(sz160639)
    [价格] 腾讯K线失败(sz160216) https://web.ifzq.gtimg.cn/appstock/app/fqkline/get?param=sz160216,day,,,15,qfq: HTTP Error 501: Not Implemented
    [价格] 腾讯K线无数据，改用新浪K线兜底(sz160216)
    [价格] 腾讯K线失败(sz164812) https://web.ifzq.gtimg.cn/appstock/app/fqkline/get?param=sz164812,day,,,15,qfq: HTTP Error 501: Not Implemented
    [价格] 腾讯K线无数据，改用新浪K线兜底(sz164812)
    [价格] 腾讯K线失败(sz160216) https://web.ifzq.gtimg.cn/appstock/app/fqkline/get?param=sz160216,day,,,15,qfq: HTTP Error 501: Not Implemented
    [价格] 腾讯K线无数据，改用新浪K线兜底(sz160216)
    [价格] 腾讯K线失败(sz164812) https://web.ifzq.gtimg.cn/appstock/app/fqkline/get?param=sz164812,day,,,15,qfq: HTTP Error 501: Not Implemented
    [价格] 腾讯K线无数据，改用新浪K线兜底(sz164812)
    [价格] 腾讯K线失败(sz164812) https://web.ifzq.gtimg.cn/appstock/app/fqkline/get?param=sz164812,day,,,15,qfq: HTTP Error 501: Not Implemented
    [价格] 腾讯K线无数据，改用新浪K线兜底(sz164812)
    [价格] 腾讯K线失败(sz160143) https://web.ifzq.gtimg.cn/appstock/app/fqkline/get?param=sz160143,day,,,15,qfq: HTTP Error 501: Not Implemented
    [价格] 腾讯K线无数据，改用新浪K线兜底(sz160143)
    [价格] 腾讯K线失败(sz160216) https://web.ifzq.gtimg.cn/appstock/app/fqkline/get?param=sz160216,day,,,15,qfq: HTTP Error 501: Not Implemented
    [价格] 腾讯K线无数据，改用新浪K线兜底(sz160216)
    [价格] 腾讯K线失败(sz163208) https://web.ifzq.gtimg.cn/appstock/app/fqkline/get?param=sz163208,day,,,15,qfq: HTTP Error 501: Not Implemented
    [价格] 腾讯K线无数据，改用新浪K线兜底(sz163208)
    [价格] 腾讯K线失败(sz160143) https://web.ifzq.gtimg.cn/appstock/app/fqkline/get?param=sz160143,day,,,15,qfq: HTTP Error 501: Not Implemented
    [价格] 腾讯K线无数据，改用新浪K线兜底(sz160143)
    [价格] 腾讯K线失败(sz160143) https://web.ifzq.gtimg.cn/appstock/app/fqkline/get?param=sz160143,day,,,15,qfq: HTTP Error 501: Not Implemented
    [价格] 腾讯K线无数据，改用新浪K线兜底(sz160143)
    [价格] 腾讯K线失败(sz164701) https://web.ifzq.gtimg.cn/appstock/app/fqkline/get?param=sz164701,day,,,15,qfq: HTTP Error 501: Not Implemented
    [价格] 腾讯K线无数据，改用新浪K线兜底(sz164701)
    [价格] 腾讯K线失败(sz160639) https://web.ifzq.gtimg.cn/appstock/app/fqkline/get?param=sz160639,day,,,15,qfq: HTTP Error 501: Not Implemented
    [价格] 腾讯K线无数据，改用新浪K线兜底(sz160639)
    [价格] 腾讯K线失败(sz160216) https://web.ifzq.gtimg.cn/appstock/app/fqkline/get?param=sz160216,day,,,15,qfq: HTTP Error 501: Not Implemented
    [价格] 腾讯K线无数据，改用新浪K线兜底(sz160216)
    [价格] 腾讯K线失败(sz163208) https://web.ifzq.gtimg.cn/appstock/app/fqkline/get?param=sz163208,day,,,15,qfq: HTTP Error 501: Not Implemented
    [价格] 腾讯K线无数据，改用新浪K线兜底(sz163208)
    [价格] 腾讯K线失败(sz160639) https://web.ifzq.gtimg.cn/appstock/app/fqkline/get?param=sz160639,day,,,15,qfq: HTTP Error 501: Not Implemented
    [价格] 腾讯K线无数据，改用新浪K线兜底(sz160639)
    [价格] 腾讯K线失败(sz163208) https://web.ifzq.gtimg.cn/appstock/app/fqkline/get?param=sz163208,day,,,15,qfq: HTTP Error 501: Not Implemented
    [价格] 腾讯K线无数据，改用新浪K线兜底(sz163208)
    [价格] 腾讯K线失败(sz160639) https://web.ifzq.gtimg.cn/appstock/app/fqkline/get?param=sz160639,day,,,15,qfq: HTTP Error 501: Not Implemented
    [价格] 腾讯K线无数据，改用新浪K线兜底(sz160639)
    [价格] 腾讯K线失败(sz164701) https://web.ifzq.gtimg.cn/appstock/app/fqkline/get?param=sz164701,day,,,15,qfq: HTTP Error 501: Not Implemented
    [价格] 腾讯K线无数据，改用新浪K线兜底(sz164701)
    [价格] 腾讯K线失败(sz163208) https://web.ifzq.gtimg.cn/appstock/app/fqkline/get?param=sz163208,day,,,15,qfq: HTTP Error 501: Not Implemented
    [价格] 腾讯K线无数据，改用新浪K线兜底(sz163208)
    [价格] 腾讯K线失败(sz160143) https://web.ifzq.gtimg.cn/appstock/app/fqkline/get?param=sz160143,day,,,15,qfq: HTTP Error 501: Not Implemented
    [价格] 腾讯K线无数据，改用新浪K线兜底(sz160143)
    [价格] 腾讯K线失败(sz164812) https://web.ifzq.gtimg.cn/appstock/app/fqkline/get?param=sz164812,day,,,15,qfq: HTTP Error 501: Not Implemented
    [价格] 腾讯K线无数据，改用新浪K线兜底(sz164812)
    [价格] 腾讯K线失败(sz160143) https://web.ifzq.gtimg.cn/appstock/app/fqkline/get?param=sz160143,day,,,15,qfq: HTTP Error 501: Not Implemented
    [价格] 腾讯K线无数据，改用新浪K线兜底(sz160143)
    [价格] 腾讯K线失败(sz164812) https://web.ifzq.gtimg.cn/appstock/app/fqkline/get?param=sz164812,day,,,15,qfq: HTTP Error 501: Not Implemented
    [价格] 腾讯K线无数据，改用新浪K线兜底(sz164812)
    [价格] 腾讯K线失败(sz164701) https://web.ifzq.gtimg.cn/appstock/app/fqkline/get?param=sz164701,day,,,15,qfq: HTTP Error 501: Not Implemented
    [价格] 腾讯K线无数据，改用新浪K线兜底(sz164701)
    [价格] 腾讯K线失败(sz160216) https://web.ifzq.gtimg.cn/appstock/app/fqkline/get?param=sz160216,day,,,15,qfq: HTTP Error 501: Not Implemented
    [价格] 腾讯K线无数据，改用新浪K线兜底(sz160216)
    [GLD-EU] 东财小时线不可用，复合退化为纯 GLD
    [价格] 腾讯K线失败(sz161032) https://web.ifzq.gtimg.cn/appstock/app/fqkline/get?param=sz161032,day,,,15,qfq: HTTP Error 501: Not Implemented
    [价格] 腾讯K线无数据，改用新浪K线兜底(sz161032)
    [价格] 腾讯K线失败(sz161032) https://web.ifzq.gtimg.cn/appstock/app/fqkline/get?param=sz161032,day,,,15,qfq: HTTP Error 501: Not Implemented
    [价格] 腾讯K线无数据，改用新浪K线兜底(sz161032)
    [价格] 腾讯K线失败(sz164701) https://web.ifzq.gtimg.cn/appstock/app/fqkline/get?param=sz164701,day,,,15,qfq: HTTP Error 501: Not Implemented
    [价格] 腾讯K线无数据，改用新浪K线兜底(sz164701)
    [价格] 腾讯K线失败(sz161032) https://web.ifzq.gtimg.cn/appstock/app/fqkline/get?param=sz161032,day,,,15,qfq: HTTP Error 501: Not Implemented
    [价格] 腾讯K线无数据，改用新浪K线兜底(sz161032)
    [GLD-EU] 东财小时线不可用，复合退化为纯 GLD
    [价格] 腾讯K线失败(sz160922) https://web.ifzq.gtimg.cn/appstock/app/fqkline/get?param=sz160922,day,,,15,qfq: HTTP Error 501: Not Implemented
    [价格] 腾讯K线无数据，改用新浪K线兜底(sz160922)
    [GLD-EU] 东财小时线不可用，复合退化为纯 GLD
    [价格] 腾讯K线失败(sz160416) https://web.ifzq.gtimg.cn/appstock/app/fqkline/get?param=sz160416,day,,,15,qfq: HTTP Error 501: Not Implemented
    [价格] 腾讯K线无数据，改用新浪K线兜底(sz160416)
    [价格] 腾讯K线失败(sz160225) https://web.ifzq.gtimg.cn/appstock/app/fqkline/get?param=sz160225,day,,,15,qfq: HTTP Error 501: Not Implemented
    [价格] 腾讯K线无数据，改用新浪K线兜底(sz160225)
    [价格] 腾讯K线失败(sz161032) https://web.ifzq.gtimg.cn/appstock/app/fqkline/get?param=sz161032,day,,,15,qfq: HTTP Error 501: Not Implemented
    [价格] 腾讯K线无数据，改用新浪K线兜底(sz161032)
    [价格] 腾讯K线失败(sz160416) https://web.ifzq.gtimg.cn/appstock/app/fqkline/get?param=sz160416,day,,,15,qfq: HTTP Error 501: Not Implemented
    [价格] 腾讯K线无数据，改用新浪K线兜底(sz160416)
    [价格] 腾讯K线失败(sz160416) https://web.ifzq.gtimg.cn/appstock/app/fqkline/get?param=sz160416,day,,,15,qfq: HTTP Error 501: Not Implemented
    [价格] 腾讯K线无数据，改用新浪K线兜底(sz160416)
    [价格] 腾讯K线失败(sz161032) https://web.ifzq.gtimg.cn/appstock/app/fqkline/get?param=sz161032,day,,,15,qfq: HTTP Error 501: Not Implemented
    [价格] 腾讯K线无数据，改用新浪K线兜底(sz161032)
    [价格] 腾讯K线失败(sz161130) https://web.ifzq.gtimg.cn/appstock/app/fqkline/get?param=sz161130,day,,,15,qfq: HTTP Error 501: Not Implemented
    [价格] 腾讯K线无数据，改用新浪K线兜底(sz161130)
    [价格] 腾讯K线失败(sz160416) https://web.ifzq.gtimg.cn/appstock/app/fqkline/get?param=sz160416,day,,,15,qfq: HTTP Error 501: Not Implemented
    [价格] 腾讯K线无数据，改用新浪K线兜底(sz160416)
    [价格] 腾讯K线失败(sz161130) https://web.ifzq.gtimg.cn/appstock/app/fqkline/get?param=sz161130,day,,,15,qfq: HTTP Error 501: Not Implemented
    [价格] 腾讯K线无数据，改用新浪K线兜底(sz161130)
    [价格] 腾讯K线失败(sz160922) https://web.ifzq.gtimg.cn/appstock/app/fqkline/get?param=sz160922,day,,,15,qfq: HTTP Error 501: Not Implemented
    [价格] 腾讯K线无数据，改用新浪K线兜底(sz160922)
    [价格] 腾讯K线失败(sz160225) https://web.ifzq.gtimg.cn/appstock/app/fqkline/get?param=sz160225,day,,,15,qfq: HTTP Error 501: Not Implemented
    [价格] 腾讯K线无数据，改用新浪K线兜底(sz160225)
    [价格] 腾讯K线失败(sz160922) https://web.ifzq.gtimg.cn/appstock/app/fqkline/get?param=sz160922,day,,,15,qfq: HTTP Error 501: Not Implemented
    [价格] 腾讯K线无数据，改用新浪K线兜底(sz160922)
    [价格] 腾讯K线失败(sz160922) https://web.ifzq.gtimg.cn/appstock/app/fqkline/get?param=sz160922,day,,,15,qfq: HTTP Error 501: Not Implemented
    [价格] 腾讯K线无数据，改用新浪K线兜底(sz160922)
    [GLD-EU] 东财小时线不可用，复合退化为纯 GLD
    [价格] 腾讯K线失败(sz161130) https://web.ifzq.gtimg.cn/appstock/app/fqkline/get?param=sz161130,day,,,15,qfq: HTTP Error 501: Not Implemented
    [价格] 腾讯K线无数据，改用新浪K线兜底(sz161130)
    [价格] 腾讯K线失败(sz161226) https://web.ifzq.gtimg.cn/appstock/app/fqkline/get?param=sz161226,day,,,15,qfq: HTTP Error 501: Not Implemented
    [价格] 腾讯K线无数据，改用新浪K线兜底(sz161226)
    [价格] 腾讯K线失败(sz159501) https://web.ifzq.gtimg.cn/appstock/app/fqkline/get?param=sz159501,day,,,15,qfq: HTTP Error 501: Not Implemented
    [价格] 腾讯K线无数据，改用新浪K线兜底(sz159501)
    [价格] 腾讯K线失败(sh513120) https://web.ifzq.gtimg.cn/appstock/app/fqkline/get?param=sh513120,day,,,15,qfq: HTTP Error 501: Not Implemented
    [价格] 腾讯K线无数据，改用新浪K线兜底(sh513120)
    [价格] 腾讯K线失败(sz160416) https://web.ifzq.gtimg.cn/appstock/app/fqkline/get?param=sz160416,day,,,15,qfq: HTTP Error 501: Not Implemented
    [价格] 腾讯K线无数据，改用新浪K线兜底(sz160416)
    [价格] 腾讯K线失败(sh513290) https://web.ifzq.gtimg.cn/appstock/app/fqkline/get?param=sh513290,day,,,15,qfq: HTTP Error 501: Not Implemented
    [价格] 腾讯K线无数据，改用新浪K线兜底(sh513290)
    [GLD-EU] 东财小时线不可用，复合退化为纯 GLD
    [GLD-EU] 东财小时线不可用，复合退化为纯 GLD
    [价格] 腾讯K线失败(sh513310) https://web.ifzq.gtimg.cn/appstock/app/fqkline/get?param=sh513310,day,,,15,qfq: HTTP Error 501: Not Implemented
    [价格] 腾讯K线无数据，改用新浪K线兜底(sh513310)
    [价格] 腾讯K线失败(sh501018) https://web.ifzq.gtimg.cn/appstock/app/fqkline/get?param=sh501018,day,,,15,qfq: HTTP Error 501: Not Implemented
    [价格] 腾讯K线无数据，改用新浪K线兜底(sh501018)
    [价格] 腾讯K线失败(sz160225) https://web.ifzq.gtimg.cn/appstock/app/fqkline/get?param=sz160225,day,,,15,qfq: HTTP Error 501: Not Implemented
    [价格] 腾讯K线无数据，改用新浪K线兜底(sz160225)
    [价格] 腾讯K线失败(sz161130) https://web.ifzq.gtimg.cn/appstock/app/fqkline/get?param=sz161130,day,,,15,qfq: HTTP Error 501: Not Implemented
    [价格] 腾讯K线无数据，改用新浪K线兜底(sz161130)
    [价格] 腾讯K线失败(sh513520) https://web.ifzq.gtimg.cn/appstock/app/fqkline/get?param=sh513520,day,,,15,qfq: HTTP Error 501: Not Implemented
    [价格] 腾讯K线无数据，改用新浪K线兜底(sh513520)
    [价格] 腾讯K线失败(sh518850) https://web.ifzq.gtimg.cn/appstock/app/fqkline/get?param=sh518850,day,,,15,qfq: HTTP Error 501: Not Implemented
    [价格] 腾讯K线无数据，改用新浪K线兜底(sh518850)
    [价格] 腾讯K线失败(sz163208) https://web.ifzq.gtimg.cn/appstock/app/fqkline/get?param=sz163208,day,,,15,qfq: HTTP Error 501: Not Implemented
    [价格] 腾讯K线无数据，改用新浪K线兜底(sz163208)
    [GLD-EU] 东财小时线不可用，复合退化为纯 GLD
    [价格] 腾讯K线失败(sz161127) https://web.ifzq.gtimg.cn/appstock/app/fqkline/get?param=sz161127,day,,,15,qfq: HTTP Error 501: Not Implemented
    [价格] 腾讯K线无数据，改用新浪K线兜底(sz161127)
    [价格] 腾讯K线失败(sz161127) https://web.ifzq.gtimg.cn/appstock/app/fqkline/get?param=sz161127,day,,,15,qfq: HTTP Error 501: Not Implemented
    [价格] 腾讯K线无数据，改用新浪K线兜底(sz161127)
    [价格] 腾讯K线失败(sz161130) https://web.ifzq.gtimg.cn/appstock/app/fqkline/get?param=sz161130,day,,,15,qfq: HTTP Error 501: Not Implemented
    [价格] 腾讯K线无数据，改用新浪K线兜底(sz161130)
    [价格] 腾讯K线失败(sz160922) https://web.ifzq.gtimg.cn/appstock/app/fqkline/get?param=sz160922,day,,,15,qfq: HTTP Error 501: Not Implemented
    [价格] 腾讯K线无数据，改用新浪K线兜底(sz160922)
    [价格] 腾讯K线失败(sz161127) https://web.ifzq.gtimg.cn/appstock/app/fqkline/get?param=sz161127,day,,,15,qfq: HTTP Error 501: Not Implemented
    [价格] 腾讯K线无数据，改用新浪K线兜底(sz161127)
    [GLD-EU] 东财小时线不可用，复合退化为纯 GLD
    [价格] 腾讯K线失败(sz161226) https://web.ifzq.gtimg.cn/appstock/app/fqkline/get?param=sz161226,day,,,15,qfq: HTTP Error 501: Not Implemented
    [价格] 腾讯K线无数据，改用新浪K线兜底(sz161226)
    [价格] 腾讯K线失败(sz161226) https://web.ifzq.gtimg.cn/appstock/app/fqkline/get?param=sz161226,day,,,15,qfq: HTTP Error 501: Not Implemented
    [价格] 腾讯K线无数据，改用新浪K线兜底(sz161226)
    [价格] 腾讯K线失败(sz160415) https://web.ifzq.gtimg.cn/appstock/app/fqkline/get?param=sz160415,day,,,15,qfq: HTTP Error 501: Not Implemented
    [价格] 腾讯K线无数据，改用新浪K线兜底(sz160415)
    [价格] 腾讯K线失败(sz161725) https://web.ifzq.gtimg.cn/appstock/app/fqkline/get?param=sz161725,day,,,15,qfq: HTTP Error 501: Not Implemented
    [价格] 腾讯K线无数据，改用新浪K线兜底(sz161725)
    [价格] 腾讯K线失败(sh501025) https://web.ifzq.gtimg.cn/appstock/app/fqkline/get?param=sh501025,day,,,15,qfq: HTTP Error 501: Not Implemented
    [价格] 腾讯K线无数据，改用新浪K线兜底(sh501025)
    [价格] 腾讯K线失败(sz160415) https://web.ifzq.gtimg.cn/appstock/app/fqkline/get?param=sz160415,day,,,15,qfq: HTTP Error 501: Not Implemented
    [价格] 腾讯K线无数据，改用新浪K线兜底(sz160415)
    [GLD-EU] 东财小时线不可用，复合退化为纯 GLD
    [价格] 腾讯K线失败(sh501025) https://web.ifzq.gtimg.cn/appstock/app/fqkline/get?param=sh501025,day,,,15,qfq: HTTP Error 501: Not Implemented
    [价格] 腾讯K线无数据，改用新浪K线兜底(sh501025)
    [价格] 腾讯K线失败(sz161226) https://web.ifzq.gtimg.cn/appstock/app/fqkline/get?param=sz161226,day,,,15,qfq: HTTP Error 501: Not Implemented
    [价格] 腾讯K线无数据，改用新浪K线兜底(sz161226)
    [价格] 腾讯K线失败(sz161725) https://web.ifzq.gtimg.cn/appstock/app/fqkline/get?param=sz161725,day,,,15,qfq: HTTP Error 501: Not Implemented
    [价格] 腾讯K线无数据，改用新浪K线兜底(sz161725)
    [价格] 腾讯K线失败(sz161725) https://web.ifzq.gtimg.cn/appstock/app/fqkline/get?param=sz161725,day,,,15,qfq: HTTP Error 501: Not Implemented
    [价格] 腾讯K线无数据，改用新浪K线兜底(sz161725)
    [价格] 腾讯K线失败(sz160415) https://web.ifzq.gtimg.cn/appstock/app/fqkline/get?param=sz160415,day,,,15,qfq: HTTP Error 501: Not Implemented
    [价格] 腾讯K线无数据，改用新浪K线兜底(sz160415)
    [价格] 腾讯K线失败(sz161127) https://web.ifzq.gtimg.cn/appstock/app/fqkline/get?param=sz161127,day,,,15,qfq: HTTP Error 501: Not Implemented
    [价格] 腾讯K线无数据，改用新浪K线兜底(sz161127)
    [价格] 腾讯K线失败(sz160644) https://web.ifzq.gtimg.cn/appstock/app/fqkline/get?param=sz160644,day,,,15,qfq: HTTP Error 501: Not Implemented
    [价格] 腾讯K线无数据，改用新浪K线兜底(sz160644)
    [价格] 腾讯K线失败(sh501025) https://web.ifzq.gtimg.cn/appstock/app/fqkline/get?param=sh501025,day,,,15,qfq: HTTP Error 501: Not Implemented
    [价格] 腾讯K线无数据，改用新浪K线兜底(sh501025)
    [价格] 腾讯K线失败(sz161226) https://web.ifzq.gtimg.cn/appstock/app/fqkline/get?param=sz161226,day,,,15,qfq: HTTP Error 501: Not Implemented
    [价格] 腾讯K线无数据，改用新浪K线兜底(sz161226)
    [GLD-EU] 东财小时线不可用，复合退化为纯 GLD
    [价格] 腾讯K线失败(sz161127) https://web.ifzq.gtimg.cn/appstock/app/fqkline/get?param=sz161127,day,,,15,qfq: HTTP Error 501: Not Implemented
    [价格] 腾讯K线无数据，改用新浪K线兜底(sz161127)
    [价格] 腾讯K线失败(sz160644) https://web.ifzq.gtimg.cn/appstock/app/fqkline/get?param=sz160644,day,,,15,qfq: HTTP Error 501: Not Implemented
    [价格] 腾讯K线无数据，改用新浪K线兜底(sz160644)
    [价格] 腾讯K线失败(sh513130) https://web.ifzq.gtimg.cn/appstock/app/fqkline/get?param=sh513130,day,,,15,qfq: HTTP Error 501: Not Implemented
    [价格] 腾讯K线无数据，改用新浪K线兜底(sh513130)
    [价格] 腾讯K线失败(sz160644) https://web.ifzq.gtimg.cn/appstock/app/fqkline/get?param=sz160644,day,,,15,qfq: HTTP Error 501: Not Implemented
    [价格] 腾讯K线无数据，改用新浪K线兜底(sz160644)
    [价格] 腾讯K线失败(sz160415) https://web.ifzq.gtimg.cn/appstock/app/fqkline/get?param=sz160415,day,,,15,qfq: HTTP Error 501: Not Implemented
    [价格] 腾讯K线无数据，改用新浪K线兜底(sz160415)
    [GLD-EU] 东财小时线不可用，复合退化为纯 GLD
    [价格] 腾讯K线失败(sz160644) https://web.ifzq.gtimg.cn/appstock/app/fqkline/get?param=sz160644,day,,,15,qfq: HTTP Error 501: Not Implemented
    [价格] 腾讯K线无数据，改用新浪K线兜底(sz160644)
    [价格] 腾讯K线失败(sz159516) https://web.ifzq.gtimg.cn/appstock/app/fqkline/get?param=sz159516,day,,,15,qfq: HTTP Error 501: Not Implemented
    [价格] 腾讯K线无数据，改用新浪K线兜底(sz159516)
    [价格] 腾讯K线失败(sz160415) https://web.ifzq.gtimg.cn/appstock/app/fqkline/get?param=sz160415,day,,,15,qfq: HTTP Error 501: Not Implemented
    [价格] 腾讯K线无数据，改用新浪K线兜底(sz160415)
    [价格] 腾讯K线失败(sz159545) https://web.ifzq.gtimg.cn/appstock/app/fqkline/get?param=sz159545,day,,,15,qfq: HTTP Error 501: Not Implemented
    [价格] 腾讯K线无数据，改用新浪K线兜底(sz159545)
    [价格] 腾讯K线失败(sz162719) https://web.ifzq.gtimg.cn/appstock/app/fqkline/get?param=sz162719,day,,,15,qfq: HTTP Error 501: Not Implemented
    [价格] 腾讯K线无数据，改用新浪K线兜底(sz162719)
    [价格] 腾讯K线失败(sh501025) https://web.ifzq.gtimg.cn/appstock/app/fqkline/get?param=sh501025,day,,,15,qfq: HTTP Error 501: Not Implemented
    [价格] 腾讯K线无数据，改用新浪K线兜底(sh501025)
    [价格] 腾讯K线失败(sz160225) https://web.ifzq.gtimg.cn/appstock/app/fqkline/get?param=sz160225,day,,,15,qfq: HTTP Error 501: Not Implemented
    [价格] 腾讯K线无数据，改用新浪K线兜底(sz160225)
    [持仓] 160644 抓到 10 只重仓：美光科技(10.6%)、闪迪(10.5%)、建滔积层板(10.4%)、联想集团(9.3%)、建滔集团(8.9%)、美团-W(7.2%)、阿里巴巴-W(6.9%)、英伟达(5.7%)、台积电(5.0%)、超威半导体(3.5%)
    [价格] 腾讯K线失败(sz159985) https://web.ifzq.gtimg.cn/appstock/app/fqkline/get?param=sz159985,day,,,15,qfq: HTTP Error 501: Not Implemented
    [价格] 腾讯K线无数据，改用新浪K线兜底(sz159985)
    [价格] 腾讯K线失败(sz159819) https://web.ifzq.gtimg.cn/appstock/app/fqkline/get?param=sz159819,day,,,15,qfq: HTTP Error 501: Not Implemented
    [价格] 腾讯K线无数据，改用新浪K线兜底(sz159819)
    [价格] 腾讯K线失败(sh511130) https://web.ifzq.gtimg.cn/appstock/app/fqkline/get?param=sh511130,day,,,15,qfq: HTTP Error 501: Not Implemented
    [价格] 腾讯K线无数据，改用新浪K线兜底(sh511130)
    [持仓] 160644 抓到 10 只重仓：美光科技(10.6%)、闪迪(10.5%)、建滔积层板(10.4%)、联想集团(9.3%)、建滔集团(8.9%)、美团-W(7.2%)、阿里巴巴-W(6.9%)、英伟达(5.7%)、台积电(5.0%)、超威半导体(3.5%)
    [价格] 腾讯K线失败(sz161040) https://web.ifzq.gtimg.cn/appstock/app/fqkline/get?param=sz161040,day,,,15,qfq: HTTP Error 501: Not Implemented
    [价格] 腾讯K线无数据，改用新浪K线兜底(sz161040)
    [价格] 腾讯K线失败(sz160644) https://web.ifzq.gtimg.cn/appstock/app/fqkline/get?param=sz160644,day,,,15,qfq: HTTP Error 501: Not Implemented
    [价格] 腾讯K线无数据，改用新浪K线兜底(sz160644)
    [价格] 腾讯K线失败(sh501025) https://web.ifzq.gtimg.cn/appstock/app/fqkline/get?param=sh501025,day,,,15,qfq: HTTP Error 501: Not Implemented
    [价格] 腾讯K线无数据，改用新浪K线兜底(sh501025)
    [价格] 腾讯K线失败(sh501012) https://web.ifzq.gtimg.cn/appstock/app/fqkline/get?param=sh501012,day,,,15,qfq: HTTP Error 501: Not Implemented
    [价格] 腾讯K线无数据，改用新浪K线兜底(sh501012)
    [价格] 腾讯K线失败(sz160225) https://web.ifzq.gtimg.cn/appstock/app/fqkline/get?param=sz160225,day,,,15,qfq: HTTP Error 501: Not Implemented
    [价格] 腾讯K线无数据，改用新浪K线兜底(sz160225)
    [持仓] 160644 抓到 10 只重仓：美光科技(10.6%)、闪迪(10.5%)、建滔积层板(10.4%)、联想集团(9.3%)、建滔集团(8.9%)、美团-W(7.2%)、阿里巴巴-W(6.9%)、英伟达(5.7%)、台积电(5.0%)、超威半导体(3.5%)
    [价格] 腾讯K线失败(sz162719) https://web.ifzq.gtimg.cn/appstock/app/fqkline/get?param=sz162719,day,,,15,qfq: HTTP Error 501: Not Implemented
    [价格] 腾讯K线无数据，改用新浪K线兜底(sz162719)
    [价格] 腾讯K线失败(sz162719) https://web.ifzq.gtimg.cn/appstock/app/fqkline/get?param=sz162719,day,,,15,qfq: HTTP Error 501: Not Implemented
    [价格] 腾讯K线无数据，改用新浪K线兜底(sz162719)
    [价格] 腾讯K线失败(sh501012) https://web.ifzq.gtimg.cn/appstock/app/fqkline/get?param=sh501012,day,,,15,qfq: HTTP Error 501: Not Implemented
    [价格] 腾讯K线无数据，改用新浪K线兜底(sh501012)
    [价格] 腾讯K线失败(sz162719) https://web.ifzq.gtimg.cn/appstock/app/fqkline/get?param=sz162719,day,,,15,qfq: HTTP Error 501: Not Implemented
    [价格] 腾讯K线无数据，改用新浪K线兜底(sz162719)
    [价格] 腾讯K线失败(sz162719) https://web.ifzq.gtimg.cn/appstock/app/fqkline/get?param=sz162719,day,,,15,qfq: HTTP Error 501: Not Implemented
    [价格] 腾讯K线无数据，改用新浪K线兜底(sz162719)
    [价格] 腾讯K线失败(sh501012) https://web.ifzq.gtimg.cn/appstock/app/fqkline/get?param=sh501012,day,,,15,qfq: HTTP Error 501: Not Implemented
    [价格] 腾讯K线无数据，改用新浪K线兜底(sh501012)
    [价格] 腾讯K线失败(sz161040) https://web.ifzq.gtimg.cn/appstock/app/fqkline/get?param=sz161040,day,,,15,qfq: HTTP Error 501: Not Implemented
    [价格] 腾讯K线无数据，改用新浪K线兜底(sz161040)
    [价格] 腾讯K线失败(sh515880) https://web.ifzq.gtimg.cn/appstock/app/fqkline/get?param=sh515880,day,,,15,qfq: HTTP Error 501: Not Implemented
    [价格] 腾讯K线无数据，改用新浪K线兜底(sh515880)
    [持仓] 160644 抓到 10 只重仓：美光科技(10.6%)、闪迪(10.5%)、建滔积层板(10.4%)、联想集团(9.3%)、建滔集团(8.9%)、美团-W(7.2%)、阿里巴巴-W(6.9%)、英伟达(5.7%)、台积电(5.0%)、超威半导体(3.5%)
    [价格] 腾讯K线失败(sz160644) https://web.ifzq.gtimg.cn/appstock/app/fqkline/get?param=sz160644,day,,,15,qfq: HTTP Error 501: Not Implemented
    [价格] 腾讯K线无数据，改用新浪K线兜底(sz160644)
    [价格] 腾讯K线失败(sz161125) https://web.ifzq.gtimg.cn/appstock/app/fqkline/get?param=sz161125,day,,,15,qfq: HTTP Error 501: Not Implemented
    [价格] 腾讯K线无数据，改用新浪K线兜底(sz161125)
    [价格] 腾讯K线失败(sz161125) https://web.ifzq.gtimg.cn/appstock/app/fqkline/get?param=sz161125,day,,,15,qfq: HTTP Error 501: Not Implemented
    [价格] 腾讯K线无数据，改用新浪K线兜底(sz161125)
    [价格] 腾讯K线失败(sz161812) https://web.ifzq.gtimg.cn/appstock/app/fqkline/get?param=sz161812,day,,,15,qfq: HTTP Error 501: Not Implemented
    [价格] 腾讯K线无数据，改用新浪K线兜底(sz161812)
    [价格] 腾讯K线失败(sz161812) https://web.ifzq.gtimg.cn/appstock/app/fqkline/get?param=sz161812,day,,,15,qfq: HTTP Error 501: Not Implemented
    [价格] 腾讯K线无数据，改用新浪K线兜底(sz161812)
    [GLD-EU] 东财小时线不可用，复合退化为纯 GLD
    [价格] 腾讯K线失败(sz161040) https://web.ifzq.gtimg.cn/appstock/app/fqkline/get?param=sz161040,day,,,15,qfq: HTTP Error 501: Not Implemented
    [价格] 腾讯K线无数据，改用新浪K线兜底(sz161040)
    [价格] 腾讯K线失败(sz161725) https://web.ifzq.gtimg.cn/appstock/app/fqkline/get?param=sz161725,day,,,15,qfq: HTTP Error 501: Not Implemented
    [价格] 腾讯K线无数据，改用新浪K线兜底(sz161725)
    [价格] 腾讯K线失败(sz161226) https://web.ifzq.gtimg.cn/appstock/app/fqkline/get?param=sz161226,day,,,15,qfq: HTTP Error 501: Not Implemented
    [价格] 腾讯K线无数据，改用新浪K线兜底(sz161226)
    [价格] 腾讯K线失败(sz161812) https://web.ifzq.gtimg.cn/appstock/app/fqkline/get?param=sz161812,day,,,15,qfq: HTTP Error 501: Not Implemented
    [价格] 腾讯K线无数据，改用新浪K线兜底(sz161812)
    [价格] 腾讯K线失败(sh501012) https://web.ifzq.gtimg.cn/appstock/app/fqkline/get?param=sh501012,day,,,15,qfq: HTTP Error 501: Not Implemented
    [价格] 腾讯K线无数据，改用新浪K线兜底(sh501012)
    [价格] 腾讯K线失败(sz161125) https://web.ifzq.gtimg.cn/appstock/app/fqkline/get?param=sz161125,day,,,15,qfq: HTTP Error 501: Not Implemented
    [价格] 腾讯K线无数据，改用新浪K线兜底(sz161125)
    [价格] 腾讯K线失败(sh501012) https://web.ifzq.gtimg.cn/appstock/app/fqkline/get?param=sh501012,day,,,15,qfq: HTTP Error 501: Not Implemented
    [价格] 腾讯K线无数据，改用新浪K线兜底(sh501012)
    [价格] 腾讯K线失败(sz161812) https://web.ifzq.gtimg.cn/appstock/app/fqkline/get?param=sz161812,day,,,15,qfq: HTTP Error 501: Not Implemented
    [价格] 腾讯K线无数据，改用新浪K线兜底(sz161812)
    [价格] 腾讯K线失败(sz161040) https://web.ifzq.gtimg.cn/appstock/app/fqkline/get?param=sz161040,day,,,15,qfq: HTTP Error 501: Not Implemented
    [价格] 腾讯K线无数据，改用新浪K线兜底(sz161040)
    [价格] 腾讯K线失败(sz164906) https://web.ifzq.gtimg.cn/appstock/app/fqkline/get?param=sz164906,day,,,15,qfq: HTTP Error 501: Not Implemented
    [价格] 腾讯K线无数据，改用新浪K线兜底(sz164906)
    [价格] 腾讯K线失败(sz161128) https://web.ifzq.gtimg.cn/appstock/app/fqkline/get?param=sz161128,day,,,15,qfq: HTTP Error 501: Not Implemented
    [价格] 腾讯K线无数据，改用新浪K线兜底(sz161128)
    [价格] 腾讯K线失败(sz160719) https://web.ifzq.gtimg.cn/appstock/app/fqkline/get?param=sz160719,day,,,15,qfq: HTTP Error 501: Not Implemented
    [价格] 腾讯K线无数据，改用新浪K线兜底(sz160719)
    [价格] 腾讯K线失败(sh501300) https://web.ifzq.gtimg.cn/appstock/app/fqkline/get?param=sh501300,day,,,15,qfq: HTTP Error 501: Not Implemented
    [价格] 腾讯K线无数据，改用新浪K线兜底(sh501300)
    [价格] 腾讯K线失败(sz160717) https://web.ifzq.gtimg.cn/appstock/app/fqkline/get?param=sz160717,day,,,15,qfq: HTTP Error 501: Not Implemented
    [价格] 腾讯K线无数据，改用新浪K线兜底(sz160717)
    [价格] 腾讯K线失败(sh501312) https://web.ifzq.gtimg.cn/appstock/app/fqkline/get?param=sh501312,day,,,15,qfq: HTTP Error 501: Not Implemented
    [价格] 腾讯K线无数据，改用新浪K线兜底(sh501312)
    [价格] 腾讯K线失败(sz161040) https://web.ifzq.gtimg.cn/appstock/app/fqkline/get?param=sz161040,day,,,15,qfq: HTTP Error 501: Not Implemented
    [价格] 腾讯K线无数据，改用新浪K线兜底(sz161040)
    [价格] 腾讯K线失败(sz160140) https://web.ifzq.gtimg.cn/appstock/app/fqkline/get?param=sz160140,day,,,15,qfq: HTTP Error 501: Not Implemented
    [价格] 腾讯K线无数据，改用新浪K线兜底(sz160140)
    [价格] 腾讯K线失败(sz161125) https://web.ifzq.gtimg.cn/appstock/app/fqkline/get?param=sz161125,day,,,15,qfq: HTTP Error 501: Not Implemented
    [价格] 腾讯K线无数据，改用新浪K线兜底(sz161125)
    [价格] 腾讯K线失败(sz160639) https://web.ifzq.gtimg.cn/appstock/app/fqkline/get?param=sz160639,day,,,15,qfq: HTTP Error 501: Not Implemented
    [价格] 腾讯K线无数据，改用新浪K线兜底(sz160639)
    [价格] 腾讯K线失败(sz159201) https://web.ifzq.gtimg.cn/appstock/app/fqkline/get?param=sz159201,day,,,15,qfq: HTTP Error 501: Not Implemented
    [价格] 腾讯K线无数据，改用新浪K线兜底(sz159201)
    [价格] 腾讯K线失败(sz161125) https://web.ifzq.gtimg.cn/appstock/app/fqkline/get?param=sz161125,day,,,15,qfq: HTTP Error 501: Not Implemented
    [价格] 腾讯K线无数据，改用新浪K线兜底(sz161125)
    [价格] 腾讯K线失败(sh501018) https://web.ifzq.gtimg.cn/appstock/app/fqkline/get?param=sh501018,day,,,15,qfq: HTTP Error 501: Not Implemented
    [价格] 腾讯K线无数据，改用新浪K线兜底(sh501018)
    [价格] 腾讯K线失败(sh501018) https://web.ifzq.gtimg.cn/appstock/app/fqkline/get?param=sh501018,day,,,15,qfq: HTTP Error 501: Not Implemented
    [价格] 腾讯K线无数据，改用新浪K线兜底(sh501018)
    [价格] 腾讯K线失败(sz161128) https://web.ifzq.gtimg.cn/appstock/app/fqkline/get?param=sz161128,day,,,15,qfq: HTTP Error 501: Not Implemented
    [价格] 腾讯K线无数据，改用新浪K线兜底(sz161128)
    [价格] 腾讯K线失败(sz164824) https://web.ifzq.gtimg.cn/appstock/app/fqkline/get?param=sz164824,day,,,15,qfq: HTTP Error 501: Not Implemented
    [价格] 腾讯K线无数据，改用新浪K线兜底(sz164824)
    [价格] 腾讯K线失败(sz161128) https://web.ifzq.gtimg.cn/appstock/app/fqkline/get?param=sz161128,day,,,15,qfq: HTTP Error 501: Not Implemented
    [价格] 腾讯K线无数据，改用新浪K线兜底(sz161128)
    [价格] 腾讯K线失败(sz161725) https://web.ifzq.gtimg.cn/appstock/app/fqkline/get?param=sz161725,day,,,15,qfq: HTTP Error 501: Not Implemented
    [价格] 腾讯K线无数据，改用新浪K线兜底(sz161725)
    [价格] 腾讯K线失败(sz159509) https://web.ifzq.gtimg.cn/appstock/app/fqkline/get?param=sz159509,day,,,15,qfq: HTTP Error 501: Not Implemented
    [价格] 腾讯K线无数据，改用新浪K线兜底(sz159509)
    [价格] 腾讯K线失败(sh588200) https://web.ifzq.gtimg.cn/appstock/app/fqkline/get?param=sh588200,day,,,15,qfq: HTTP Error 501: Not Implemented
    [价格] 腾讯K线无数据，改用新浪K线兜底(sh588200)
    [价格] 腾讯K线失败(sz161128) https://web.ifzq.gtimg.cn/appstock/app/fqkline/get?param=sz161128,day,,,15,qfq: HTTP Error 501: Not Implemented
    [价格] 腾讯K线无数据，改用新浪K线兜底(sz161128)
    [价格] 腾讯K线失败(sh511380) https://web.ifzq.gtimg.cn/appstock/app/fqkline/get?param=sh511380,day,,,15,qfq: HTTP Error 501: Not Implemented
    [价格] 腾讯K线无数据，改用新浪K线兜底(sh511380)
    [价格] 腾讯K线失败(sz161812) https://web.ifzq.gtimg.cn/appstock/app/fqkline/get?param=sz161812,day,,,15,qfq: HTTP Error 501: Not Implemented
    [价格] 腾讯K线无数据，改用新浪K线兜底(sz161812)
    [价格] 腾讯K线失败(sh501018) https://web.ifzq.gtimg.cn/appstock/app/fqkline/get?param=sh501018,day,,,15,qfq: HTTP Error 501: Not Implemented
    [价格] 腾讯K线无数据，改用新浪K线兜底(sh501018)
    [价格] 腾讯K线失败(sz161128) https://web.ifzq.gtimg.cn/appstock/app/fqkline/get?param=sz161128,day,,,15,qfq: HTTP Error 501: Not Implemented
    [价格] 腾讯K线无数据，改用新浪K线兜底(sz161128)
    [GLD-EU] 东财小时线不可用，复合退化为纯 GLD
    [价格] 腾讯K线失败(sz161128) https://web.ifzq.gtimg.cn/appstock/app/fqkline/get?param=sz161128,day,,,15,qfq: HTTP Error 501: Not Implemented
    [价格] 腾讯K线无数据，改用新浪K线兜底(sz161128)
    [价格] 腾讯K线失败(sh501018) https://web.ifzq.gtimg.cn/appstock/app/fqkline/get?param=sh501018,day,,,15,qfq: HTTP Error 501: Not Implemented
    [价格] 腾讯K线无数据，改用新浪K线兜底(sh501018)
    [价格] 腾讯K线失败(sz160723) https://web.ifzq.gtimg.cn/appstock/app/fqkline/get?param=sz160723,day,,,15,qfq: HTTP Error 501: Not Implemented
    [价格] 腾讯K线无数据，改用新浪K线兜底(sz160723)
    [价格] 腾讯K线失败(sz160723) https://web.ifzq.gtimg.cn/appstock/app/fqkline/get?param=sz160723,day,,,15,qfq: HTTP Error 501: Not Implemented
    [价格] 腾讯K线无数据，改用新浪K线兜底(sz160723)
    [价格] 腾讯K线失败(sz164705) https://web.ifzq.gtimg.cn/appstock/app/fqkline/get?param=sz164705,day,,,15,qfq: HTTP Error 501: Not Implemented
    [价格] 腾讯K线无数据，改用新浪K线兜底(sz164705)
    [价格] 腾讯K线失败(sz160723) https://web.ifzq.gtimg.cn/appstock/app/fqkline/get?param=sz160723,day,,,15,qfq: HTTP Error 501: Not Implemented
    [价格] 腾讯K线无数据，改用新浪K线兜底(sz160723)
    [价格] 腾讯K线失败(sh562800) https://web.ifzq.gtimg.cn/appstock/app/fqkline/get?param=sh562800,day,,,15,qfq: HTTP Error 501: Not Implemented
    [价格] 腾讯K线无数据，改用新浪K线兜底(sh562800)
    [价格] 腾讯K线失败(sh501018) https://web.ifzq.gtimg.cn/appstock/app/fqkline/get?param=sh501018,day,,,15,qfq: HTTP Error 501: Not Implemented
    [价格] 腾讯K线无数据，改用新浪K线兜底(sh501018)
    [价格] 腾讯K线失败(sz159552) https://web.ifzq.gtimg.cn/appstock/app/fqkline/get?param=sz159552,day,,,15,qfq: HTTP Error 501: Not Implemented
    [价格] 腾讯K线无数据，改用新浪K线兜底(sz159552)
    [价格] 腾讯K线失败(sz160924) https://web.ifzq.gtimg.cn/appstock/app/fqkline/get?param=sz160924,day,,,15,qfq: HTTP Error 501: Not Implemented
    [价格] 腾讯K线无数据，改用新浪K线兜底(sz160924)
    [价格] 腾讯K线失败(sz161116) https://web.ifzq.gtimg.cn/appstock/app/fqkline/get?param=sz161116,day,,,15,qfq: HTTP Error 501: Not Implemented
    [价格] 腾讯K线无数据，改用新浪K线兜底(sz161116)
    [价格] 腾讯K线失败(sz161129) https://web.ifzq.gtimg.cn/appstock/app/fqkline/get?param=sz161129,day,,,15,qfq: HTTP Error 501: Not Implemented
    [价格] 腾讯K线无数据，改用新浪K线兜底(sz161129)
    [GLD-EU] 东财小时线不可用，复合退化为纯 GLD
    [价格] 腾讯K线失败(sz161129) https://web.ifzq.gtimg.cn/appstock/app/fqkline/get?param=sz161129,day,,,15,qfq: HTTP Error 501: Not Implemented
    [价格] 腾讯K线无数据，改用新浪K线兜底(sz161129)
    [持仓] hk01888 行情获取失败：HTTP Error 501: Not Implemented
    [价格] 腾讯K线失败(sh501225) https://web.ifzq.gtimg.cn/appstock/app/fqkline/get?param=sh501225,day,,,15,qfq: HTTP Error 501: Not Implemented
    [价格] 腾讯K线无数据，改用新浪K线兜底(sh501225)
    [价格] 腾讯K线失败(sh501225) https://web.ifzq.gtimg.cn/appstock/app/fqkline/get?param=sh501225,day,,,15,qfq: HTTP Error 501: Not Implemented
    [价格] 腾讯K线无数据，改用新浪K线兜底(sh501225)
    [价格] 腾讯K线失败(sz161831) https://web.ifzq.gtimg.cn/appstock/app/fqkline/get?param=sz161831,day,,,15,qfq: HTTP Error 501: Not Implemented
    [价格] 腾讯K线无数据，改用新浪K线兜底(sz161831)
    [价格] 腾讯K线失败(sh501225) https://web.ifzq.gtimg.cn/appstock/app/fqkline/get?param=sh501225,day,,,15,qfq: HTTP Error 501: Not Implemented
    [价格] 腾讯K线无数据，改用新浪K线兜底(sh501225)
    [持仓] hk01888 行情获取失败：HTTP Error 501: Not Implemented
    [价格] 腾讯K线失败(sz161129) https://web.ifzq.gtimg.cn/appstock/app/fqkline/get?param=sz161129,day,,,15,qfq: HTTP Error 501: Not Implemented
    [价格] 腾讯K线无数据，改用新浪K线兜底(sz161129)
    [价格] 腾讯K线失败(sz161129) https://web.ifzq.gtimg.cn/appstock/app/fqkline/get?param=sz161129,day,,,15,qfq: HTTP Error 501: Not Implemented
    [价格] 腾讯K线无数据，改用新浪K线兜底(sz161129)
    [价格] 腾讯K线失败(sz161126) https://web.ifzq.gtimg.cn/appstock/app/fqkline/get?param=sz161126,day,,,15,qfq: HTTP Error 501: Not Implemented
    [价格] 腾讯K线无数据，改用新浪K线兜底(sz161126)
    [价格] 腾讯K线失败(sz160632) https://web.ifzq.gtimg.cn/appstock/app/fqkline/get?param=sz160632,day,,,15,qfq: HTTP Error 501: Not Implemented
    [价格] 腾讯K线无数据，改用新浪K线兜底(sz160632)
    [价格] 腾讯K线失败(sz161129) https://web.ifzq.gtimg.cn/appstock/app/fqkline/get?param=sz161129,day,,,15,qfq: HTTP Error 501: Not Implemented
    [价格] 腾讯K线无数据，改用新浪K线兜底(sz161129)
    [价格] 腾讯K线失败(sz167301) https://web.ifzq.gtimg.cn/appstock/app/fqkline/get?param=sz167301,day,,,15,qfq: HTTP Error 501: Not Implemented
    [价格] 腾讯K线无数据，改用新浪K线兜底(sz167301)
    [持仓] hk01888 行情获取失败：HTTP Error 501: Not Implemented
    [价格] 腾讯K线失败(sz164701) https://web.ifzq.gtimg.cn/appstock/app/fqkline/get?param=sz164701,day,,,15,qfq: HTTP Error 501: Not Implemented
    [价格] 腾讯K线无数据，改用新浪K线兜底(sz164701)
    [价格] 腾讯K线失败(sh501225) https://web.ifzq.gtimg.cn/appstock/app/fqkline/get?param=sh501225,day,,,15,qfq: HTTP Error 501: Not Implemented
    [价格] 腾讯K线无数据，改用新浪K线兜底(sh501225)
    [价格] 腾讯K线失败(sz160723) https://web.ifzq.gtimg.cn/appstock/app/fqkline/get?param=sz160723,day,,,15,qfq: HTTP Error 501: Not Implemented
    [价格] 腾讯K线无数据，改用新浪K线兜底(sz160723)
    [持仓] hk01888 行情获取失败：HTTP Error 501: Not Implemented
    [价格] 腾讯K线失败(sz160723) https://web.ifzq.gtimg.cn/appstock/app/fqkline/get?param=sz160723,day,,,15,qfq: HTTP Error 501: Not Implemented
    [价格] 腾讯K线无数据，改用新浪K线兜底(sz160723)
    [价格] 腾讯K线失败(sh501225) https://web.ifzq.gtimg.cn/appstock/app/fqkline/get?param=sh501225,day,,,15,qfq: HTTP Error 501: Not Implemented
    [价格] 腾讯K线无数据，改用新浪K线兜底(sh501225)
    [价格] 腾讯K线失败(sz160639) https://web.ifzq.gtimg.cn/appstock/app/fqkline/get?param=sz160639,day,,,15,qfq: HTTP Error 501: Not Implemented
    [价格] 腾讯K线无数据，改用新浪K线兜底(sz160639)
    [价格] 腾讯K线失败(sh515030) https://web.ifzq.gtimg.cn/appstock/app/fqkline/get?param=sh515030,day,,,15,qfq: HTTP Error 501: Not Implemented
    [价格] 腾讯K线无数据，改用新浪K线兜底(sh515030)
    [价格] 腾讯K线失败(sz163208) https://web.ifzq.gtimg.cn/appstock/app/fqkline/get?param=sz163208,day,,,15,qfq: HTTP Error 501: Not Implemented
    [价格] 腾讯K线无数据，改用新浪K线兜底(sz163208)
    [价格] 腾讯K线失败(sz160216) https://web.ifzq.gtimg.cn/appstock/app/fqkline/get?param=sz160216,day,,,15,qfq: HTTP Error 501: Not Implemented
    [价格] 腾讯K线无数据，改用新浪K线兜底(sz160216)
    [持仓] hk00992 行情获取失败：HTTP Error 501: Not Implemented
    [价格] 腾讯K线失败(sz159326) https://web.ifzq.gtimg.cn/appstock/app/fqkline/get?param=sz159326,day,,,15,qfq: HTTP Error 501: Not Implemented
    [价格] 腾讯K线无数据，改用新浪K线兜底(sz159326)
    [持仓] hk00992 行情获取失败：HTTP Error 501: Not Implemented
    [价格] 腾讯K线失败(sz161124) https://web.ifzq.gtimg.cn/appstock/app/fqkline/get?param=sz161124,day,,,15,qfq: HTTP Error 501: Not Implemented
    [价格] 腾讯K线无数据，改用新浪K线兜底(sz161124)
    [价格] 腾讯K线失败(sz164812) https://web.ifzq.gtimg.cn/appstock/app/fqkline/get?param=sz164812,day,,,15,qfq: HTTP Error 501: Not Implemented
    [价格] 腾讯K线无数据，改用新浪K线兜底(sz164812)
    [价格] 腾讯K线失败(sh520870) https://web.ifzq.gtimg.cn/appstock/app/fqkline/get?param=sh520870,day,,,15,qfq: HTTP Error 501: Not Implemented
    [价格] 腾讯K线无数据，改用新浪K线兜底(sh520870)
    [价格] 腾讯K线失败(sh561550) https://web.ifzq.gtimg.cn/appstock/app/fqkline/get?param=sh561550,day,,,15,qfq: HTTP Error 501: Not Implemented
    [价格] 腾讯K线无数据，改用新浪K线兜底(sh561550)
    [价格] 腾讯K线失败(sz160143) https://web.ifzq.gtimg.cn/appstock/app/fqkline/get?param=sz160143,day,,,15,qfq: HTTP Error 501: Not Implemented
    [价格] 腾讯K线无数据，改用新浪K线兜底(sz160143)
    [持仓] hk01888 行情获取失败：HTTP Error 501: Not Implemented
    [持仓] hk01888 行情获取失败：HTTP Error 501: Not Implemented
    [价格] 腾讯K线失败(sz161032) https://web.ifzq.gtimg.cn/appstock/app/fqkline/get?param=sz161032,day,,,15,qfq: HTTP Error 501: Not Implemented
    [价格] 腾讯K线无数据，改用新浪K线兜底(sz161032)
    [持仓] hk00992 行情获取失败：HTTP Error 501: Not Implemented
    [价格] 腾讯K线失败(sz159530) https://web.ifzq.gtimg.cn/appstock/app/fqkline/get?param=sz159530,day,,,15,qfq: HTTP Error 501: Not Implemented
    [价格] 腾讯K线无数据，改用新浪K线兜底(sz159530)
    [价格] 腾讯K线失败(sh513750) https://web.ifzq.gtimg.cn/appstock/app/fqkline/get?param=sh513750,day,,,15,qfq: HTTP Error 501: Not Implemented
    [价格] 腾讯K线无数据，改用新浪K线兜底(sh513750)
    [价格] 腾讯K线失败(sz159218) https://web.ifzq.gtimg.cn/appstock/app/fqkline/get?param=sz159218,day,,,15,qfq: HTTP Error 501: Not Implemented
    [价格] 腾讯K线无数据，改用新浪K线兜底(sz159218)
    [持仓] hk00992 行情获取失败：HTTP Error 501: Not Implemented
    [价格] 腾讯K线失败(sz160225) https://web.ifzq.gtimg.cn/appstock/app/fqkline/get?param=sz160225,day,,,15,qfq: HTTP Error 501: Not Implemented
    [价格] 腾讯K线无数据，改用新浪K线兜底(sz160225)
    [价格] 腾讯K线失败(sz160922) https://web.ifzq.gtimg.cn/appstock/app/fqkline/get?param=sz160922,day,,,15,qfq: HTTP Error 501: Not Implemented
    [价格] 腾讯K线无数据，改用新浪K线兜底(sz160922)
    [持仓] hk00148 行情获取失败：HTTP Error 501: Not Implemented
    [价格] 腾讯K线失败(sz161127) https://web.ifzq.gtimg.cn/appstock/app/fqkline/get?param=sz161127,day,,,15,qfq: HTTP Error 501: Not Implemented
    [价格] 腾讯K线无数据，改用新浪K线兜底(sz161127)
    [持仓] hk00992 行情获取失败：HTTP Error 501: Not Implemented
    [价格] 腾讯K线失败(sz161226) https://web.ifzq.gtimg.cn/appstock/app/fqkline/get?param=sz161226,day,,,15,qfq: HTTP Error 501: Not Implemented
    [价格] 腾讯K线无数据，改用新浪K线兜底(sz161226)
    [持仓] hk00148 行情获取失败：HTTP Error 501: Not Implemented
    [价格] 腾讯K线失败(sz161130) https://web.ifzq.gtimg.cn/appstock/app/fqkline/get?param=sz161130,day,,,15,qfq: HTTP Error 501: Not Implemented
    [价格] 腾讯K线无数据，改用新浪K线兜底(sz161130)
    [持仓] hk00992 行情获取失败：HTTP Error 501: Not Implemented
    [价格] 腾讯K线失败(sz161725) https://web.ifzq.gtimg.cn/appstock/app/fqkline/get?param=sz161725,day,,,15,qfq: HTTP Error 501: Not Implemented
    [价格] 腾讯K线无数据，改用新浪K线兜底(sz161725)
    [价格] 腾讯K线失败(sz160416) https://web.ifzq.gtimg.cn/appstock/app/fqkline/get?param=sz160416,day,,,15,qfq: HTTP Error 501: Not Implemented
    [价格] 腾讯K线无数据，改用新浪K线兜底(sz160416)
    [持仓] hk00148 行情获取失败：HTTP Error 501: Not Implemented
    [价格] 腾讯K线失败(sz161130) https://web.ifzq.gtimg.cn/appstock/app/fqkline/get?param=sz161130,day,,,15,qfq: HTTP Error 501: Not Implemented
    [价格] 腾讯K线无数据，改用新浪K线兜底(sz161130)
    [价格] 腾讯K线失败(sh501312) https://web.ifzq.gtimg.cn/appstock/app/fqkline/get?param=sh501312,day,,,15,qfq: HTTP Error 501: Not Implemented
    [价格] 腾讯K线无数据，改用新浪K线兜底(sh501312)
    [价格] 腾讯K线失败(sz161129) https://web.ifzq.gtimg.cn/appstock/app/fqkline/get?param=sz161129,day,,,15,qfq: HTTP Error 501: Not Implemented
    [价格] 腾讯K线无数据，改用新浪K线兜底(sz161129)
    [价格] 腾讯K线失败(sz162411) https://web.ifzq.gtimg.cn/appstock/app/fqkline/get?param=sz162411,day,,,15,qfq: HTTP Error 501: Not Implemented
    [价格] 腾讯K线无数据，改用新浪K线兜底(sz162411)
    [价格] 腾讯K线失败(sz160719) https://web.ifzq.gtimg.cn/appstock/app/fqkline/get?param=sz160719,day,,,15,qfq: HTTP Error 501: Not Implemented
    [价格] 腾讯K线无数据，改用新浪K线兜底(sz160719)
    [价格] 腾讯K线失败(sh515220) https://web.ifzq.gtimg.cn/appstock/app/fqkline/get?param=sh515220,day,,,15,qfq: HTTP Error 501: Not Implemented
    [价格] 腾讯K线无数据，改用新浪K线兜底(sh515220)
    [价格] 腾讯K线失败(sz160415) https://web.ifzq.gtimg.cn/appstock/app/fqkline/get?param=sz160415,day,,,15,qfq: HTTP Error 501: Not Implemented
    [价格] 腾讯K线无数据，改用新浪K线兜底(sz160415)
    [价格] 腾讯K线失败(sh513690) https://web.ifzq.gtimg.cn/appstock/app/fqkline/get?param=sh513690,day,,,15,qfq: HTTP Error 501: Not Implemented
    [价格] 腾讯K线无数据，改用新浪K线兜底(sh513690)
    [价格] 腾讯K线失败(sz160644) https://web.ifzq.gtimg.cn/appstock/app/fqkline/get?param=sz160644,day,,,15,qfq: HTTP Error 501: Not Implemented
    [价格] 腾讯K线无数据，改用新浪K线兜底(sz160644)
    [价格] 腾讯K线失败(sh501025) https://web.ifzq.gtimg.cn/appstock/app/fqkline/get?param=sh501025,day,,,15,qfq: HTTP Error 501: Not Implemented
    [价格] 腾讯K线无数据，改用新浪K线兜底(sh501025)
    [持仓] hk00148 行情获取失败：HTTP Error 501: Not Implemented
    [持仓] hk03690 行情获取失败：HTTP Error 501: Not Implemented
    [持仓] hk00148 行情获取失败：HTTP Error 501: Not Implemented
    [持仓] hk00148 行情获取失败：HTTP Error 501: Not Implemented
    [价格] 腾讯K线失败(sz161040) https://web.ifzq.gtimg.cn/appstock/app/fqkline/get?param=sz161040,day,,,15,qfq: HTTP Error 501: Not Implemented
    [价格] 腾讯K线无数据，改用新浪K线兜底(sz161040)
    [持仓] hk03690 行情获取失败：HTTP Error 501: Not Implemented
    [价格] 腾讯K线失败(sh501012) https://web.ifzq.gtimg.cn/appstock/app/fqkline/get?param=sh501012,day,,,15,qfq: HTTP Error 501: Not Implemented
    [价格] 腾讯K线无数据，改用新浪K线兜底(sh501012)
    [价格] 腾讯K线失败(sz160216) https://web.ifzq.gtimg.cn/appstock/app/fqkline/get?param=sz160216,day,,,15,qfq: HTTP Error 501: Not Implemented
    [价格] 腾讯K线无数据，改用新浪K线兜底(sz160216)
    [持仓] hk03690 行情获取失败：HTTP Error 501: Not Implemented
    [价格] 腾讯K线失败(sz161812) https://web.ifzq.gtimg.cn/appstock/app/fqkline/get?param=sz161812,day,,,15,qfq: HTTP Error 501: Not Implemented
    [价格] 腾讯K线无数据，改用新浪K线兜底(sz161812)
    [价格] 腾讯K线失败(sz161128) https://web.ifzq.gtimg.cn/appstock/app/fqkline/get?param=sz161128,day,,,15,qfq: HTTP Error 501: Not Implemented
    [价格] 腾讯K线无数据，改用新浪K线兜底(sz161128)
    [持仓] hk01888 行情获取失败：HTTP Error 501: Not Implemented
    [价格] 腾讯K线失败(sz161125) https://web.ifzq.gtimg.cn/appstock/app/fqkline/get?param=sz161125,day,,,15,qfq: HTTP Error 501: Not Implemented
    [价格] 腾讯K线无数据，改用新浪K线兜底(sz161125)
    [价格] 腾讯K线失败(sz160723) https://web.ifzq.gtimg.cn/appstock/app/fqkline/get?param=sz160723,day,,,15,qfq: HTTP Error 501: Not Implemented
    [价格] 腾讯K线无数据，改用新浪K线兜底(sz160723)
    [价格] 腾讯K线失败(sz161125) https://web.ifzq.gtimg.cn/appstock/app/fqkline/get?param=sz161125,day,,,15,qfq: HTTP Error 501: Not Implemented
    [价格] 腾讯K线无数据，改用新浪K线兜底(sz161125)
    [价格] 腾讯K线失败(sh501025) https://web.ifzq.gtimg.cn/appstock/app/fqkline/get?param=sh501025,day,,,15,qfq: HTTP Error 501: Not Implemented
    [价格] 腾讯K线无数据，改用新浪K线兜底(sh501025)
    [价格] 腾讯K线失败(sz161124) https://web.ifzq.gtimg.cn/appstock/app/fqkline/get?param=sz161124,day,,,15,qfq: HTTP Error 501: Not Implemented
    [价格] 腾讯K线无数据，改用新浪K线兜底(sz161124)
    [价格] 腾讯K线失败(sh501225) https://web.ifzq.gtimg.cn/appstock/app/fqkline/get?param=sh501225,day,,,15,qfq: HTTP Error 501: Not Implemented
    [价格] 腾讯K线无数据，改用新浪K线兜底(sh501225)
    [价格] 腾讯K线失败(sz162719) https://web.ifzq.gtimg.cn/appstock/app/fqkline/get?param=sz162719,day,,,15,qfq: HTTP Error 501: Not Implemented
    [价格] 腾讯K线无数据，改用新浪K线兜底(sz162719)
    [持仓] hk09988 行情获取失败：HTTP Error 501: Not Implemented
    [持仓] hk03690 行情获取失败：HTTP Error 501: Not Implemented
    [持仓] hk09988 行情获取失败：HTTP Error 501: Not Implemented
    [价格] 腾讯K线失败(sz164906) https://web.ifzq.gtimg.cn/appstock/app/fqkline/get?param=sz164906,day,,,15,qfq: HTTP Error 501: Not Implemented
    [价格] 腾讯K线无数据，改用新浪K线兜底(sz164906)
    [价格] 腾讯K线失败(sh501300) https://web.ifzq.gtimg.cn/appstock/app/fqkline/get?param=sh501300,day,,,15,qfq: HTTP Error 501: Not Implemented
    [价格] 腾讯K线无数据，改用新浪K线兜底(sh501300)
    [价格] 腾讯K线失败(sz160723) https://web.ifzq.gtimg.cn/appstock/app/fqkline/get?param=sz160723,day,,,15,qfq: HTTP Error 501: Not Implemented
    [价格] 腾讯K线无数据，改用新浪K线兜底(sz160723)
    [价格] 腾讯K线失败(sz164824) https://web.ifzq.gtimg.cn/appstock/app/fqkline/get?param=sz164824,day,,,15,qfq: HTTP Error 501: Not Implemented
    [价格] 腾讯K线无数据，改用新浪K线兜底(sz164824)
    [价格] 腾讯K线失败(sz161129) https://web.ifzq.gtimg.cn/appstock/app/fqkline/get?param=sz161129,day,,,15,qfq: HTTP Error 501: Not Implemented
    [价格] 腾讯K线无数据，改用新浪K线兜底(sz161129)
    [持仓] hk03690 行情获取失败：HTTP Error 501: Not Implemented
    [价格] 腾讯K线失败(sh501312) https://web.ifzq.gtimg.cn/appstock/app/fqkline/get?param=sh501312,day,,,15,qfq: HTTP Error 501: Not Implemented
    [价格] 腾讯K线无数据，改用新浪K线兜底(sh501312)
    [价格] 腾讯K线失败(sz160717) https://web.ifzq.gtimg.cn/appstock/app/fqkline/get?param=sz160717,day,,,15,qfq: HTTP Error 501: Not Implemented
    [价格] 腾讯K线无数据，改用新浪K线兜底(sz160717)
    [价格] 腾讯K线失败(sh501012) https://web.ifzq.gtimg.cn/appstock/app/fqkline/get?param=sh501012,day,,,15,qfq: HTTP Error 501: Not Implemented
    [价格] 腾讯K线无数据，改用新浪K线兜底(sh501012)
    [持仓] hk09988 行情获取失败：HTTP Error 501: Not Implemented
    [价格] 腾讯K线失败(sh501018) https://web.ifzq.gtimg.cn/appstock/app/fqkline/get?param=sh501018,day,,,15,qfq: HTTP Error 501: Not Implemented
    [价格] 腾讯K线无数据，改用新浪K线兜底(sh501018)
    [价格] 腾讯K线失败(sz160140) https://web.ifzq.gtimg.cn/appstock/app/fqkline/get?param=sz160140,day,,,15,qfq: HTTP Error 501: Not Implemented
    [价格] 腾讯K线无数据，改用新浪K线兜底(sz160140)
    [价格] 腾讯K线失败(sz164705) https://web.ifzq.gtimg.cn/appstock/app/fqkline/get?param=sz164705,day,,,15,qfq: HTTP Error 501: Not Implemented
    [价格] 腾讯K线无数据，改用新浪K线兜底(sz164705)
    [价格] 腾讯K线失败(sh501225) https://web.ifzq.gtimg.cn/appstock/app/fqkline/get?param=sh501225,day,,,15,qfq: HTTP Error 501: Not Implemented
    [价格] 腾讯K线无数据，改用新浪K线兜底(sh501225)
    [价格] 腾讯K线失败(sz160719) https://web.ifzq.gtimg.cn/appstock/app/fqkline/get?param=sz160719,day,,,15,qfq: HTTP Error 501: Not Implemented
    [价格] 腾讯K线无数据，改用新浪K线兜底(sz160719)
    [持仓] hk03690 行情获取失败：HTTP Error 501: Not Implemented
    [持仓] hk00992 行情获取失败：HTTP Error 501: Not Implemented
    [价格] 腾讯K线失败(sz161126) https://web.ifzq.gtimg.cn/appstock/app/fqkline/get?param=sz161126,day,,,15,qfq: HTTP Error 501: Not Implemented
    [价格] 腾讯K线无数据，改用新浪K线兜底(sz161126)
    [价格] 腾讯K线失败(sz167301) https://web.ifzq.gtimg.cn/appstock/app/fqkline/get?param=sz167301,day,,,15,qfq: HTTP Error 501: Not Implemented
    [价格] 腾讯K线无数据，改用新浪K线兜底(sz167301)
    [价格] 腾讯K线失败(sz160632) https://web.ifzq.gtimg.cn/appstock/app/fqkline/get?param=sz160632,day,,,15,qfq: HTTP Error 501: Not Implemented
    [价格] 腾讯K线无数据，改用新浪K线兜底(sz160632)
    [价格] 腾讯K线失败(sz161124) https://web.ifzq.gtimg.cn/appstock/app/fqkline/get?param=sz161124,day,,,15,qfq: HTTP Error 501: Not Implemented
    [价格] 腾讯K线无数据，改用新浪K线兜底(sz161124)
    [持仓] hk09988 行情获取失败：HTTP Error 501: Not Implemented
    [价格] 腾讯K线失败(sz161116) https://web.ifzq.gtimg.cn/appstock/app/fqkline/get?param=sz161116,day,,,15,qfq: HTTP Error 501: Not Implemented
    [价格] 腾讯K线无数据，改用新浪K线兜底(sz161116)
    [价格] 腾讯K线失败(sz160924) https://web.ifzq.gtimg.cn/appstock/app/fqkline/get?param=sz160924,day,,,15,qfq: HTTP Error 501: Not Implemented
    [价格] 腾讯K线无数据，改用新浪K线兜底(sz160924)
    [价格] 腾讯K线失败(sz161831) https://web.ifzq.gtimg.cn/appstock/app/fqkline/get?param=sz161831,day,,,15,qfq: HTTP Error 501: Not Implemented
    [价格] 腾讯K线无数据，改用新浪K线兜底(sz161831)
    [价格] 腾讯K线失败(sz160140) https://web.ifzq.gtimg.cn/appstock/app/fqkline/get?param=sz160140,day,,,15,qfq: HTTP Error 501: Not Implemented
    [价格] 腾讯K线无数据，改用新浪K线兜底(sz160140)
    [持仓] hk09988 行情获取失败：HTTP Error 501: Not Implemented
    [价格] 腾讯K线失败(sz160216) https://web.ifzq.gtimg.cn/appstock/app/fqkline/get?param=sz160216,day,,,15,qfq: HTTP Error 501: Not Implemented
    [价格] 腾讯K线无数据，改用新浪K线兜底(sz160216)
    [价格] 腾讯K线失败(sz160639) https://web.ifzq.gtimg.cn/appstock/app/fqkline/get?param=sz160639,day,,,15,qfq: HTTP Error 501: Not Implemented
    [价格] 腾讯K线无数据，改用新浪K线兜底(sz160639)
    [价格] 腾讯K线失败(sz164812) https://web.ifzq.gtimg.cn/appstock/app/fqkline/get?param=sz164812,day,,,15,qfq: HTTP Error 501: Not Implemented
    [价格] 腾讯K线无数据，改用新浪K线兜底(sz164812)
    [持仓] 160644 合成指数完成，覆盖 78.2%（10 只）
    [价格] 腾讯K线失败(sz160143) https://web.ifzq.gtimg.cn/appstock/app/fqkline/get?param=sz160143,day,,,15,qfq: HTTP Error 501: Not Implemented
    [价格] 腾讯K线无数据，改用新浪K线兜底(sz160143)
    [价格] 腾讯K线失败(sz160225) https://web.ifzq.gtimg.cn/appstock/app/fqkline/get?param=sz160225,day,,,15,qfq: HTTP Error 501: Not Implemented
    [价格] 腾讯K线无数据，改用新浪K线兜底(sz160225)
    [持仓] 160644 合成指数完成，覆盖 78.2%（10 只）
    [持仓] 160644 合成指数完成，覆盖 78.2%（10 只）----------------------------------------
Exception occurred during processing of request from ('127.0.0.1', 2561)
Traceback (most recent call last):
  File "C:\Users\USER\WorkBuddy\2026-07-25-17-33-05\fund_arb.py", line 3713, in do_GET
    self._send(200, json.dumps(data, ensure_ascii=False))
    ~~~~~~~~~~^^^^^^^^^^^^^^^^^^^^^^^^^^^^^^^^^^^^^^^^^^^
  File "C:\Users\USER\WorkBuddy\2026-07-25-17-33-05\fund_arb.py", line 3550, in _send
    self.wfile.write(body)
    ~~~~~~~~~~~~~~~~^^^^^^
  File "C:\Users\USER\.workbuddy\binaries\python\versions\3.13.12\Lib\socketserver.py", line 845, in write
    self._sock.sendall(b)
    ~~~~~~~~~~~~~~~~~~^^^
ConnectionAbortedError: [WinError 10053] 你的主机中的软件中止了一个已建立的连接。

During handling of the above exception, another exception occurred:

Traceback (most recent call last):
  File "C:\Users\USER\.workbuddy\binaries\python\versions\3.13.12\Lib\socketserver.py", line 697, in process_request_thread
    self.finish_request(request, client_address)
    ~~~~~~~~~~~~~~~~~~~^^^^^^^^^^^^^^^^^^^^^^^^^
  File "C:\Users\USER\.workbuddy\binaries\python\versions\3.13.12\Lib\socketserver.py", line 362, in finish_request
    self.RequestHandlerClass(request, client_address, self)
    ~~~~~~~~~~~~~~~~~~~~~~~~^^^^^^^^^^^^^^^^^^^^^^^^^^^^^^^
  File "C:\Users\USER\.workbuddy\binaries\python\versions\3.13.12\Lib\socketserver.py", line 766, in __init__
    self.handle()
    ~~~~~~~~~~~^^
  File "C:\Users\USER\.workbuddy\binaries\python\versions\3.13.12\Lib\http\server.py", line 447, in handle
    self.handle_one_request()
    ~~~~~~~~~~~~~~~~~~~~~~~^^
  File "C:\Users\USER\.workbuddy\binaries\python\versions\3.13.12\Lib\http\server.py", line 435, in handle_one_request
    method()
    ~~~~~~^^
  File "C:\Users\USER\WorkBuddy\2026-07-25-17-33-05\fund_arb.py", line 3715, in do_GET
    self._send(200, json.dumps({"error": str(e), "date": date, "codes": codes}, ensure_ascii=False))
    ~~~~~~~~~~^^^^^^^^^^^^^^^^^^^^^^^^^^^^^^^^^^^^^^^^^^^^^^^^^^^^^^^^^^^^^^^^^^^^^^^^^^^^^^^^^^^^^^
  File "C:\Users\USER\WorkBuddy\2026-07-25-17-33-05\fund_arb.py", line 3547, in _send
    self.end_headers()
    ~~~~~~~~~~~~~~~~^^
  File "C:\Users\USER\.workbuddy\binaries\python\versions\3.13.12\Lib\http\server.py", line 549, in end_headers
    self.flush_headers()
    ~~~~~~~~~~~~~~~~~~^^
  File "C:\Users\USER\.workbuddy\binaries\python\versions\3.13.12\Lib\http\server.py", line 553, in flush_headers
    self.wfile.write(b"".join(self._headers_buffer))
    ~~~~~~~~~~~~~~~~^^^^^^^^^^^^^^^^^^^^^^^^^^^^^^^^
  File "C:\Users\USER\.workbuddy\binaries\python\versions\3.13.12\Lib\socketserver.py", line 845, in write
    self._sock.sendall(b)
    ~~~~~~~~~~~~~~~~~~^^^
ConnectionAbortedError: [WinError 10053] 你的主机中的软件中止了一个已建立的连接。
----------------------------------------
----------------------------------------
Exception occurred during processing of request from ('127.0.0.1', 3066)
----------------------------------------
Exception occurred during processing of request from ('127.0.0.1', 2607)
Traceback (most recent call last):
  File "C:\Users\USER\WorkBuddy\2026-07-25-17-33-05\fund_arb.py", line 3713, in do_GET
    self._send(200, json.dumps(data, ensure_ascii=False))
    ~~~~~~~~~~^^^^^^^^^^^^^^^^^^^^^^^^^^^^^^^^^^^^^^^^^^^
  File "C:\Users\USER\WorkBuddy\2026-07-25-17-33-05\fund_arb.py", line 3550, in _send
    self.wfile.write(body)
    ~~~~~~~~~~~~~~~~^^^^^^
  File "C:\Users\USER\.workbuddy\binaries\python\versions\3.13.12\Lib\socketserver.py", line 845, in write
    self._sock.sendall(b)
    ~~~~~~~~~~~~~~~~~~^^^
Traceback (most recent call last):
ConnectionAbortedError: [WinError 10053] 你的主机中的软件中止了一个已建立的连接。
  File "C:\Users\USER\WorkBuddy\2026-07-25-17-33-05\fund_arb.py", line 3713, in do_GET
    self._send(200, json.dumps(data, ensure_ascii=False))
    ~~~~~~~~~~^^^^^^^^^^^^^^^^^^^^^^^^^^^^^^^^^^^^^^^^^^^
  File "C:\Users\USER\WorkBuddy\2026-07-25-17-33-05\fund_arb.py", line 3550, in _send
    self.wfile.write(body)
    ~~~~~~~~~~~~~~~~^^^^^^

During handling of the above exception, another exception occurred:

  File "C:\Users\USER\.workbuddy\binaries\python\versions\3.13.12\Lib\socketserver.py", line 845, in write
    self._sock.sendall(b)
    ~~~~~~~~~~~~~~~~~~^^^
Traceback (most recent call last):
ConnectionAbortedError: [WinError 10053] 你的主机中的软件中止了一个已建立的连接。

During handling of the above exception, another exception occurred:

Traceback (most recent call last):
  File "C:\Users\USER\.workbuddy\binaries\python\versions\3.13.12\Lib\socketserver.py", line 697, in process_request_thread
    self.finish_request(request, client_address)
    ~~~~~~~~~~~~~~~~~~~^^^^^^^^^^^^^^^^^^^^^^^^^
  File "C:\Users\USER\.workbuddy\binaries\python\versions\3.13.12\Lib\socketserver.py", line 362, in finish_request
    self.RequestHandlerClass(request, client_address, self)
    ~~~~~~~~~~~~~~~~~~~~~~~~^^^^^^^^^^^^^^^^^^^^^^^^^^^^^^^
  File "C:\Users\USER\.workbuddy\binaries\python\versions\3.13.12\Lib\socketserver.py", line 766, in __init__
    self.handle()
    ~~~~~~~~~~~^^
  File "C:\Users\USER\.workbuddy\binaries\python\versions\3.13.12\Lib\http\server.py", line 447, in handle
    self.handle_one_request()
    ~~~~~~~~~~~~~~~~~~~~~~~^^
  File "C:\Users\USER\.workbuddy\binaries\python\versions\3.13.12\Lib\socketserver.py", line 697, in process_request_thread
    self.finish_request(request, client_address)
    ~~~~~~~~~~~~~~~~~~~^^^^^^^^^^^^^^^^^^^^^^^^^
  File "C:\Users\USER\.workbuddy\binaries\python\versions\3.13.12\Lib\http\server.py", line 435, in handle_one_request
    method()
    ~~~~~~^^
  File "C:\Users\USER\.workbuddy\binaries\python\versions\3.13.12\Lib\socketserver.py", line 362, in finish_request
    self.RequestHandlerClass(request, client_address, self)
    ~~~~~~~~~~~~~~~~~~~~~~~~^^^^^^^^^^^^^^^^^^^^^^^^^^^^^^^
  File "C:\Users\USER\.workbuddy\binaries\python\versions\3.13.12\Lib\socketserver.py", line 766, in __init__
    self.handle()
    ~~~~~~~~~~~^^
  File "C:\Users\USER\.workbuddy\binaries\python\versions\3.13.12\Lib\http\server.py", line 447, in handle
    self.handle_one_request()
    ~~~~~~~~~~~~~~~~~~~~~~~^^
  File "C:\Users\USER\.workbuddy\binaries\python\versions\3.13.12\Lib\http\server.py", line 435, in handle_one_request
    method()
    ~~~~~~^^
  File "C:\Users\USER\WorkBuddy\2026-07-25-17-33-05\fund_arb.py", line 3715, in do_GET
    self._send(200, json.dumps({"error": str(e), "date": date, "codes": codes}, ensure_ascii=False))
    ~~~~~~~~~~^^^^^^^^^^^^^^^^^^^^^^^^^^^^^^^^^^^^^^^^^^^^^^^^^^^^^^^^^^^^^^^^^^^^^^^^^^^^^^^^^^^^^^
  File "C:\Users\USER\WorkBuddy\2026-07-25-17-33-05\fund_arb.py", line 3547, in _send
    self.end_headers()
    ~~~~~~~~~~~~~~~~^^
  File "C:\Users\USER\.workbuddy\binaries\python\versions\3.13.12\Lib\http\server.py", line 549, in end_headers
    self.flush_headers()
    ~~~~~~~~~~~~~~~~~~^^
  File "C:\Users\USER\.workbuddy\binaries\python\versions\3.13.12\Lib\http\server.py", line 553, in flush_headers
    self.wfile.write(b"".join(self._headers_buffer))
    ~~~~~~~~~~~~~~~~^^^^^^^^^^^^^^^^^^^^^^^^^^^^^^^^
  File "C:\Users\USER\WorkBuddy\2026-07-25-17-33-05\fund_arb.py", line 3715, in do_GET
    self._send(200, json.dumps({"error": str(e), "date": date, "codes": codes}, ensure_ascii=False))
    ~~~~~~~~~~^^^^^^^^^^^^^^^^^^^^^^^^^^^^^^^^^^^^^^^^^^^^^^^^^^^^^^^^^^^^^^^^^^^^^^^^^^^^^^^^^^^^^^
  File "C:\Users\USER\.workbuddy\binaries\python\versions\3.13.12\Lib\socketserver.py", line 845, in write
    self._sock.sendall(b)
    ~~~~~~~~~~~~~~~~~~^^^
  File "C:\Users\USER\WorkBuddy\2026-07-25-17-33-05\fund_arb.py", line 3547, in _send
    self.end_headers()
    ~~~~~~~~~~~~~~~~^^
  File "C:\Users\USER\.workbuddy\binaries\python\versions\3.13.12\Lib\http\server.py", line 549, in end_headers
    self.flush_headers()
    ~~~~~~~~~~~~~~~~~~^^
  File "C:\Users\USER\.workbuddy\binaries\python\versions\3.13.12\Lib\http\server.py", line 553, in flush_headers
    self.wfile.write(b"".join(self._headers_buffer))
    ~~~~~~~~~~~~~~~~^^^^^^^^^^^^^^^^^^^^^^^^^^^^^^^^
  File "C:\Users\USER\.workbuddy\binaries\python\versions\3.13.12\Lib\socketserver.py", line 845, in write
    self._sock.sendall(b)
    ~~~~~~~~~~~~~~~~~~^^^
ConnectionAbortedError: [WinError 10053] 你的主机中的软件中止了一个已建立的连接。
ConnectionAbortedError: [WinError 10053] 你的主机中的软件中止了一个已建立的连接。
----------------------------------------
----------------------------------------
----------------------------------------
Exception occurred during processing of request from ('127.0.0.1', 2685)
Traceback (most recent call last):
  File "C:\Users\USER\WorkBuddy\2026-07-25-17-33-05\fund_arb.py", line 3713, in do_GET
    self._send(200, json.dumps(data, ensure_ascii=False))
    ~~~~~~~~~~^^^^^^^^^^^^^^^^^^^^^^^^^^^^^^^^^^^^^^^^^^^
  File "C:\Users\USER\WorkBuddy\2026-07-25-17-33-05\fund_arb.py", line 3550, in _send
    self.wfile.write(body)
    ~~~~~~~~~~~~~~~~^^^^^^
  File "C:\Users\USER\.workbuddy\binaries\python\versions\3.13.12\Lib\socketserver.py", line 845, in write
    self._sock.sendall(b)
    ~~~~~~~~~~~~~~~~~~^^^
ConnectionAbortedError: [WinError 10053] 你的主机中的软件中止了一个已建立的连接。

During handling of the above exception, another exception occurred:

Traceback (most recent call last):
  File "C:\Users\USER\.workbuddy\binaries\python\versions\3.13.12\Lib\socketserver.py", line 697, in process_request_thread
    self.finish_request(request, client_address)
    ~~~~~~~~~~~~~~~~~~~^^^^^^^^^^^^^^^^^^^^^^^^^
  File "C:\Users\USER\.workbuddy\binaries\python\versions\3.13.12\Lib\socketserver.py", line 362, in finish_request
    self.RequestHandlerClass(request, client_address, self)
    ~~~~~~~~~~~~~~~~~~~~~~~~^^^^^^^^^^^^^^^^^^^^^^^^^^^^^^^
  File "C:\Users\USER\.workbuddy\binaries\python\versions\3.13.12\Lib\socketserver.py", line 766, in __init__
    self.handle()
    ~~~~~~~~~~~^^
  File "C:\Users\USER\.workbuddy\binaries\python\versions\3.13.12\Lib\http\server.py", line 447, in handle
    self.handle_one_request()
    ~~~~~~~~~~~~~~~~~~~~~~~^^
  File "C:\Users\USER\.workbuddy\binaries\python\versions\3.13.12\Lib\http\server.py", line 435, in handle_one_request
    method()
    ~~~~~~^^
  File "C:\Users\USER\WorkBuddy\2026-07-25-17-33-05\fund_arb.py", line 3715, in do_GET
    self._send(200, json.dumps({"error": str(e), "date": date, "codes": codes}, ensure_ascii=False))
    ~~~~~~~~~~^^^^^^^^^^^^^^^^^^^^^^^^^^^^^^^^^^^^^^^^^^^^^^^^^^^^^^^^^^^^^^^^^^^^^^^^^^^^^^^^^^^^^^
  File "C:\Users\USER\WorkBuddy\2026-07-25-17-33-05\fund_arb.py", line 3547, in _send
    self.end_headers()
    ~~~~~~~~~~~~~~~~^^
  File "C:\Users\USER\.workbuddy\binaries\python\versions\3.13.12\Lib\http\server.py", line 549, in end_headers
    self.flush_headers()
    ~~~~~~~~~~~~~~~~~~^^
  File "C:\Users\USER\.workbuddy\binaries\python\versions\3.13.12\Lib\http\server.py", line 553, in flush_headers
    self.wfile.write(b"".join(self._headers_buffer))
    ~~~~~~~~~~~~~~~~^^^^^^^^^^^^^^^^^^^^^^^^^^^^^^^^
  File "C:\Users\USER\.workbuddy\binaries\python\versions\3.13.12\Lib\socketserver.py", line 845, in write
    self._sock.sendall(b)
    ~~~~~~~~~~~~~~~~~~^^^
ConnectionAbortedError: [WinError 10053] 你的主机中的软件中止了一个已建立的连接。
----------------------------------------
----------------------------------------
Exception occurred during processing of request from ('127.0.0.1', 3827)
Traceback (most recent call last):
  File "C:\Users\USER\WorkBuddy\2026-07-25-17-33-05\fund_arb.py", line 3713, in do_GET
    self._send(200, json.dumps(data, ensure_ascii=False))
    ~~~~~~~~~~^^^^^^^^^^^^^^^^^^^^^^^^^^^^^^^^^^^^^^^^^^^
  File "C:\Users\USER\WorkBuddy\2026-07-25-17-33-05\fund_arb.py", line 3550, in _send
    self.wfile.write(body)
    ~~~~~~~~~~~~~~~~^^^^^^
  File "C:\Users\USER\.workbuddy\binaries\python\versions\3.13.12\Lib\socketserver.py", line 845, in write
    self._sock.sendall(b)
    ~~~~~~~~~~~~~~~~~~^^^
ConnectionAbortedError: [WinError 10053] 你的主机中的软件中止了一个已建立的连接。

During handling of the above exception, another exception occurred:

Traceback (most recent call last):
  File "C:\Users\USER\.workbuddy\binaries\python\versions\3.13.12\Lib\socketserver.py", line 697, in process_request_thread
    self.finish_request(request, client_address)
    ~~~~~~~~~~~~~~~~~~~^^^^^^^^^^^^^^^^^^^^^^^^^
  File "C:\Users\USER\.workbuddy\binaries\python\versions\3.13.12\Lib\socketserver.py", line 362, in finish_request
    self.RequestHandlerClass(request, client_address, self)
    ~~~~~~~~~~~~~~~~~~~~~~~~^^^^^^^^^^^^^^^^^^^^^^^^^^^^^^^
  File "C:\Users\USER\.workbuddy\binaries\python\versions\3.13.12\Lib\socketserver.py", line 766, in __init__
    self.handle()
    ~~~~~~~~~~~^^
  File "C:\Users\USER\.workbuddy\binaries\python\versions\3.13.12\Lib\http\server.py", line 447, in handle
    self.handle_one_request()
    ~~~~~~~~~~~~~~~~~~~~~~~^^
  File "C:\Users\USER\.workbuddy\binaries\python\versions\3.13.12\Lib\http\server.py", line 435, in handle_one_request
    method()
    ~~~~~~^^
  File "C:\Users\USER\WorkBuddy\2026-07-25-17-33-05\fund_arb.py", line 3715, in do_GET
    self._send(200, json.dumps({"error": str(e), "date": date, "codes": codes}, ensure_ascii=False))
    ~~~~~~~~~~^^^^^^^^^^^^^^^^^^^^^^^^^^^^^^^^^^^^^^^^^^^^^^^^^^^^^^^^^^^^^^^^^^^^^^^^^^^^^^^^^^^^^^
  File "C:\Users\USER\WorkBuddy\2026-07-25-17-33-05\fund_arb.py", line 3547, in _send
    self.end_headers()
    ~~~~~~~~~~~~~~~~^^
  File "C:\Users\USER\.workbuddy\binaries\python\versions\3.13.12\Lib\http\server.py", line 549, in end_headers
    self.flush_headers()
    ~~~~~~~~~~~~~~~~~~^^
  File "C:\Users\USER\.workbuddy\binaries\python\versions\3.13.12\Lib\http\server.py", line 553, in flush_headers
    self.wfile.write(b"".join(self._headers_buffer))
    ~~~~~~~~~~~~~~~~^^^^^^^^^^^^^^^^^^^^^^^^^^^^^^^^
  File "C:\Users\USER\.workbuddy\binaries\python\versions\3.13.12\Lib\socketserver.py", line 845, in write
    self._sock.sendall(b)
    ~~~~~~~~~~~~~~~~~~^^^
ConnectionAbortedError: [WinError 10053] 你的主机中的软件中止了一个已建立的连接。
----------------------------------------
----------------------------------------
Exception occurred during processing of request from ('127.0.0.1', 4218)
Traceback (most recent call last):
  File "C:\Users\USER\WorkBuddy\2026-07-25-17-33-05\fund_arb.py", line 3713, in do_GET
    self._send(200, json.dumps(data, ensure_ascii=False))
    ~~~~~~~~~~^^^^^^^^^^^^^^^^^^^^^^^^^^^^^^^^^^^^^^^^^^^
  File "C:\Users\USER\WorkBuddy\2026-07-25-17-33-05\fund_arb.py", line 3550, in _send
    self.wfile.write(body)
    ~~~~~~~~~~~~~~~~^^^^^^
  File "C:\Users\USER\.workbuddy\binaries\python\versions\3.13.12\Lib\socketserver.py", line 845, in write
    self._sock.sendall(b)
    ~~~~~~~~~~~~~~~~~~^^^
ConnectionAbortedError: [WinError 10053] 你的主机中的软件中止了一个已建立的连接。

During handling of the above exception, another exception occurred:

Traceback (most recent call last):
  File "C:\Users\USER\.workbuddy\binaries\python\versions\3.13.12\Lib\socketserver.py", line 697, in process_request_thread
    self.finish_request(request, client_address)
    ~~~~~~~~~~~~~~~~~~~^^^^^^^^^^^^^^^^^^^^^^^^^
  File "C:\Users\USER\.workbuddy\binaries\python\versions\3.13.12\Lib\socketserver.py", line 362, in finish_request
    self.RequestHandlerClass(request, client_address, self)
    ~~~~~~~~~~~~~~~~~~~~~~~~^^^^^^^^^^^^^^^^^^^^^^^^^^^^^^^
  File "C:\Users\USER\.workbuddy\binaries\python\versions\3.13.12\Lib\socketserver.py", line 766, in __init__
    self.handle()
    ~~~~~~~~~~~^^
  File "C:\Users\USER\.workbuddy\binaries\python\versions\3.13.12\Lib\http\server.py", line 447, in handle
    self.handle_one_request()
    ~~~~~~~~~~~~~~~~~~~~~~~^^
  File "C:\Users\USER\.workbuddy\binaries\python\versions\3.13.12\Lib\http\server.py", line 435, in handle_one_request
    method()
    ~~~~~~^^
  File "C:\Users\USER\WorkBuddy\2026-07-25-17-33-05\fund_arb.py", line 3715, in do_GET
    self._send(200, json.dumps({"error": str(e), "date": date, "codes": codes}, ensure_ascii=False))
    ~~~~~~~~~~^^^^^^^^^^^^^^^^^^^^^^^^^^^^^^^^^^^^^^^^^^^^^^^^^^^^^^^^^^^^^^^^^^^^^^^^^^^^^^^^^^^^^^
  File "C:\Users\USER\WorkBuddy\2026-07-25-17-33-05\fund_arb.py", line 3547, in _send
    self.end_headers()
    ~~~~~~~~~~~~~~~~^^
  File "C:\Users\USER\.workbuddy\binaries\python\versions\3.13.12\Lib\http\server.py", line 549, in end_headers
    self.flush_headers()
    ~~~~~~~~~~~~~~~~~~^^
  File "C:\Users\USER\.workbuddy\binaries\python\versions\3.13.12\Lib\http\server.py", line 553, in flush_headers
    self.wfile.write(b"".join(self._headers_buffer))
    ~~~~~~~~~~~~~~~~^^^^^^^^^^^^^^^^^^^^^^^^^^^^^^^^
  File "C:\Users\USER\.workbuddy\binaries\python\versions\3.13.12\Lib\socketserver.py", line 845, in write
    self._sock.sendall(b)
    ~~~~~~~~~~~~~~~~~~^^^
ConnectionAbortedError: [WinError 10053] 你的主机中的软件中止了一个已建立的连接。
----------------------------------------

    [价格] 腾讯K线失败(sz164701) https://web.ifzq.gtimg.cn/appstock/app/fqkline/get?param=sz164701,day,,,15,qfq: HTTP Error 501: Not Implemented
    [价格] 腾讯K线无数据，改用新浪K线兜底(sz164701)
    [持仓] 160644 合成指数完成，覆盖 78.2%（10 只）
    [价格] 腾讯K线失败(sz161032) https://web.ifzq.gtimg.cn/appstock/app/fqkline/get?param=sz161032,day,,,15,qfq: HTTP Error 501: Not Implemented
    [价格] 腾讯K线无数据，改用新浪K线兜底(sz161032)
    [持仓] 160644 合成指数完成，覆盖 78.2%（10 只）
    [价格] 腾讯K线失败(sz163208) https://web.ifzq.gtimg.cn/appstock/app/fqkline/get?param=sz163208,day,,,15,qfq: HTTP Error 501: Not Implemented
    [价格] 腾讯K线无数据，改用新浪K线兜底(sz163208)
    [持仓] hk09988 行情获取失败：HTTP Error 501: Not Implemented
    [持仓] 160644 合成指数完成，覆盖 78.2%（10 只）
    [持仓] hk00148 行情获取失败：HTTP Error 501: Not Implemented
    [价格] 腾讯K线失败(sz160416) https://web.ifzq.gtimg.cn/appstock/app/fqkline/get?param=sz160416,day,,,15,qfq: HTTP Error 501: Not Implemented
    [价格] 腾讯K线无数据，改用新浪K线兜底(sz160416)
    [价格] 腾讯K线失败(sz161130) https://web.ifzq.gtimg.cn/appstock/app/fqkline/get?param=sz161130,day,,,15,qfq: HTTP Error 501: Not Implemented
    [价格] 腾讯K线无数据，改用新浪K线兜底(sz161130)
    [价格] 腾讯K线失败(sz160415) https://web.ifzq.gtimg.cn/appstock/app/fqkline/get?param=sz160415,day,,,15,qfq: HTTP Error 501: Not Implemented
    [价格] 腾讯K线无数据，改用新浪K线兜底(sz160415)
    [价格] 腾讯K线失败(sz160922) https://web.ifzq.gtimg.cn/appstock/app/fqkline/get?param=sz160922,day,,,15,qfq: HTTP Error 501: Not Implemented
    [价格] 腾讯K线无数据，改用新浪K线兜底(sz160922)
    [价格] 腾讯K线失败(sz161127) https://web.ifzq.gtimg.cn/appstock/app/fqkline/get?param=sz161127,day,,,15,qfq: HTTP Error 501: Not Implemented
    [价格] 腾讯K线无数据，改用新浪K线兜底(sz161127)
    [价格] 腾讯K线失败(sz161725) https://web.ifzq.gtimg.cn/appstock/app/fqkline/get?param=sz161725,day,,,15,qfq: HTTP Error 501: Not Implemented
    [价格] 腾讯K线无数据，改用新浪K线兜底(sz161725)
    [价格] 腾讯K线失败(sz161226) https://web.ifzq.gtimg.cn/appstock/app/fqkline/get?param=sz161226,day,,,15,qfq: HTTP Error 501: Not Implemented
    [价格] 腾讯K线无数据，改用新浪K线兜底(sz161226)
    [价格] 腾讯K线失败(sz160644) https://web.ifzq.gtimg.cn/appstock/app/fqkline/get?param=sz160644,day,,,15,qfq: HTTP Error 501: Not Implemented
    [价格] 腾讯K线无数据，改用新浪K线兜底(sz160644)
    [价格] 腾讯K线失败(sh501025) https://web.ifzq.gtimg.cn/appstock/app/fqkline/get?param=sh501025,day,,,15,qfq: HTTP Error 501: Not Implemented
    [价格] 腾讯K线无数据，改用新浪K线兜底(sh501025)
    [持仓] hk03690 行情获取失败：HTTP Error 501: Not Implemented
    [价格] 腾讯K线失败(sz161125) https://web.ifzq.gtimg.cn/appstock/app/fqkline/get?param=sz161125,day,,,15,qfq: HTTP Error 501: Not Implemented
    [价格] 腾讯K线无数据，改用新浪K线兜底(sz161125)
    [价格] 腾讯K线失败(sz161040) https://web.ifzq.gtimg.cn/appstock/app/fqkline/get?param=sz161040,day,,,15,qfq: HTTP Error 501: Not Implemented
    [价格] 腾讯K线无数据，改用新浪K线兜底(sz161040)
    [价格] 腾讯K线失败(sh501012) https://web.ifzq.gtimg.cn/appstock/app/fqkline/get?param=sh501012,day,,,15,qfq: HTTP Error 501: Not Implemented
    [价格] 腾讯K线无数据，改用新浪K线兜底(sh501012)
    [价格] 腾讯K线失败(sz161812) https://web.ifzq.gtimg.cn/appstock/app/fqkline/get?param=sz161812,day,,,15,qfq: HTTP Error 501: Not Implemented
    [价格] 腾讯K线无数据，改用新浪K线兜底(sz161812)
    [价格] 腾讯K线失败(sh501018) https://web.ifzq.gtimg.cn/appstock/app/fqkline/get?param=sh501018,day,,,15,qfq: HTTP Error 501: Not Implemented
    [价格] 腾讯K线无数据，改用新浪K线兜底(sh501018)
    [价格] 腾讯K线失败(sz161128) https://web.ifzq.gtimg.cn/appstock/app/fqkline/get?param=sz161128,day,,,15,qfq: HTTP Error 501: Not Implemented
    [价格] 腾讯K线无数据，改用新浪K线兜底(sz161128)
    [价格] 腾讯K线失败(sz162719) https://web.ifzq.gtimg.cn/appstock/app/fqkline/get?param=sz162719,day,,,15,qfq: HTTP Error 501: Not Implemented
    [价格] 腾讯K线无数据，改用新浪K线兜底(sz162719)
    [价格] 腾讯K线失败(sz160723) https://web.ifzq.gtimg.cn/appstock/app/fqkline/get?param=sz160723,day,,,15,qfq: HTTP Error 501: Not Implemented
    [价格] 腾讯K线无数据，改用新浪K线兜底(sz160723)
    [持仓] hk09988 行情获取失败：HTTP Error 501: Not Implemented
    [持仓] 160644 合成指数完成，覆盖 78.2%（10 只）
    [价格] 腾讯K线失败(sz161129) https://web.ifzq.gtimg.cn/appstock/app/fqkline/get?param=sz161129,day,,,15,qfq: HTTP Error 501: Not Implemented
    [价格] 腾讯K线无数据，改用新浪K线兜底(sz161129)
    [价格] 腾讯K线失败(sh501225) https://web.ifzq.gtimg.cn/appstock/app/fqkline/get?param=sh501225,day,,,15,qfq: HTTP Error 501: Not Implemented
    [价格] 腾讯K线无数据，改用新浪K线兜底(sh501225)
    [价格] 腾讯K线失败(sh501225) https://web.ifzq.gtimg.cn/appstock/app/fqkline/get?param=sh501225,day,,,15,qfq: HTTP Error 501: Not Implemented
    [价格] 腾讯K线无数据，改用新浪K线兜底(sh501225)
    [价格] 腾讯K线失败(sz161129) https://web.ifzq.gtimg.cn/appstock/app/fqkline/get?param=sz161129,day,,,15,qfq: HTTP Error 501: Not Implemented
    [价格] 腾讯K线无数据，改用新浪K线兜底(sz161129)
    [价格] 腾讯K线失败(sz160422) https://web.ifzq.gtimg.cn/appstock/app/fqkline/get?param=sz160422,day,,,15,qfq: HTTP Error 501: Not Implemented
    [价格] 腾讯K线无数据，改用新浪K线兜底(sz160422)
    [价格] 腾讯K线失败(sz169107) https://web.ifzq.gtimg.cn/appstock/app/fqkline/get?param=sz169107,day,,,15,qfq: HTTP Error 501: Not Implemented
    [价格] 腾讯K线无数据，改用新浪K线兜底(sz169107)
    [价格] 腾讯K线失败(sz169102) https://web.ifzq.gtimg.cn/appstock/app/fqkline/get?param=sz169102,day,,,15,qfq: HTTP Error 501: Not Implemented
    [价格] 腾讯K线无数据，改用新浪K线兜底(sz169102)
    [价格] 腾讯K线失败(sz161226) https://web.ifzq.gtimg.cn/appstock/app/fqkline/get?param=sz161226,day,,,15,qfq: HTTP Error 501: Not Implemented
    [价格] 腾讯K线无数据，改用新浪K线兜底(sz161226)
    [价格] 腾讯K线失败(sh506008) https://web.ifzq.gtimg.cn/appstock/app/fqkline/get?param=sh506008,day,,,15,qfq: HTTP Error 501: Not Implemented
    [价格] 腾讯K线无数据，改用新浪K线兜底(sh506008)
    [价格] 腾讯K线失败(sh501093) https://web.ifzq.gtimg.cn/appstock/app/fqkline/get?param=sh501093,day,,,15,qfq: HTTP Error 501: Not Implemented
    [价格] 腾讯K线无数据，改用新浪K线兜底(sh501093)
    [价格] 腾讯K线失败(sh501046) https://web.ifzq.gtimg.cn/appstock/app/fqkline/get?param=sh501046,day,,,15,qfq: HTTP Error 501: Not Implemented
    [价格] 腾讯K线无数据，改用新浪K线兜底(sh501046)
    [价格] 腾讯K线失败(sh501088) https://web.ifzq.gtimg.cn/appstock/app/fqkline/get?param=sh501088,day,,,15,qfq: HTTP Error 501: Not Implemented
    [价格] 腾讯K线无数据，改用新浪K线兜底(sh501088)
    [价格] 腾讯K线失败(sh501065) https://web.ifzq.gtimg.cn/appstock/app/fqkline/get?param=sh501065,day,,,15,qfq: HTTP Error 501: Not Implemented
    [价格] 腾讯K线无数据，改用新浪K线兜底(sh501065)
    [价格] 腾讯K线失败(sz160723) https://web.ifzq.gtimg.cn/appstock/app/fqkline/get?param=sz160723,day,,,15,qfq: HTTP Error 501: Not Implemented
    [价格] 腾讯K线无数据，改用新浪K线兜底(sz160723)
    [价格] 腾讯K线失败(sh501062) https://web.ifzq.gtimg.cn/appstock/app/fqkline/get?param=sh501062,day,,,15,qfq: HTTP Error 501: Not Implemented
    [价格] 腾讯K线无数据，改用新浪K线兜底(sh501062)
    [价格] 腾讯K线失败(sz166025) https://web.ifzq.gtimg.cn/appstock/app/fqkline/get?param=sz166025,day,,,15,qfq: HTTP Error 501: Not Implemented
    [价格] 腾讯K线无数据，改用新浪K线兜底(sz166025)
    [价格] 腾讯K线失败(sz161130) https://web.ifzq.gtimg.cn/appstock/app/fqkline/get?param=sz161130,day,,,15,qfq: HTTP Error 501: Not Implemented
    [价格] 腾讯K线无数据，改用新浪K线兜底(sz161130)
    [价格] 腾讯K线失败(sh501070) https://web.ifzq.gtimg.cn/appstock/app/fqkline/get?param=sh501070,day,,,15,qfq: HTTP Error 501: Not Implemented
    [价格] 腾讯K线无数据，改用新浪K线兜底(sh501070)
    [价格] 腾讯K线失败(sz161837) https://web.ifzq.gtimg.cn/appstock/app/fqkline/get?param=sz161837,day,,,15,qfq: HTTP Error 501: Not Implemented
    [价格] 腾讯K线无数据，改用新浪K线兜底(sz161837)
    [价格] 腾讯K线失败(sz162720) https://web.ifzq.gtimg.cn/appstock/app/fqkline/get?param=sz162720,day,,,15,qfq: HTTP Error 501: Not Implemented
    [价格] 腾讯K线无数据，改用新浪K线兜底(sz162720)
    [价格] 腾讯K线失败(sh501018) https://web.ifzq.gtimg.cn/appstock/app/fqkline/get?param=sh501018,day,,,15,qfq: HTTP Error 501: Not Implemented
    [价格] 腾讯K线无数据，改用新浪K线兜底(sh501018)
    [价格] 腾讯K线失败(sz161820) https://web.ifzq.gtimg.cn/appstock/app/fqkline/get?param=sz161820,day,,,15,qfq: HTTP Error 501: Not Implemented
    [价格] 腾讯K线无数据，改用新浪K线兜底(sz161820)
    [价格] 腾讯K线失败(sz160529) https://web.ifzq.gtimg.cn/appstock/app/fqkline/get?param=sz160529,day,,,15,qfq: HTTP Error 501: Not Implemented
    [价格] 腾讯K线无数据，改用新浪K线兜底(sz160529)
    [价格] 腾讯K线失败(sh506006) https://web.ifzq.gtimg.cn/appstock/app/fqkline/get?param=sh506006,day,,,15,qfq: HTTP Error 501: Not Implemented
    [价格] 腾讯K线无数据，改用新浪K线兜底(sh506006)
    [价格] 腾讯K线失败(sz161128) https://web.ifzq.gtimg.cn/appstock/app/fqkline/get?param=sz161128,day,,,15,qfq: HTTP Error 501: Not Implemented
    [价格] 腾讯K线无数据，改用新浪K线兜底(sz161128)
    [价格] 腾讯K线失败(sh506001) https://web.ifzq.gtimg.cn/appstock/app/fqkline/get?param=sh506001,day,,,15,qfq: HTTP Error 501: Not Implemented
    [价格] 腾讯K线无数据，改用新浪K线兜底(sh506001)
    [价格] 腾讯K线失败(sh506003) https://web.ifzq.gtimg.cn/appstock/app/fqkline/get?param=sh506003,day,,,15,qfq: HTTP Error 501: Not Implemented
    [价格] 腾讯K线无数据，改用新浪K线兜底(sh506003)
    [价格] 腾讯K线失败(sz161914) https://web.ifzq.gtimg.cn/appstock/app/fqkline/get?param=sz161914,day,,,15,qfq: HTTP Error 501: Not Implemented
    [价格] 腾讯K线无数据，改用新浪K线兜底(sz161914)
    [价格] 腾讯K线失败(sz160422) https://web.ifzq.gtimg.cn/appstock/app/fqkline/get?param=sz160422,day,,,15,qfq: HTTP Error 501: Not Implemented
    [价格] 腾讯K线无数据，改用新浪K线兜底(sz160422)
    [价格] 腾讯K线失败(sz169107) https://web.ifzq.gtimg.cn/appstock/app/fqkline/get?param=sz169107,day,,,15,qfq: HTTP Error 501: Not Implemented
    [价格] 腾讯K线无数据，改用新浪K线兜底(sz169107)
    [价格] 腾讯K线失败(sh501088) https://web.ifzq.gtimg.cn/appstock/app/fqkline/get?param=sh501088,day,,,15,qfq: HTTP Error 501: Not Implemented
    [价格] 腾讯K线无数据，改用新浪K线兜底(sh501088)
    [价格] 腾讯K线失败(sh506008) https://web.ifzq.gtimg.cn/appstock/app/fqkline/get?param=sh506008,day,,,15,qfq: HTTP Error 501: Not Implemented
    [价格] 腾讯K线无数据，改用新浪K线兜底(sh506008)
    [价格] 腾讯K线失败(sz169102) https://web.ifzq.gtimg.cn/appstock/app/fqkline/get?param=sz169102,day,,,15,qfq: HTTP Error 501: Not Implemented
    [价格] 腾讯K线无数据，改用新浪K线兜底(sz169102)
    [价格] 腾讯K线失败(sz161129) https://web.ifzq.gtimg.cn/appstock/app/fqkline/get?param=sz161129,day,,,15,qfq: HTTP Error 501: Not Implemented
    [价格] 腾讯K线无数据，改用新浪K线兜底(sz161129)
    [价格] 腾讯K线失败(sh501225) https://web.ifzq.gtimg.cn/appstock/app/fqkline/get?param=sh501225,day,,,15,qfq: HTTP Error 501: Not Implemented
    [价格] 腾讯K线无数据，改用新浪K线兜底(sh501225)
    [价格] 腾讯K线失败(sh506000) https://web.ifzq.gtimg.cn/appstock/app/fqkline/get?param=sh506000,day,,,15,qfq: HTTP Error 501: Not Implemented
    [价格] 腾讯K线无数据，改用新浪K线兜底(sh506000)
    [价格] 腾讯K线失败(sz160143) https://web.ifzq.gtimg.cn/appstock/app/fqkline/get?param=sz160143,day,,,15,qfq: HTTP Error 501: Not Implemented
    [价格] 腾讯K线无数据，改用新浪K线兜底(sz160143)
    [价格] 腾讯K线失败(sz161226) https://web.ifzq.gtimg.cn/appstock/app/fqkline/get?param=sz161226,day,,,15,qfq: HTTP Error 501: Not Implemented
    [价格] 腾讯K线无数据，改用新浪K线兜底(sz161226)
    [价格] 腾讯K线失败(sz160726) https://web.ifzq.gtimg.cn/appstock/app/fqkline/get?param=sz160726,day,,,15,qfq: HTTP Error 501: Not Implemented
    [价格] 腾讯K线无数据，改用新浪K线兜底(sz160726)
    [价格] 腾讯K线失败(sh501093) https://web.ifzq.gtimg.cn/appstock/app/fqkline/get?param=sh501093,day,,,15,qfq: HTTP Error 501: Not Implemented
    [价格] 腾讯K线无数据，改用新浪K线兜底(sh501093)
    [价格] 腾讯K线失败(sh501046) https://web.ifzq.gtimg.cn/appstock/app/fqkline/get?param=sh501046,day,,,15,qfq: HTTP Error 501: Not Implemented
    [价格] 腾讯K线无数据，改用新浪K线兜底(sh501046)
    [价格] 腾讯K线失败(sh501065) https://web.ifzq.gtimg.cn/appstock/app/fqkline/get?param=sh501065,day,,,15,qfq: HTTP Error 501: Not Implemented
    [价格] 腾讯K线无数据，改用新浪K线兜底(sh501065)
    [价格] 腾讯K线失败(sz160723) https://web.ifzq.gtimg.cn/appstock/app/fqkline/get?param=sz160723,day,,,15,qfq: HTTP Error 501: Not Implemented
    [价格] 腾讯K线无数据，改用新浪K线兜底(sz160723)
    [价格] 腾讯K线失败(sh501070) https://web.ifzq.gtimg.cn/appstock/app/fqkline/get?param=sh501070,day,,,15,qfq: HTTP Error 501: Not Implemented
    [价格] 腾讯K线无数据，改用新浪K线兜底(sh501070)
    [价格] 腾讯K线失败(sh501062) https://web.ifzq.gtimg.cn/appstock/app/fqkline/get?param=sh501062,day,,,15,qfq: HTTP Error 501: Not Implemented
    [价格] 腾讯K线无数据，改用新浪K线兜底(sh501062)
    [价格] 腾讯K线失败(sh506005) https://web.ifzq.gtimg.cn/appstock/app/fqkline/get?param=sh506005,day,,,15,qfq: HTTP Error 501: Not Implemented
    [价格] 腾讯K线无数据，改用新浪K线兜底(sh506005)
    [价格] 腾讯K线失败(sz166025) https://web.ifzq.gtimg.cn/appstock/app/fqkline/get?param=sz166025,day,,,15,qfq: HTTP Error 501: Not Implemented
    [价格] 腾讯K线无数据，改用新浪K线兜底(sz166025)
    [价格] 腾讯K线失败(sz161040) https://web.ifzq.gtimg.cn/appstock/app/fqkline/get?param=sz161040,day,,,15,qfq: HTTP Error 501: Not Implemented
    [价格] 腾讯K线无数据，改用新浪K线兜底(sz161040)
    [价格] 腾讯K线失败(sz161837) https://web.ifzq.gtimg.cn/appstock/app/fqkline/get?param=sz161837,day,,,15,qfq: HTTP Error 501: Not Implemented
    [价格] 腾讯K线无数据，改用新浪K线兜底(sz161837)
    [价格] 腾讯K线失败(sz161130) https://web.ifzq.gtimg.cn/appstock/app/fqkline/get?param=sz161130,day,,,15,qfq: HTTP Error 501: Not Implemented
    [价格] 腾讯K线无数据，改用新浪K线兜底(sz161130)
    [价格] 腾讯K线失败(sz162720) https://web.ifzq.gtimg.cn/appstock/app/fqkline/get?param=sz162720,day,,,15,qfq: HTTP Error 501: Not Implemented
    [价格] 腾讯K线无数据，改用新浪K线兜底(sz162720)
    [价格] 腾讯K线失败(sh501018) https://web.ifzq.gtimg.cn/appstock/app/fqkline/get?param=sh501018,day,,,15,qfq: HTTP Error 501: Not Implemented
    [价格] 腾讯K线无数据，改用新浪K线兜底(sh501018)
>>> [162411] 华宝标普油气上游股票人民币A · 计算30日/显示10日 ｜ 标的=XOP ｜ 模式=index
    [价格] 腾讯K线失败(sh506006) https://web.ifzq.gtimg.cn/appstock/app/fqkline/get?param=sh506006,day,,,15,qfq: HTTP Error 501: Not Implemented
    [价格] 腾讯K线无数据，改用新浪K线兜底(sh506006)
    [价格] 腾讯K线失败(sz160529) https://web.ifzq.gtimg.cn/appstock/app/fqkline/get?param=sz160529,day,,,15,qfq: HTTP Error 501: Not Implemented
    [价格] 腾讯K线无数据，改用新浪K线兜底(sz160529)
    [价格] 腾讯K线失败(sz161820) https://web.ifzq.gtimg.cn/appstock/app/fqkline/get?param=sz161820,day,,,15,qfq: HTTP Error 501: Not Implemented
    [价格] 腾讯K线无数据，改用新浪K线兜底(sz161820)
    [价格] 腾讯K线失败(sz162411) https://web.ifzq.gtimg.cn/appstock/app/fqkline/get?param=sz162411,day,,,15,qfq: HTTP Error 501: Not Implemented
    [价格] 腾讯K线无数据，改用新浪K线兜底(sz162411)
    [价格] 腾讯K线失败(sh506002) https://web.ifzq.gtimg.cn/appstock/app/fqkline/get?param=sh506002,day,,,15,qfq: HTTP Error 501: Not Implemented
    [价格] 腾讯K线无数据，改用新浪K线兜底(sh506002)
    净值 35 条，最新: ('2026-07-24', 0.9195)
    [价格] 腾讯K线失败(sz162719) https://web.ifzq.gtimg.cn/appstock/app/fqkline/get?param=sz162719,day,,,15,qfq: HTTP Error 501: Not Implemented
    [价格] 腾讯K线无数据，改用新浪K线兜底(sz162719)
    [价格] 腾讯K线失败(sz161125) https://web.ifzq.gtimg.cn/appstock/app/fqkline/get?param=sz161125,day,,,15,qfq: HTTP Error 501: Not Implemented
    [价格] 腾讯K线无数据，改用新浪K线兜底(sz161125)
    [价格] 腾讯K线失败(sh506001) https://web.ifzq.gtimg.cn/appstock/app/fqkline/get?param=sh506001,day,,,15,qfq: HTTP Error 501: Not Implemented
    [价格] 腾讯K线无数据，改用新浪K线兜底(sh506001)
    [价格] 腾讯K线失败(sz161128) https://web.ifzq.gtimg.cn/appstock/app/fqkline/get?param=sz161128,day,,,15,qfq: HTTP Error 501: Not Implemented
    [价格] 腾讯K线无数据，改用新浪K线兜底(sz161128)
    [价格] 腾讯K线失败(sh501031) https://web.ifzq.gtimg.cn/appstock/app/fqkline/get?param=sh501031,day,,,15,qfq: HTTP Error 501: Not Implemented
    [价格] 腾讯K线无数据，改用新浪K线兜底(sh501031)
    [价格] 腾讯K线失败(sh506003) https://web.ifzq.gtimg.cn/appstock/app/fqkline/get?param=sh506003,day,,,15,qfq: HTTP Error 501: Not Implemented
    [价格] 腾讯K线无数据，改用新浪K线兜底(sh506003)
    [价格] 腾讯K线失败(sz161132) https://web.ifzq.gtimg.cn/appstock/app/fqkline/get?param=sz161132,day,,,15,qfq: HTTP Error 501: Not Implemented
    [价格] 腾讯K线无数据，改用新浪K线兜底(sz161132)
    [价格] 腾讯K线失败(sz161914) https://web.ifzq.gtimg.cn/appstock/app/fqkline/get?param=sz161914,day,,,15,qfq: HTTP Error 501: Not Implemented
    [价格] 腾讯K线无数据，改用新浪K线兜底(sz161914)
    [价格] 腾讯K线失败(sh506000) https://web.ifzq.gtimg.cn/appstock/app/fqkline/get?param=sh506000,day,,,15,qfq: HTTP Error 501: Not Implemented
    [价格] 腾讯K线无数据，改用新浪K线兜底(sh506000)
    [价格] 腾讯K线失败(sz160726) https://web.ifzq.gtimg.cn/appstock/app/fqkline/get?param=sz160726,day,,,15,qfq: HTTP Error 501: Not Implemented
    [价格] 腾讯K线无数据，改用新浪K线兜底(sz160726)
    [价格] 腾讯K线失败(sz160143) https://web.ifzq.gtimg.cn/appstock/app/fqkline/get?param=sz160143,day,,,15,qfq: HTTP Error 501: Not Implemented
    [价格] 腾讯K线无数据，改用新浪K线兜底(sz160143)
    [价格] 腾讯K线失败(sh501031) https://web.ifzq.gtimg.cn/appstock/app/fqkline/get?param=sh501031,day,,,15,qfq: HTTP Error 501: Not Implemented
    [价格] 腾讯K线无数据，改用新浪K线兜底(sh501031)
    [价格] 腾讯K线失败(sz160325) https://web.ifzq.gtimg.cn/appstock/app/fqkline/get?param=sz160325,day,,,15,qfq: HTTP Error 501: Not Implemented
    [价格] 腾讯K线无数据，改用新浪K线兜底(sz160325)
    [价格] 腾讯K线失败(sz161132) https://web.ifzq.gtimg.cn/appstock/app/fqkline/get?param=sz161132,day,,,15,qfq: HTTP Error 501: Not Implemented
    [价格] 腾讯K线无数据，改用新浪K线兜底(sz161132)
    [价格] 腾讯K线失败(sh501038) https://web.ifzq.gtimg.cn/appstock/app/fqkline/get?param=sh501038,day,,,15,qfq: HTTP Error 501: Not Implemented
    [价格] 腾讯K线无数据，改用新浪K线兜底(sh501038)
    [兜底] 东财价格失败：Remote end closed connection without response
    价格 [新浪财经] 35 条，最新: ('2026-07-27', 0.888)
    汇率 281 天，最新: ('2026-07-28', 6.76615)
    标的 [stockanalysis.com] 35 条，最新: ('2026-07-24', 174.05)
    最近 10 个交易日 -> 命中 10 个
    [价格] 腾讯K线失败(sh506005) https://web.ifzq.gtimg.cn/appstock/app/fqkline/get?param=sh506005,day,,,15,qfq: HTTP Error 501: Not Implemented
    [价格] 腾讯K线无数据，改用新浪K线兜底(sh506005)
    [价格] 腾讯K线失败(sz161040) https://web.ifzq.gtimg.cn/appstock/app/fqkline/get?param=sz161040,day,,,15,qfq: HTTP Error 501: Not Implemented
    [价格] 腾讯K线无数据，改用新浪K线兜底(sz161040)
    [价格] 腾讯K线失败(sz166107) https://web.ifzq.gtimg.cn/appstock/app/fqkline/get?param=sz166107,day,,,15,qfq: HTTP Error 501: Not Implemented
    [价格] 腾讯K线无数据，改用新浪K线兜底(sz166107)
    [价格] 腾讯K线失败(sz162719) https://web.ifzq.gtimg.cn/appstock/app/fqkline/get?param=sz162719,day,,,15,qfq: HTTP Error 501: Not Implemented
    [价格] 腾讯K线无数据，改用新浪K线兜底(sz162719)
    [价格] 腾讯K线失败(sh506002) https://web.ifzq.gtimg.cn/appstock/app/fqkline/get?param=sh506002,day,,,15,qfq: HTTP Error 501: Not Implemented
    [价格] 腾讯K线无数据，改用新浪K线兜底(sh506002)
    [价格] 腾讯K线失败(sz161125) https://web.ifzq.gtimg.cn/appstock/app/fqkline/get?param=sz161125,day,,,15,qfq: HTTP Error 501: Not Implemented
    [价格] 腾讯K线无数据，改用新浪K线兜底(sz161125)
    [价格] 腾讯K线失败(sz162411) https://web.ifzq.gtimg.cn/appstock/app/fqkline/get?param=sz162411,day,,,15,qfq: HTTP Error 501: Not Implemented
    [价格] 腾讯K线无数据，改用新浪K线兜底(sz162411)
    [价格] 腾讯K线失败(sz160926) https://web.ifzq.gtimg.cn/appstock/app/fqkline/get?param=sz160926,day,,,15,qfq: HTTP Error 501: Not Implemented
    [价格] 腾讯K线无数据，改用新浪K线兜底(sz160926)
    [价格] 腾讯K线失败(sz163208) https://web.ifzq.gtimg.cn/appstock/app/fqkline/get?param=sz163208,day,,,15,qfq: HTTP Error 501: Not Implemented
    [价格] 腾讯K线无数据，改用新浪K线兜底(sz163208)
    [价格] 腾讯K线失败(sz160325) https://web.ifzq.gtimg.cn/appstock/app/fqkline/get?param=sz160325,day,,,15,qfq: HTTP Error 501: Not Implemented
    [价格] 腾讯K线无数据，改用新浪K线兜底(sz160325)
    [价格] 腾讯K线失败(sz160926) https://web.ifzq.gtimg.cn/appstock/app/fqkline/get?param=sz160926,day,,,15,qfq: HTTP Error 501: Not Implemented
    [价格] 腾讯K线无数据，改用新浪K线兜底(sz160926)
    [价格] 腾讯K线失败(sz166107) https://web.ifzq.gtimg.cn/appstock/app/fqkline/get?param=sz166107,day,,,15,qfq: HTTP Error 501: Not Implemented
    [价格] 腾讯K线无数据，改用新浪K线兜底(sz166107)
    [价格] 腾讯K线失败(sh501015) https://web.ifzq.gtimg.cn/appstock/app/fqkline/get?param=sh501015,day,,,15,qfq: HTTP Error 501: Not Implemented
    [价格] 腾讯K线无数据，改用新浪K线兜底(sh501015)
    [价格] 腾讯K线失败(sz160416) https://web.ifzq.gtimg.cn/appstock/app/fqkline/get?param=sz160416,day,,,15,qfq: HTTP Error 501: Not Implemented
    [价格] 腾讯K线无数据，改用新浪K线兜底(sz160416)
    [价格] 腾讯K线失败(sh501038) https://web.ifzq.gtimg.cn/appstock/app/fqkline/get?param=sh501038,day,,,15,qfq: HTTP Error 501: Not Implemented
    [价格] 腾讯K线无数据，改用新浪K线兜底(sh501038)
    [价格] 腾讯K线失败(sz160512) https://web.ifzq.gtimg.cn/appstock/app/fqkline/get?param=sz160512,day,,,15,qfq: HTTP Error 501: Not Implemented
    [价格] 腾讯K线无数据，改用新浪K线兜底(sz160512)
    [价格] 腾讯K线失败(sh501026) https://web.ifzq.gtimg.cn/appstock/app/fqkline/get?param=sh501026,day,,,15,qfq: HTTP Error 501: Not Implemented
    [价格] 腾讯K线无数据，改用新浪K线兜底(sh501026)
    [价格] 腾讯K线失败(sh501015) https://web.ifzq.gtimg.cn/appstock/app/fqkline/get?param=sh501015,day,,,15,qfq: HTTP Error 501: Not Implemented
    [价格] 腾讯K线无数据，改用新浪K线兜底(sh501015)
    [价格] 腾讯K线失败(sz163208) https://web.ifzq.gtimg.cn/appstock/app/fqkline/get?param=sz163208,day,,,15,qfq: HTTP Error 501: Not Implemented
    [价格] 腾讯K线无数据，改用新浪K线兜底(sz163208)
    [价格] 腾讯K线失败(sz165516) https://web.ifzq.gtimg.cn/appstock/app/fqkline/get?param=sz165516,day,,,15,qfq: HTTP Error 501: Not Implemented
    [价格] 腾讯K线无数据，改用新浪K线兜底(sz165516)
    [价格] 腾讯K线失败(sz160512) https://web.ifzq.gtimg.cn/appstock/app/fqkline/get?param=sz160512,day,,,15,qfq: HTTP Error 501: Not Implemented
    [价格] 腾讯K线无数据，改用新浪K线兜底(sz160512)
    [价格] 腾讯K线失败(sh501032) https://web.ifzq.gtimg.cn/appstock/app/fqkline/get?param=sh501032,day,,,15,qfq: HTTP Error 501: Not Implemented
    [价格] 腾讯K线无数据，改用新浪K线兜底(sh501032)
    [价格] 腾讯K线失败(sz165516) https://web.ifzq.gtimg.cn/appstock/app/fqkline/get?param=sz165516,day,,,15,qfq: HTTP Error 501: Not Implemented
    [价格] 腾讯K线无数据，改用新浪K线兜底(sz165516)
    [价格] 腾讯K线失败(sz169105) https://web.ifzq.gtimg.cn/appstock/app/fqkline/get?param=sz169105,day,,,15,qfq: HTTP Error 501: Not Implemented
    [价格] 腾讯K线无数据，改用新浪K线兜底(sz169105)
    [价格] 腾讯K线失败(sz169105) https://web.ifzq.gtimg.cn/appstock/app/fqkline/get?param=sz169105,day,,,15,qfq: HTTP Error 501: Not Implemented
    [价格] 腾讯K线无数据，改用新浪K线兜底(sz169105)
    [价格] 腾讯K线失败(sz161610) https://web.ifzq.gtimg.cn/appstock/app/fqkline/get?param=sz161610,day,,,15,qfq: HTTP Error 501: Not Implemented
    [价格] 腾讯K线无数据，改用新浪K线兜底(sz161610)
    [价格] 腾讯K线失败(sz164508) https://web.ifzq.gtimg.cn/appstock/app/fqkline/get?param=sz164508,day,,,15,qfq: HTTP Error 501: Not Implemented
    [价格] 腾讯K线无数据，改用新浪K线兜底(sz164508)
    [价格] 腾讯K线失败(sz164508) https://web.ifzq.gtimg.cn/appstock/app/fqkline/get?param=sz164508,day,,,15,qfq: HTTP Error 501: Not Implemented
    [价格] 腾讯K线无数据，改用新浪K线兜底(sz164508)
    [价格] 腾讯K线失败(sz161610) https://web.ifzq.gtimg.cn/appstock/app/fqkline/get?param=sz161610,day,,,15,qfq: HTTP Error 501: Not Implemented
    [价格] 腾讯K线无数据，改用新浪K线兜底(sz161610)
    [价格] 腾讯K线失败(sz165313) https://web.ifzq.gtimg.cn/appstock/app/fqkline/get?param=sz165313,day,,,15,qfq: HTTP Error 501: Not Implemented
    [价格] 腾讯K线无数据，改用新浪K线兜底(sz165313)
    [价格] 腾讯K线失败(sh501026) https://web.ifzq.gtimg.cn/appstock/app/fqkline/get?param=sh501026,day,,,15,qfq: HTTP Error 501: Not Implemented
    [价格] 腾讯K线无数据，改用新浪K线兜底(sh501026)
    [价格] 腾讯K线失败(sz163503) https://web.ifzq.gtimg.cn/appstock/app/fqkline/get?param=sz163503,day,,,15,qfq: HTTP Error 501: Not Implemented
    [价格] 腾讯K线无数据，改用新浪K线兜底(sz163503)
    [价格] 腾讯K线失败(sz160416) https://web.ifzq.gtimg.cn/appstock/app/fqkline/get?param=sz160416,day,,,15,qfq: HTTP Error 501: Not Implemented
    [价格] 腾讯K线无数据，改用新浪K线兜底(sz160416)
    [价格] 腾讯K线失败(sz165313) https://web.ifzq.gtimg.cn/appstock/app/fqkline/get?param=sz165313,day,,,15,qfq: HTTP Error 501: Not Implemented
    [价格] 腾讯K线无数据，改用新浪K线兜底(sz165313)
    [价格] 腾讯K线失败(sh501032) https://web.ifzq.gtimg.cn/appstock/app/fqkline/get?param=sh501032,day,,,15,qfq: HTTP Error 501: Not Implemented
    [价格] 腾讯K线无数据，改用新浪K线兜底(sh501032)
    [价格] 腾讯K线失败(sz163503) https://web.ifzq.gtimg.cn/appstock/app/fqkline/get?param=sz163503,day,,,15,qfq: HTTP Error 501: Not Implemented
    [价格] 腾讯K线无数据，改用新浪K线兜底(sz163503)
    [价格] 腾讯K线失败(sh501025) https://web.ifzq.gtimg.cn/appstock/app/fqkline/get?param=sh501025,day,,,15,qfq: HTTP Error 501: Not Implemented
    [价格] 腾讯K线无数据，改用新浪K线兜底(sh501025)
    [价格] 腾讯K线失败(sz160722) https://web.ifzq.gtimg.cn/appstock/app/fqkline/get?param=sz160722,day,,,15,qfq: HTTP Error 501: Not Implemented
    [价格] 腾讯K线无数据，改用新浪K线兜底(sz160722)
    [价格] 腾讯K线失败(sh501025) https://web.ifzq.gtimg.cn/appstock/app/fqkline/get?param=sh501025,day,,,15,qfq: HTTP Error 501: Not Implemented
    [价格] 腾讯K线无数据，改用新浪K线兜底(sh501025)
    [价格] 腾讯K线失败(sz160722) https://web.ifzq.gtimg.cn/appstock/app/fqkline/get?param=sz160722,day,,,15,qfq: HTTP Error 501: Not Implemented
    [价格] 腾讯K线无数据，改用新浪K线兜底(sz160722)
    [价格] 腾讯K线失败(sz161912) https://web.ifzq.gtimg.cn/appstock/app/fqkline/get?param=sz161912,day,,,15,qfq: HTTP Error 501: Not Implemented
    [价格] 腾讯K线无数据，改用新浪K线兜底(sz161912)
    [价格] 腾讯K线失败(sh501207) https://web.ifzq.gtimg.cn/appstock/app/fqkline/get?param=sh501207,day,,,15,qfq: HTTP Error 501: Not Implemented
    [价格] 腾讯K线无数据，改用新浪K线兜底(sh501207)
    [价格] 腾讯K线失败(sz168101) https://web.ifzq.gtimg.cn/appstock/app/fqkline/get?param=sz168101,day,,,15,qfq: HTTP Error 501: Not Implemented
    [价格] 腾讯K线无数据，改用新浪K线兜底(sz168101)
    [价格] 腾讯K线失败(sz168101) https://web.ifzq.gtimg.cn/appstock/app/fqkline/get?param=sz168101,day,,,15,qfq: HTTP Error 501: Not Implemented
    [价格] 腾讯K线无数据，改用新浪K线兜底(sz168101)
    [价格] 腾讯K线失败(sh501207) https://web.ifzq.gtimg.cn/appstock/app/fqkline/get?param=sh501207,day,,,15,qfq: HTTP Error 501: Not Implemented
    [价格] 腾讯K线无数据，改用新浪K线兜底(sh501207)
    [价格] 腾讯K线失败(sz161912) https://web.ifzq.gtimg.cn/appstock/app/fqkline/get?param=sz161912,day,,,15,qfq: HTTP Error 501: Not Implemented
    [价格] 腾讯K线无数据，改用新浪K线兜底(sz161912)
    [价格] 腾讯K线失败(sz160314) https://web.ifzq.gtimg.cn/appstock/app/fqkline/get?param=sz160314,day,,,15,qfq: HTTP Error 501: Not Implemented
    [价格] 腾讯K线无数据，改用新浪K线兜底(sz160314)
    [价格] 腾讯K线失败(sz160314) https://web.ifzq.gtimg.cn/appstock/app/fqkline/get?param=sz160314,day,,,15,qfq: HTTP Error 501: Not Implemented
    [价格] 腾讯K线无数据，改用新浪K线兜底(sz160314)
    [价格] 腾讯K线失败(sz160421) https://web.ifzq.gtimg.cn/appstock/app/fqkline/get?param=sz160421,day,,,15,qfq: HTTP Error 501: Not Implemented
    [价格] 腾讯K线无数据，改用新浪K线兜底(sz160421)
    [价格] 腾讯K线失败(sz161729) https://web.ifzq.gtimg.cn/appstock/app/fqkline/get?param=sz161729,day,,,15,qfq: HTTP Error 501: Not Implemented
    [价格] 腾讯K线无数据，改用新浪K线兜底(sz161729)
    [价格] 腾讯K线失败(sh501001) https://web.ifzq.gtimg.cn/appstock/app/fqkline/get?param=sh501001,day,,,15,qfq: HTTP Error 501: Not Implemented
    [价格] 腾讯K线无数据，改用新浪K线兜底(sh501001)
    [价格] 腾讯K线失败(sh501001) https://web.ifzq.gtimg.cn/appstock/app/fqkline/get?param=sh501001,day,,,15,qfq: HTTP Error 501: Not Implemented
    [价格] 腾讯K线无数据，改用新浪K线兜底(sh501001)
    [价格] 腾讯K线失败(sz161815) https://web.ifzq.gtimg.cn/appstock/app/fqkline/get?param=sz161815,day,,,15,qfq: HTTP Error 501: Not Implemented
    [价格] 腾讯K线无数据，改用新浪K线兜底(sz161815)
    [价格] 腾讯K线失败(sz161729) https://web.ifzq.gtimg.cn/appstock/app/fqkline/get?param=sz161729,day,,,15,qfq: HTTP Error 501: Not Implemented
    [价格] 腾讯K线无数据，改用新浪K线兜底(sz161729)
    [价格] 腾讯K线失败(sz161815) https://web.ifzq.gtimg.cn/appstock/app/fqkline/get?param=sz161815,day,,,15,qfq: HTTP Error 501: Not Implemented
    [价格] 腾讯K线无数据，改用新浪K线兜底(sz161815)
    [价格] 腾讯K线失败(sz160421) https://web.ifzq.gtimg.cn/appstock/app/fqkline/get?param=sz160421,day,,,15,qfq: HTTP Error 501: Not Implemented
    [价格] 腾讯K线无数据，改用新浪K线兜底(sz160421)
    [价格] 腾讯K线失败(sh501215) https://web.ifzq.gtimg.cn/appstock/app/fqkline/get?param=sh501215,day,,,15,qfq: HTTP Error 501: Not Implemented
    [价格] 腾讯K线无数据，改用新浪K线兜底(sh501215)
    [价格] 腾讯K线失败(sh501215) https://web.ifzq.gtimg.cn/appstock/app/fqkline/get?param=sh501215,day,,,15,qfq: HTTP Error 501: Not Implemented
    [价格] 腾讯K线无数据，改用新浪K线兜底(sh501215)
    [价格] 腾讯K线失败(sz160324) https://web.ifzq.gtimg.cn/appstock/app/fqkline/get?param=sz160324,day,,,15,qfq: HTTP Error 501: Not Implemented
    [价格] 腾讯K线无数据，改用新浪K线兜底(sz160324)
    [价格] 腾讯K线失败(sz161131) https://web.ifzq.gtimg.cn/appstock/app/fqkline/get?param=sz161131,day,,,15,qfq: HTTP Error 501: Not Implemented
    [价格] 腾讯K线无数据，改用新浪K线兜底(sz161131)
    [价格] 腾讯K线失败(sz161131) https://web.ifzq.gtimg.cn/appstock/app/fqkline/get?param=sz161131,day,,,15,qfq: HTTP Error 501: Not Implemented
    [价格] 腾讯K线无数据，改用新浪K线兜底(sz161131)
    [价格] 腾讯K线失败(sz160324) https://web.ifzq.gtimg.cn/appstock/app/fqkline/get?param=sz160324,day,,,15,qfq: HTTP Error 501: Not Implemented
    [价格] 腾讯K线无数据，改用新浪K线兜底(sz160324)
    [价格] 腾讯K线失败(sh501022) https://web.ifzq.gtimg.cn/appstock/app/fqkline/get?param=sh501022,day,,,15,qfq: HTTP Error 501: Not Implemented
    [价格] 腾讯K线无数据，改用新浪K线兜底(sh501022)
    [价格] 腾讯K线失败(sh501017) https://web.ifzq.gtimg.cn/appstock/app/fqkline/get?param=sh501017,day,,,15,qfq: HTTP Error 501: Not Implemented
    [价格] 腾讯K线无数据，改用新浪K线兜底(sh501017)
    [价格] 腾讯K线失败(sz163116) https://web.ifzq.gtimg.cn/appstock/app/fqkline/get?param=sz163116,day,,,15,qfq: HTTP Error 501: Not Implemented
    [价格] 腾讯K线无数据，改用新浪K线兜底(sz163116)
    [价格] 腾讯K线失败(sh501022) https://web.ifzq.gtimg.cn/appstock/app/fqkline/get?param=sh501022,day,,,15,qfq: HTTP Error 501: Not Implemented
    [价格] 腾讯K线无数据，改用新浪K线兜底(sh501022)
    [价格] 腾讯K线失败(sz163116) https://web.ifzq.gtimg.cn/appstock/app/fqkline/get?param=sz163116,day,,,15,qfq: HTTP Error 501: Not Implemented
    [价格] 腾讯K线无数据，改用新浪K线兜底(sz163116)
    [警告] 基金信息页获取失败：HTTP Error 514: Frequency Capped
    [价格] 腾讯K线失败(sh501017) https://web.ifzq.gtimg.cn/appstock/app/fqkline/get?param=sh501017,day,,,15,qfq: HTTP Error 501: Not Implemented
    [价格] 腾讯K线无数据，改用新浪K线兜底(sh501017)
    [警告] 基金信息页获取失败：HTTP Error 514: Frequency Capped
    [价格] 腾讯K线失败(sh501188) https://web.ifzq.gtimg.cn/appstock/app/fqkline/get?param=sh501188,day,,,15,qfq: HTTP Error 501: Not Implemented
    [价格] 腾讯K线无数据，改用新浪K线兜底(sh501188)
    [价格] 腾讯K线失败(sz161038) https://web.ifzq.gtimg.cn/appstock/app/fqkline/get?param=sz161038,day,,,15,qfq: HTTP Error 501: Not Implemented
    [价格] 腾讯K线无数据，改用新浪K线兜底(sz161038)
    [价格] 腾讯K线失败(sh501188) https://web.ifzq.gtimg.cn/appstock/app/fqkline/get?param=sh501188,day,,,15,qfq: HTTP Error 501: Not Implemented
    [价格] 腾讯K线无数据，改用新浪K线兜底(sh501188)
    [价格] 腾讯K线失败(sz161038) https://web.ifzq.gtimg.cn/appstock/app/fqkline/get?param=sz161038,day,,,15,qfq: HTTP Error 501: Not Implemented
    [价格] 腾讯K线无数据，改用新浪K线兜底(sz161038)
    [价格] 腾讯K线失败(sz160626) https://web.ifzq.gtimg.cn/appstock/app/fqkline/get?param=sz160626,day,,,15,qfq: HTTP Error 501: Not Implemented
    [价格] 腾讯K线无数据，改用新浪K线兜底(sz160626)
    [价格] 腾讯K线失败(sz160626) https://web.ifzq.gtimg.cn/appstock/app/fqkline/get?param=sz160626,day,,,15,qfq: HTTP Error 501: Not Implemented
    [价格] 腾讯K线无数据，改用新浪K线兜底(sz160626)
    [价格] 腾讯K线失败(sz165528) https://web.ifzq.gtimg.cn/appstock/app/fqkline/get?param=sz165528,day,,,15,qfq: HTTP Error 501: Not Implemented
    [价格] 腾讯K线无数据，改用新浪K线兜底(sz165528)
    [价格] 腾讯K线失败(sz161811) https://web.ifzq.gtimg.cn/appstock/app/fqkline/get?param=sz161811,day,,,15,qfq: HTTP Error 501: Not Implemented
    [价格] 腾讯K线无数据，改用新浪K线兜底(sz161811)
    [价格] 腾讯K线失败(sz164705) https://web.ifzq.gtimg.cn/appstock/app/fqkline/get?param=sz164705,day,,,15,qfq: HTTP Error 501: Not Implemented
    [价格] 腾讯K线无数据，改用新浪K线兜底(sz164705)
    [价格] 腾讯K线失败(sz165528) https://web.ifzq.gtimg.cn/appstock/app/fqkline/get?param=sz165528,day,,,15,qfq: HTTP Error 501: Not Implemented
    [价格] 腾讯K线无数据，改用新浪K线兜底(sz165528)
    [价格] 腾讯K线失败(sz160719) https://web.ifzq.gtimg.cn/appstock/app/fqkline/get?param=sz160719,day,,,15,qfq: HTTP Error 501: Not Implemented
    [价格] 腾讯K线无数据，改用新浪K线兜底(sz160719)
    [价格] 腾讯K线失败(sz162207) https://web.ifzq.gtimg.cn/appstock/app/fqkline/get?param=sz162207,day,,,15,qfq: HTTP Error 501: Not Implemented
    [价格] 腾讯K线无数据，改用新浪K线兜底(sz162207)
    [价格] 腾讯K线失败(sz160140) https://web.ifzq.gtimg.cn/appstock/app/fqkline/get?param=sz160140,day,,,15,qfq: HTTP Error 501: Not Implemented
    [价格] 腾讯K线无数据，改用新浪K线兜底(sz160140)
    [价格] 腾讯K线失败(sz164906) https://web.ifzq.gtimg.cn/appstock/app/fqkline/get?param=sz164906,day,,,15,qfq: HTTP Error 501: Not Implemented
    [价格] 腾讯K线无数据，改用新浪K线兜底(sz164906)
    [价格] 腾讯K线失败(sz164824) https://web.ifzq.gtimg.cn/appstock/app/fqkline/get?param=sz164824,day,,,15,qfq: HTTP Error 501: Not Implemented
    [价格] 腾讯K线无数据，改用新浪K线兜底(sz164824)
    [价格] 腾讯K线失败(sz161811) https://web.ifzq.gtimg.cn/appstock/app/fqkline/get?param=sz161811,day,,,15,qfq: HTTP Error 501: Not Implemented
    [价格] 腾讯K线无数据，改用新浪K线兜底(sz161811)
    [价格] 腾讯K线失败(sz165309) https://web.ifzq.gtimg.cn/appstock/app/fqkline/get?param=sz165309,day,,,15,qfq: HTTP Error 501: Not Implemented
    [价格] 腾讯K线无数据，改用新浪K线兜底(sz165309)
    [价格] 腾讯K线失败(sh501312) https://web.ifzq.gtimg.cn/appstock/app/fqkline/get?param=sh501312,day,,,15,qfq: HTTP Error 501: Not Implemented
    [价格] 腾讯K线无数据，改用新浪K线兜底(sh501312)
    [价格] 腾讯K线失败(sh501300) https://web.ifzq.gtimg.cn/appstock/app/fqkline/get?param=sh501300,day,,,15,qfq: HTTP Error 501: Not Implemented
    [价格] 腾讯K线无数据，改用新浪K线兜底(sh501300)
    [价格] 腾讯K线失败(sz165309) https://web.ifzq.gtimg.cn/appstock/app/fqkline/get?param=sz165309,day,,,15,qfq: HTTP Error 501: Not Implemented
    [价格] 腾讯K线无数据，改用新浪K线兜底(sz165309)----------------------------------------
Exception occurred during processing of request from ('127.0.0.1', 4395)
Traceback (most recent call last):
  File "C:\Users\USER\WorkBuddy\2026-07-25-17-33-05\fund_arb.py", line 3649, in do_GET
    self._send(200, json.dumps(data, ensure_ascii=False))
    ~~~~~~~~~~^^^^^^^^^^^^^^^^^^^^^^^^^^^^^^^^^^^^^^^^^^^
  File "C:\Users\USER\WorkBuddy\2026-07-25-17-33-05\fund_arb.py", line 3547, in _send
    self.end_headers()
    ~~~~~~~~~~~~~~~~^^
  File "C:\Users\USER\.workbuddy\binaries\python\versions\3.13.12\Lib\http\server.py", line 549, in end_headers
    self.flush_headers()
    ~~~~~~~~~~~~~~~~~~^^
  File "C:\Users\USER\.workbuddy\binaries\python\versions\3.13.12\Lib\http\server.py", line 553, in flush_headers
    self.wfile.write(b"".join(self._headers_buffer))
    ~~~~~~~~~~~~~~~~^^^^^^^^^^^^^^^^^^^^^^^^^^^^^^^^
  File "C:\Users\USER\.workbuddy\binaries\python\versions\3.13.12\Lib\socketserver.py", line 845, in write
    self._sock.sendall(b)
    ~~~~~~~~~~~~~~~~~~^^^
ConnectionResetError: [WinError 10054] 远程主机强迫关闭了一个现有的连接。

During handling of the above exception, another exception occurred:

Traceback (most recent call last):
  File "C:\Users\USER\.workbuddy\binaries\python\versions\3.13.12\Lib\socketserver.py", line 697, in process_request_thread
    self.finish_request(request, client_address)
    ~~~~~~~~~~~~~~~~~~~^^^^^^^^^^^^^^^^^^^^^^^^^
  File "C:\Users\USER\.workbuddy\binaries\python\versions\3.13.12\Lib\socketserver.py", line 362, in finish_request
    self.RequestHandlerClass(request, client_address, self)
    ~~~~~~~~~~~~~~~~~~~~~~~~^^^^^^^^^^^^^^^^^^^^^^^^^^^^^^^
  File "C:\Users\USER\.workbuddy\binaries\python\versions\3.13.12\Lib\socketserver.py", line 766, in __init__
    self.handle()
    ~~~~~~~~~~~^^
  File "C:\Users\USER\.workbuddy\binaries\python\versions\3.13.12\Lib\http\server.py", line 447, in handle
    self.handle_one_request()
    ~~~~~~~~~~~~~~~~~~~~~~~^^
  File "C:\Users\USER\.workbuddy\binaries\python\versions\3.13.12\Lib\http\server.py", line 435, in handle_one_request
    method()
    ~~~~~~^^
  File "C:\Users\USER\WorkBuddy\2026-07-25-17-33-05\fund_arb.py", line 3651, in do_GET
    self._send(200, json.dumps({"error": str(e), "date": date}, ensure_ascii=False))
    ~~~~~~~~~~^^^^^^^^^^^^^^^^^^^^^^^^^^^^^^^^^^^^^^^^^^^^^^^^^^^^^^^^^^^^^^^^^^^^^^
  File "C:\Users\USER\WorkBuddy\2026-07-25-17-33-05\fund_arb.py", line 3547, in _send
    self.end_headers()
    ~~~~~~~~~~~~~~~~^^
  File "C:\Users\USER\.workbuddy\binaries\python\versions\3.13.12\Lib\http\server.py", line 549, in end_headers
    self.flush_headers()
    ~~~~~~~~~~~~~~~~~~^^
  File "C:\Users\USER\.workbuddy\binaries\python\versions\3.13.12\Lib\http\server.py", line 553, in flush_headers
    self.wfile.write(b"".join(self._headers_buffer))
    ~~~~~~~~~~~~~~~~^^^^^^^^^^^^^^^^^^^^^^^^^^^^^^^^
  File "C:\Users\USER\.workbuddy\binaries\python\versions\3.13.12\Lib\socketserver.py", line 845, in write
    self._sock.sendall(b)
    ~~~~~~~~~~~~~~~~~~^^^
ConnectionResetError: [WinError 10054] 远程主机强迫关闭了一个现有的连接。
----------------------------------------

    [价格] 腾讯K线失败(sz162207) https://web.ifzq.gtimg.cn/appstock/app/fqkline/get?param=sz162207,day,,,15,qfq: HTTP Error 501: Not Implemented
    [价格] 腾讯K线无数据，改用新浪K线兜底(sz162207)
    [价格] 腾讯K线失败(sz166027) https://web.ifzq.gtimg.cn/appstock/app/fqkline/get?param=sz166027,day,,,15,qfq: HTTP Error 501: Not Implemented
    [价格] 腾讯K线无数据，改用新浪K线兜底(sz166027)
    [价格] 腾讯K线失败(sh501205) https://web.ifzq.gtimg.cn/appstock/app/fqkline/get?param=sh501205,day,,,15,qfq: HTTP Error 501: Not Implemented
    [价格] 腾讯K线无数据，改用新浪K线兜底(sh501205)
    [价格] 腾讯K线失败(sh501208) https://web.ifzq.gtimg.cn/appstock/app/fqkline/get?param=sh501208,day,,,15,qfq: HTTP Error 501: Not Implemented
    [价格] 腾讯K线无数据，改用新浪K线兜底(sh501208)
    [价格] 腾讯K线失败(sz166027) https://web.ifzq.gtimg.cn/appstock/app/fqkline/get?param=sz166027,day,,,15,qfq: HTTP Error 501: Not Implemented
    [价格] 腾讯K线无数据，改用新浪K线兜底(sz166027)
    [价格] 腾讯K线失败(sh501208) https://web.ifzq.gtimg.cn/appstock/app/fqkline/get?param=sh501208,day,,,15,qfq: HTTP Error 501: Not Implemented
    [价格] 腾讯K线无数据，改用新浪K线兜底(sh501208)
    [价格] 腾讯K线失败(sh501088) https://web.ifzq.gtimg.cn/appstock/app/fqkline/get?param=sh501088,day,,,15,qfq: HTTP Error 501: Not Implemented
    [价格] 腾讯K线无数据，改用新浪K线兜底(sh501088)
    [价格] 腾讯K线失败(sz169102) https://web.ifzq.gtimg.cn/appstock/app/fqkline/get?param=sz169102,day,,,15,qfq: HTTP Error 501: Not Implemented
    [价格] 腾讯K线无数据，改用新浪K线兜底(sz169102)
    [价格] 腾讯K线失败(sz169107) https://web.ifzq.gtimg.cn/appstock/app/fqkline/get?param=sz169107,day,,,15,qfq: HTTP Error 501: Not Implemented
    [价格] 腾讯K线无数据，改用新浪K线兜底(sz169107)
    [价格] 腾讯K线失败(sz160422) https://web.ifzq.gtimg.cn/appstock/app/fqkline/get?param=sz160422,day,,,15,qfq: HTTP Error 501: Not Implemented
    [价格] 腾讯K线无数据，改用新浪K线兜底(sz160422)
    [价格] 腾讯K线失败(sh506008) https://web.ifzq.gtimg.cn/appstock/app/fqkline/get?param=sh506008,day,,,15,qfq: HTTP Error 501: Not Implemented
    [价格] 腾讯K线无数据，改用新浪K线兜底(sh506008)
    [价格] 腾讯K线失败(sz160717) https://web.ifzq.gtimg.cn/appstock/app/fqkline/get?param=sz160717,day,,,15,qfq: HTTP Error 501: Not Implemented
    [价格] 腾讯K线无数据，改用新浪K线兜底(sz160717)
    [价格] 腾讯K线失败(sz160611) https://web.ifzq.gtimg.cn/appstock/app/fqkline/get?param=sz160611,day,,,15,qfq: HTTP Error 501: Not Implemented
    [价格] 腾讯K线无数据，改用新浪K线兜底(sz160611)
    [价格] 腾讯K线失败(sz160632) https://web.ifzq.gtimg.cn/appstock/app/fqkline/get?param=sz160632,day,,,15,qfq: HTTP Error 501: Not Implemented
    [价格] 腾讯K线无数据，改用新浪K线兜底(sz160632)
    [价格] 腾讯K线失败(sz161129) https://web.ifzq.gtimg.cn/appstock/app/fqkline/get?param=sz161129,day,,,15,qfq: HTTP Error 501: Not Implemented
    [价格] 腾讯K线无数据，改用新浪K线兜底(sz161129)
    [价格] 腾讯K线失败(sz161126) https://web.ifzq.gtimg.cn/appstock/app/fqkline/get?param=sz161126,day,,,15,qfq: HTTP Error 501: Not Implemented
    [价格] 腾讯K线无数据，改用新浪K线兜底(sz161126)
    [价格] 腾讯K线失败(sh501225) https://web.ifzq.gtimg.cn/appstock/app/fqkline/get?param=sh501225,day,,,15,qfq: HTTP Error 501: Not Implemented
    [价格] 腾讯K线无数据，改用新浪K线兜底(sh501225)
    [价格] 腾讯K线失败(sz161116) https://web.ifzq.gtimg.cn/appstock/app/fqkline/get?param=sz161116,day,,,15,qfq: HTTP Error 501: Not Implemented
    [价格] 腾讯K线无数据，改用新浪K线兜底(sz161116)
    [价格] 腾讯K线失败(sz167301) https://web.ifzq.gtimg.cn/appstock/app/fqkline/get?param=sz167301,day,,,15,qfq: HTTP Error 501: Not Implemented
    [价格] 腾讯K线无数据，改用新浪K线兜底(sz167301)
    [价格] 腾讯K线失败(sh501205) https://web.ifzq.gtimg.cn/appstock/app/fqkline/get?param=sh501205,day,,,15,qfq: HTTP Error 501: Not Implemented
    [价格] 腾讯K线无数据，改用新浪K线兜底(sh501205)
    [价格] 腾讯K线失败(sz160611) https://web.ifzq.gtimg.cn/appstock/app/fqkline/get?param=sz160611,day,,,15,qfq: HTTP Error 501: Not Implemented
    [价格] 腾讯K线无数据，改用新浪K线兜底(sz160611)
    [价格] 腾讯K线失败(sz161831) https://web.ifzq.gtimg.cn/appstock/app/fqkline/get?param=sz161831,day,,,15,qfq: HTTP Error 501: Not Implemented
    [价格] 腾讯K线无数据，改用新浪K线兜底(sz161831)
    [价格] 腾讯K线失败(sz160924) https://web.ifzq.gtimg.cn/appstock/app/fqkline/get?param=sz160924,day,,,15,qfq: HTTP Error 501: Not Implemented
    [价格] 腾讯K线无数据，改用新浪K线兜底(sz160924)
    [价格] 腾讯K线失败(sz161124) https://web.ifzq.gtimg.cn/appstock/app/fqkline/get?param=sz161124,day,,,15,qfq: HTTP Error 501: Not Implemented
    [价格] 腾讯K线无数据，改用新浪K线兜底(sz161124)
    [价格] 腾讯K线失败(sz161226) https://web.ifzq.gtimg.cn/appstock/app/fqkline/get?param=sz161226,day,,,15,qfq: HTTP Error 501: Not Implemented
    [价格] 腾讯K线无数据，改用新浪K线兜底(sz161226)
    [价格] 腾讯K线失败(sh501062) https://web.ifzq.gtimg.cn/appstock/app/fqkline/get?param=sh501062,day,,,15,qfq: HTTP Error 501: Not Implemented
    [价格] 腾讯K线无数据，改用新浪K线兜底(sh501062)
    [价格] 腾讯K线失败(sh501093) https://web.ifzq.gtimg.cn/appstock/app/fqkline/get?param=sh501093,day,,,15,qfq: HTTP Error 501: Not Implemented
    [价格] 腾讯K线无数据，改用新浪K线兜底(sh501093)
    [价格] 腾讯K线失败(sh501070) https://web.ifzq.gtimg.cn/appstock/app/fqkline/get?param=sh501070,day,,,15,qfq: HTTP Error 501: Not Implemented
    [价格] 腾讯K线无数据，改用新浪K线兜底(sh501070)
    [价格] 腾讯K线失败(sh501065) https://web.ifzq.gtimg.cn/appstock/app/fqkline/get?param=sh501065,day,,,15,qfq: HTTP Error 501: Not Implemented
    [价格] 腾讯K线无数据，改用新浪K线兜底(sh501065)
    [价格] 腾讯K线失败(sh501046) https://web.ifzq.gtimg.cn/appstock/app/fqkline/get?param=sh501046,day,,,15,qfq: HTTP Error 501: Not Implemented
    [价格] 腾讯K线无数据，改用新浪K线兜底(sh501046)
    [价格] 腾讯K线失败(sz163208) https://web.ifzq.gtimg.cn/appstock/app/fqkline/get?param=sz163208,day,,,15,qfq: HTTP Error 501: Not Implemented
    [价格] 腾讯K线无数据，改用新浪K线兜底(sz163208)
    [价格] 腾讯K线失败(sz166025) https://web.ifzq.gtimg.cn/appstock/app/fqkline/get?param=sz166025,day,,,15,qfq: HTTP Error 501: Not Implemented
    [价格] 腾讯K线无数据，改用新浪K线兜底(sz166025)
    [价格] 腾讯K线失败(sz164701) https://web.ifzq.gtimg.cn/appstock/app/fqkline/get?param=sz164701,day,,,15,qfq: HTTP Error 501: Not Implemented
    [价格] 腾讯K线无数据，改用新浪K线兜底(sz164701)
    [价格] 腾讯K线失败(sz161837) https://web.ifzq.gtimg.cn/appstock/app/fqkline/get?param=sz161837,day,,,15,qfq: HTTP Error 501: Not Implemented
    [价格] 腾讯K线无数据，改用新浪K线兜底(sz161837)
    [价格] 腾讯K线失败(sz162720) https://web.ifzq.gtimg.cn/appstock/app/fqkline/get?param=sz162720,day,,,15,qfq: HTTP Error 501: Not Implemented
    [价格] 腾讯K线无数据，改用新浪K线兜底(sz162720)
    [价格] 腾讯K线失败(sz160639) https://web.ifzq.gtimg.cn/appstock/app/fqkline/get?param=sz160639,day,,,15,qfq: HTTP Error 501: Not Implemented
    [价格] 腾讯K线无数据，改用新浪K线兜底(sz160639)
    [价格] 腾讯K线失败(sz161820) https://web.ifzq.gtimg.cn/appstock/app/fqkline/get?param=sz161820,day,,,15,qfq: HTTP Error 501: Not Implemented
    [价格] 腾讯K线无数据，改用新浪K线兜底(sz161820)
    [价格] 腾讯K线失败(sh506006) https://web.ifzq.gtimg.cn/appstock/app/fqkline/get?param=sh506006,day,,,15,qfq: HTTP Error 501: Not Implemented
    [价格] 腾讯K线无数据，改用新浪K线兜底(sh506006)
    [价格] 腾讯K线失败(sz160416) https://web.ifzq.gtimg.cn/appstock/app/fqkline/get?param=sz160416,day,,,15,qfq: HTTP Error 501: Not Implemented
    [价格] 腾讯K线无数据，改用新浪K线兜底(sz160416)
    [价格] 腾讯K线失败(sz161130) https://web.ifzq.gtimg.cn/appstock/app/fqkline/get?param=sz161130,day,,,15,qfq: HTTP Error 501: Not Implemented
    [价格] 腾讯K线无数据，改用新浪K线兜底(sz161130)
    [价格] 腾讯K线失败(sz160216) https://web.ifzq.gtimg.cn/appstock/app/fqkline/get?param=sz160216,day,,,15,qfq: HTTP Error 501: Not Implemented
    [价格] 腾讯K线无数据，改用新浪K线兜底(sz160216)
    [价格] 腾讯K线失败(sh501018) https://web.ifzq.gtimg.cn/appstock/app/fqkline/get?param=sh501018,day,,,15,qfq: HTTP Error 501: Not Implemented
    [价格] 腾讯K线无数据，改用新浪K线兜底(sh501018)
    [价格] 腾讯K线失败(sz161032) https://web.ifzq.gtimg.cn/appstock/app/fqkline/get?param=sz161032,day,,,15,qfq: HTTP Error 501: Not Implemented
    [价格] 腾讯K线无数据，改用新浪K线兜底(sz161032)
    [价格] 腾讯K线失败(sz160225) https://web.ifzq.gtimg.cn/appstock/app/fqkline/get?param=sz160225,day,,,15,qfq: HTTP Error 501: Not Implemented
    [价格] 腾讯K线无数据，改用新浪K线兜底(sz160225)
    [价格] 腾讯K线失败(sz160143) https://web.ifzq.gtimg.cn/appstock/app/fqkline/get?param=sz160143,day,,,15,qfq: HTTP Error 501: Not Implemented
    [价格] 腾讯K线无数据，改用新浪K线兜底(sz160143)
    [价格] 腾讯K线失败(sz160723) https://web.ifzq.gtimg.cn/appstock/app/fqkline/get?param=sz160723,day,,,15,qfq: HTTP Error 501: Not Implemented
    [价格] 腾讯K线无数据，改用新浪K线兜底(sz160723)
    [价格] 腾讯K线失败(sz164812) https://web.ifzq.gtimg.cn/appstock/app/fqkline/get?param=sz164812,day,,,15,qfq: HTTP Error 501: Not Implemented
    [价格] 腾讯K线无数据，改用新浪K线兜底(sz164812)
    [价格] 腾讯K线失败(sz160529) https://web.ifzq.gtimg.cn/appstock/app/fqkline/get?param=sz160529,day,,,15,qfq: HTTP Error 501: Not Implemented
    [价格] 腾讯K线无数据，改用新浪K线兜底(sz160529)
    [价格] 腾讯K线失败(sh506001) https://web.ifzq.gtimg.cn/appstock/app/fqkline/get?param=sh506001,day,,,15,qfq: HTTP Error 501: Not Implemented
    [价格] 腾讯K线无数据，改用新浪K线兜底(sh506001)
    [价格] 腾讯K线失败(sh506003) https://web.ifzq.gtimg.cn/appstock/app/fqkline/get?param=sh506003,day,,,15,qfq: HTTP Error 501: Not Implemented
    [价格] 腾讯K线无数据，改用新浪K线兜底(sh506003)
    [价格] 腾讯K线失败(sz161130) https://web.ifzq.gtimg.cn/appstock/app/fqkline/get?param=sz161130,day,,,15,qfq: HTTP Error 501: Not Implemented
    [价格] 腾讯K线无数据，改用新浪K线兜底(sz161130)
    [价格] 腾讯K线失败(sz161914) https://web.ifzq.gtimg.cn/appstock/app/fqkline/get?param=sz161914,day,,,15,qfq: HTTP Error 501: Not Implemented
    [价格] 腾讯K线无数据，改用新浪K线兜底(sz161914)
    [价格] 腾讯K线失败(sz160922) https://web.ifzq.gtimg.cn/appstock/app/fqkline/get?param=sz160922,day,,,15,qfq: HTTP Error 501: Not Implemented
    [价格] 腾讯K线无数据，改用新浪K线兜底(sz160922)
    [价格] 腾讯K线失败(sz161128) https://web.ifzq.gtimg.cn/appstock/app/fqkline/get?param=sz161128,day,,,15,qfq: HTTP Error 501: Not Implemented
    [价格] 腾讯K线无数据，改用新浪K线兜底(sz161128)
    [价格] 腾讯K线失败(sz161127) https://web.ifzq.gtimg.cn/appstock/app/fqkline/get?param=sz161127,day,,,15,qfq: HTTP Error 501: Not Implemented
    [价格] 腾讯K线无数据，改用新浪K线兜底(sz161127)
    [价格] 腾讯K线失败(sh501031) https://web.ifzq.gtimg.cn/appstock/app/fqkline/get?param=sh501031,day,,,15,qfq: HTTP Error 501: Not Implemented
    [价格] 腾讯K线无数据，改用新浪K线兜底(sh501031)
    [价格] 腾讯K线失败(sz161725) https://web.ifzq.gtimg.cn/appstock/app/fqkline/get?param=sz161725,day,,,15,qfq: HTTP Error 501: Not Implemented
    [价格] 腾讯K线无数据，改用新浪K线兜底(sz161725)
    [价格] 腾讯K线失败(sz160143) https://web.ifzq.gtimg.cn/appstock/app/fqkline/get?param=sz160143,day,,,15,qfq: HTTP Error 501: Not Implemented
    [价格] 腾讯K线无数据，改用新浪K线兜底(sz160143)
    [价格] 腾讯K线失败(sh506005) https://web.ifzq.gtimg.cn/appstock/app/fqkline/get?param=sh506005,day,,,15,qfq: HTTP Error 501: Not Implemented
    [价格] 腾讯K线无数据，改用新浪K线兜底(sh506005)
    [价格] 腾讯K线失败(sz160726) https://web.ifzq.gtimg.cn/appstock/app/fqkline/get?param=sz160726,day,,,15,qfq: HTTP Error 501: Not Implemented
    [价格] 腾讯K线无数据，改用新浪K线兜底(sz160726)
    [价格] 腾讯K线失败(sz161226) https://web.ifzq.gtimg.cn/appstock/app/fqkline/get?param=sz161226,day,,,15,qfq: HTTP Error 501: Not Implemented
    [价格] 腾讯K线无数据，改用新浪K线兜底(sz161226)
    [价格] 腾讯K线失败(sz161132) https://web.ifzq.gtimg.cn/appstock/app/fqkline/get?param=sz161132,day,,,15,qfq: HTTP Error 501: Not Implemented
    [价格] 腾讯K线无数据，改用新浪K线兜底(sz161132)
    [价格] 腾讯K线失败(sh501025) https://web.ifzq.gtimg.cn/appstock/app/fqkline/get?param=sh501025,day,,,15,qfq: HTTP Error 501: Not Implemented
    [价格] 腾讯K线无数据，改用新浪K线兜底(sh501025)
    [价格] 腾讯K线失败(sz160415) https://web.ifzq.gtimg.cn/appstock/app/fqkline/get?param=sz160415,day,,,15,qfq: HTTP Error 501: Not Implemented
    [价格] 腾讯K线无数据，改用新浪K线兜底(sz160415)
    [价格] 腾讯K线失败(sz160644) https://web.ifzq.gtimg.cn/appstock/app/fqkline/get?param=sz160644,day,,,15,qfq: HTTP Error 501: Not Implemented
    [价格] 腾讯K线无数据，改用新浪K线兜底(sz160644)
    [价格] 腾讯K线失败(sh506000) https://web.ifzq.gtimg.cn/appstock/app/fqkline/get?param=sh506000,day,,,15,qfq: HTTP Error 501: Not Implemented
    [价格] 腾讯K线无数据，改用新浪K线兜底(sh506000)
    [价格] 腾讯K线失败(sz162719) https://web.ifzq.gtimg.cn/appstock/app/fqkline/get?param=sz162719,day,,,15,qfq: HTTP Error 501: Not Implemented
    [价格] 腾讯K线无数据，改用新浪K线兜底(sz162719)
    [价格] 腾讯K线失败(sz161040) https://web.ifzq.gtimg.cn/appstock/app/fqkline/get?param=sz161040,day,,,15,qfq: HTTP Error 501: Not Implemented
    [价格] 腾讯K线无数据，改用新浪K线兜底(sz161040)
    [价格] 腾讯K线失败(sz162719) https://web.ifzq.gtimg.cn/appstock/app/fqkline/get?param=sz162719,day,,,15,qfq: HTTP Error 501: Not Implemented
    [价格] 腾讯K线无数据，改用新浪K线兜底(sz162719)
    [价格] 腾讯K线失败(sh501012) https://web.ifzq.gtimg.cn/appstock/app/fqkline/get?param=sh501012,day,,,15,qfq: HTTP Error 501: Not Implemented
    [价格] 腾讯K线无数据，改用新浪K线兜底(sh501012)
    [价格] 腾讯K线失败(sh506002) https://web.ifzq.gtimg.cn/appstock/app/fqkline/get?param=sh506002,day,,,15,qfq: HTTP Error 501: Not Implemented
    [价格] 腾讯K线无数据，改用新浪K线兜底(sh506002)
    [价格] 腾讯K线失败(sz160325) https://web.ifzq.gtimg.cn/appstock/app/fqkline/get?param=sz160325,day,,,15,qfq: HTTP Error 501: Not Implemented
    [价格] 腾讯K线无数据，改用新浪K线兜底(sz160325)
    [价格] 腾讯K线失败(sz161040) https://web.ifzq.gtimg.cn/appstock/app/fqkline/get?param=sz161040,day,,,15,qfq: HTTP Error 501: Not Implemented
    [价格] 腾讯K线无数据，改用新浪K线兜底(sz161040)
    [价格] 腾讯K线失败(sz162411) https://web.ifzq.gtimg.cn/appstock/app/fqkline/get?param=sz162411,day,,,15,qfq: HTTP Error 501: Not Implemented
    [价格] 腾讯K线无数据，改用新浪K线兜底(sz162411)
    [价格] 腾讯K线失败(sh501038) https://web.ifzq.gtimg.cn/appstock/app/fqkline/get?param=sh501038,day,,,15,qfq: HTTP Error 501: Not Implemented
    [价格] 腾讯K线无数据，改用新浪K线兜底(sh501038)
    [价格] 腾讯K线失败(sz161128) https://web.ifzq.gtimg.cn/appstock/app/fqkline/get?param=sz161128,day,,,15,qfq: HTTP Error 501: Not Implemented
    [价格] 腾讯K线无数据，改用新浪K线兜底(sz161128)
    [价格] 腾讯K线失败(sz161125) https://web.ifzq.gtimg.cn/appstock/app/fqkline/get?param=sz161125,day,,,15,qfq: HTTP Error 501: Not Implemented
    [价格] 腾讯K线无数据，改用新浪K线兜底(sz161125)
    [价格] 腾讯K线失败(sz161125) https://web.ifzq.gtimg.cn/appstock/app/fqkline/get?param=sz161125,day,,,15,qfq: HTTP Error 501: Not Implemented
    [价格] 腾讯K线无数据，改用新浪K线兜底(sz161125)
    [价格] 腾讯K线失败(sh501018) https://web.ifzq.gtimg.cn/appstock/app/fqkline/get?param=sh501018,day,,,15,qfq: HTTP Error 501: Not Implemented
    [价格] 腾讯K线无数据，改用新浪K线兜底(sh501018)
    [价格] 腾讯K线失败(sz161129) https://web.ifzq.gtimg.cn/appstock/app/fqkline/get?param=sz161129,day,,,15,qfq: HTTP Error 501: Not Implemented
    [价格] 腾讯K线无数据，改用新浪K线兜底(sz161129)
    [价格] 腾讯K线失败(sz161812) https://web.ifzq.gtimg.cn/appstock/app/fqkline/get?param=sz161812,day,,,15,qfq: HTTP Error 501: Not Implemented
    [价格] 腾讯K线无数据，改用新浪K线兜底(sz161812)
    [价格] 腾讯K线失败(sz166107) https://web.ifzq.gtimg.cn/appstock/app/fqkline/get?param=sz166107,day,,,15,qfq: HTTP Error 501: Not Implemented
    [价格] 腾讯K线无数据，改用新浪K线兜底(sz166107)
    [价格] 腾讯K线失败(sz160926) https://web.ifzq.gtimg.cn/appstock/app/fqkline/get?param=sz160926,day,,,15,qfq: HTTP Error 501: Not Implemented
    [价格] 腾讯K线无数据，改用新浪K线兜底(sz160926)
    [价格] 腾讯K线失败(sz163208) https://web.ifzq.gtimg.cn/appstock/app/fqkline/get?param=sz163208,day,,,15,qfq: HTTP Error 501: Not Implemented
    [价格] 腾讯K线无数据，改用新浪K线兜底(sz163208)
    [价格] 腾讯K线失败(sh501015) https://web.ifzq.gtimg.cn/appstock/app/fqkline/get?param=sh501015,day,,,15,qfq: HTTP Error 501: Not Implemented
    [价格] 腾讯K线无数据，改用新浪K线兜底(sh501015)
    [价格] 腾讯K线失败(sh501225) https://web.ifzq.gtimg.cn/appstock/app/fqkline/get?param=sh501225,day,,,15,qfq: HTTP Error 501: Not Implemented
    [价格] 腾讯K线无数据，改用新浪K线兜底(sh501225)
    [价格] 腾讯K线失败(sz160512) https://web.ifzq.gtimg.cn/appstock/app/fqkline/get?param=sz160512,day,,,15,qfq: HTTP Error 501: Not Implemented
    [价格] 腾讯K线无数据，改用新浪K线兜底(sz160512)
    [价格] 腾讯K线失败(sz160416) https://web.ifzq.gtimg.cn/appstock/app/fqkline/get?param=sz160416,day,,,15,qfq: HTTP Error 501: Not Implemented
    [价格] 腾讯K线无数据，改用新浪K线兜底(sz160416)
    [价格] 腾讯K线失败(sz165516) https://web.ifzq.gtimg.cn/appstock/app/fqkline/get?param=sz165516,day,,,15,qfq: HTTP Error 501: Not Implemented
    [价格] 腾讯K线无数据，改用新浪K线兜底(sz165516)
    [价格] 腾讯K线失败(sz160723) https://web.ifzq.gtimg.cn/appstock/app/fqkline/get?param=sz160723,day,,,15,qfq: HTTP Error 501: Not Implemented
    [价格] 腾讯K线无数据，改用新浪K线兜底(sz160723)
    [价格] 腾讯K线失败(sh501026) https://web.ifzq.gtimg.cn/appstock/app/fqkline/get?param=sh501026,day,,,15,qfq: HTTP Error 501: Not Implemented
    [价格] 腾讯K线无数据，改用新浪K线兜底(sh501026)
    [价格] 腾讯K线失败(sh501032) https://web.ifzq.gtimg.cn/appstock/app/fqkline/get?param=sh501032,day,,,15,qfq: HTTP Error 501: Not Implemented
    [价格] 腾讯K线无数据，改用新浪K线兜底(sh501032)
    [价格] 腾讯K线失败(sz169105) https://web.ifzq.gtimg.cn/appstock/app/fqkline/get?param=sz169105,day,,,15,qfq: HTTP Error 501: Not Implemented
    [价格] 腾讯K线无数据，改用新浪K线兜底(sz169105)
    [价格] 腾讯K线失败(sz161610) https://web.ifzq.gtimg.cn/appstock/app/fqkline/get?param=sz161610,day,,,15,qfq: HTTP Error 501: Not Implemented
    [价格] 腾讯K线无数据，改用新浪K线兜底(sz161610)
    [价格] 腾讯K线失败(sz165313) https://web.ifzq.gtimg.cn/appstock/app/fqkline/get?param=sz165313,day,,,15,qfq: HTTP Error 501: Not Implemented
    [价格] 腾讯K线无数据，改用新浪K线兜底(sz165313)
    [价格] 腾讯K线失败(sz164508) https://web.ifzq.gtimg.cn/appstock/app/fqkline/get?param=sz164508,day,,,15,qfq: HTTP Error 501: Not Implemented
    [价格] 腾讯K线无数据，改用新浪K线兜底(sz164508)
    [价格] 腾讯K线失败(sz163503) https://web.ifzq.gtimg.cn/appstock/app/fqkline/get?param=sz163503,day,,,15,qfq: HTTP Error 501: Not Implemented
    [价格] 腾讯K线无数据，改用新浪K线兜底(sz163503)
    [价格] 腾讯K线失败(sh501025) https://web.ifzq.gtimg.cn/appstock/app/fqkline/get?param=sh501025,day,,,15,qfq: HTTP Error 501: Not Implemented
    [价格] 腾讯K线无数据，改用新浪K线兜底(sh501025)
    [价格] 腾讯K线失败(sz160722) https://web.ifzq.gtimg.cn/appstock/app/fqkline/get?param=sz160722,day,,,15,qfq: HTTP Error 501: Not Implemented
    [价格] 腾讯K线无数据，改用新浪K线兜底(sz160722)
    [价格] 腾讯K线失败(sz161912) https://web.ifzq.gtimg.cn/appstock/app/fqkline/get?param=sz161912,day,,,15,qfq: HTTP Error 501: Not Implemented
    [价格] 腾讯K线无数据，改用新浪K线兜底(sz161912)
    [价格] 腾讯K线失败(sz168101) https://web.ifzq.gtimg.cn/appstock/app/fqkline/get?param=sz168101,day,,,15,qfq: HTTP Error 501: Not Implemented
    [价格] 腾讯K线无数据，改用新浪K线兜底(sz168101)
    [价格] 腾讯K线失败(sz161729) https://web.ifzq.gtimg.cn/appstock/app/fqkline/get?param=sz161729,day,,,15,qfq: HTTP Error 501: Not Implemented
    [价格] 腾讯K线无数据，改用新浪K线兜底(sz161729)
    [价格] 腾讯K线失败(sz160421) https://web.ifzq.gtimg.cn/appstock/app/fqkline/get?param=sz160421,day,,,15,qfq: HTTP Error 501: Not Implemented
    [价格] 腾讯K线无数据，改用新浪K线兜底(sz160421)
    [价格] 腾讯K线失败(sh501207) https://web.ifzq.gtimg.cn/appstock/app/fqkline/get?param=sh501207,day,,,15,qfq: HTTP Error 501: Not Implemented
    [价格] 腾讯K线无数据，改用新浪K线兜底(sh501207)
    [价格] 腾讯K线失败(sz160314) https://web.ifzq.gtimg.cn/appstock/app/fqkline/get?param=sz160314,day,,,15,qfq: HTTP Error 501: Not Implemented
    [价格] 腾讯K线无数据，改用新浪K线兜底(sz160314)
    [价格] 腾讯K线失败(sh501001) https://web.ifzq.gtimg.cn/appstock/app/fqkline/get?param=sh501001,day,,,15,qfq: HTTP Error 501: Not Implemented
    [价格] 腾讯K线无数据，改用新浪K线兜底(sh501001)
    [价格] 腾讯K线失败(sz161815) https://web.ifzq.gtimg.cn/appstock/app/fqkline/get?param=sz161815,day,,,15,qfq: HTTP Error 501: Not Implemented
    [价格] 腾讯K线无数据，改用新浪K线兜底(sz161815)
    [价格] 腾讯K线失败(sh501215) https://web.ifzq.gtimg.cn/appstock/app/fqkline/get?param=sh501215,day,,,15,qfq: HTTP Error 501: Not Implemented
    [价格] 腾讯K线无数据，改用新浪K线兜底(sh501215)
    [价格] 腾讯K线失败(sh501022) https://web.ifzq.gtimg.cn/appstock/app/fqkline/get?param=sh501022,day,,,15,qfq: HTTP Error 501: Not Implemented
    [价格] 腾讯K线无数据，改用新浪K线兜底(sh501022)
    [价格] 腾讯K线失败(sz160324) https://web.ifzq.gtimg.cn/appstock/app/fqkline/get?param=sz160324,day,,,15,qfq: HTTP Error 501: Not Implemented
    [价格] 腾讯K线无数据，改用新浪K线兜底(sz160324)
    [价格] 腾讯K线失败(sz163116) https://web.ifzq.gtimg.cn/appstock/app/fqkline/get?param=sz163116,day,,,15,qfq: HTTP Error 501: Not Implemented
    [价格] 腾讯K线无数据，改用新浪K线兜底(sz163116)
    [价格] 腾讯K线失败(sh501017) https://web.ifzq.gtimg.cn/appstock/app/fqkline/get?param=sh501017,day,,,15,qfq: HTTP Error 501: Not Implemented
    [价格] 腾讯K线无数据，改用新浪K线兜底(sh501017)
    [价格] 腾讯K线失败(sz161131) https://web.ifzq.gtimg.cn/appstock/app/fqkline/get?param=sz161131,day,,,15,qfq: HTTP Error 501: Not Implemented
    [价格] 腾讯K线无数据，改用新浪K线兜底(sz161131)
    [价格] 腾讯K线失败(sh501188) https://web.ifzq.gtimg.cn/appstock/app/fqkline/get?param=sh501188,day,,,15,qfq: HTTP Error 501: Not Implemented
    [价格] 腾讯K线无数据，改用新浪K线兜底(sh501188)
    [价格] 腾讯K线失败(sz161038) https://web.ifzq.gtimg.cn/appstock/app/fqkline/get?param=sz161038,day,,,15,qfq: HTTP Error 501: Not Implemented
    [价格] 腾讯K线无数据，改用新浪K线兜底(sz161038)
    [价格] 腾讯K线失败(sz165528) https://web.ifzq.gtimg.cn/appstock/app/fqkline/get?param=sz165528,day,,,15,qfq: HTTP Error 501: Not Implemented
    [价格] 腾讯K线无数据，改用新浪K线兜底(sz165528)
    [价格] 腾讯K线失败(sz161811) https://web.ifzq.gtimg.cn/appstock/app/fqkline/get?param=sz161811,day,,,15,qfq: HTTP Error 501: Not Implemented
    [价格] 腾讯K线无数据，改用新浪K线兜底(sz161811)
    [价格] 腾讯K线失败(sz160626) https://web.ifzq.gtimg.cn/appstock/app/fqkline/get?param=sz160626,day,,,15,qfq: HTTP Error 501: Not Implemented
    [价格] 腾讯K线无数据，改用新浪K线兜底(sz160626)
    [价格] 腾讯K线失败(sz166027) https://web.ifzq.gtimg.cn/appstock/app/fqkline/get?param=sz166027,day,,,15,qfq: HTTP Error 501: Not Implemented
    [价格] 腾讯K线无数据，改用新浪K线兜底(sz166027)
    [价格] 腾讯K线失败(sh501205) https://web.ifzq.gtimg.cn/appstock/app/fqkline/get?param=sh501205,day,,,15,qfq: HTTP Error 501: Not Implemented
    [价格] 腾讯K线无数据，改用新浪K线兜底(sh501205)
    [价格] 腾讯K线失败(sz165309) https://web.ifzq.gtimg.cn/appstock/app/fqkline/get?param=sz165309,day,,,15,qfq: HTTP Error 501: Not Implemented
    [价格] 腾讯K线无数据，改用新浪K线兜底(sz165309)
    [价格] 腾讯K线失败(sz162207) https://web.ifzq.gtimg.cn/appstock/app/fqkline/get?param=sz162207,day,,,15,qfq: HTTP Error 501: Not Implemented
    [价格] 腾讯K线无数据，改用新浪K线兜底(sz162207)
    [价格] 腾讯K线失败(sh501208) https://web.ifzq.gtimg.cn/appstock/app/fqkline/get?param=sh501208,day,,,15,qfq: HTTP Error 501: Not Implemented
    [价格] 腾讯K线无数据，改用新浪K线兜底(sh501208)
    [价格] 腾讯K线失败(sz160611) https://web.ifzq.gtimg.cn/appstock/app/fqkline/get?param=sz160611,day,,,15,qfq: HTTP Error 501: Not Implemented
    [价格] 腾讯K线无数据，改用新浪K线兜底(sz160611)
>>> [161820] 银华纯债信用债券(LOF)A · 计算30日/显示10日 ｜ 标的=无 ｜ 模式=index
    净值 35 条，最新: ('2026-07-27', 1.1599)
    [兜底] 东财价格失败：Remote end closed connection without response
    价格 [新浪财经] 35 条，最新: ('2026-07-27', 1.22)
    汇率 281 天，最新: ('2026-07-28', 6.76615)
    标的 [无标的] 0 条，最新: None
    最近 10 个交易日 -> 命中 10 个
>>> [162411] 华宝标普油气上游股票人民币A · 计算30日/显示10日 ｜ 标的=XOP ｜ 模式=index
    净值 35 条，最新: ('2026-07-24', 0.9195)
    [兜底] 东财价格失败：Remote end closed connection without response
    价格 [新浪财经] 35 条，最新: ('2026-07-27', 0.888)
    汇率 281 天，最新: ('2026-07-28', 6.76615)
    标的 [stockanalysis.com] 35 条，最新: ('2026-07-24', 174.05)
    最近 10 个交易日 -> 命中 10 个
    [价格] 腾讯K线失败(sz164906) https://web.ifzq.gtimg.cn/appstock/app/fqkline/get?param=sz164906,day,,,15,qfq: HTTP Error 501: Not Implemented
    [价格] 腾讯K线无数据，改用新浪K线兜底(sz164906)
    [价格] 腾讯K线失败(sz160719) https://web.ifzq.gtimg.cn/appstock/app/fqkline/get?param=sz160719,day,,,15,qfq: HTTP Error 501: Not Implemented
    [价格] 腾讯K线无数据，改用新浪K线兜底(sz160719)
    [价格] 腾讯K线失败(sh501312) https://web.ifzq.gtimg.cn/appstock/app/fqkline/get?param=sh501312,day,,,15,qfq: HTTP Error 501: Not Implemented
    [价格] 腾讯K线无数据，改用新浪K线兜底(sh501312)
    [价格] 腾讯K线失败(sh501300) https://web.ifzq.gtimg.cn/appstock/app/fqkline/get?param=sh501300,day,,,15,qfq: HTTP Error 501: Not Implemented
    [价格] 腾讯K线无数据，改用新浪K线兜底(sh501300)
    [价格] 腾讯K线失败(sz164824) https://web.ifzq.gtimg.cn/appstock/app/fqkline/get?param=sz164824,day,,,15,qfq: HTTP Error 501: Not Implemented
    [价格] 腾讯K线无数据，改用新浪K线兜底(sz164824)
    [价格] 腾讯K线失败(sz160717) https://web.ifzq.gtimg.cn/appstock/app/fqkline/get?param=sz160717,day,,,15,qfq: HTTP Error 501: Not Implemented
    [价格] 腾讯K线无数据，改用新浪K线兜底(sz160717)
    [价格] 腾讯K线失败(sz164705) https://web.ifzq.gtimg.cn/appstock/app/fqkline/get?param=sz164705,day,,,15,qfq: HTTP Error 501: Not Implemented
    [价格] 腾讯K线无数据，改用新浪K线兜底(sz164705)
    [价格] 腾讯K线失败(sz160140) https://web.ifzq.gtimg.cn/appstock/app/fqkline/get?param=sz160140,day,,,15,qfq: HTTP Error 501: Not Implemented
    [价格] 腾讯K线无数据，改用新浪K线兜底(sz160140)
    [价格] 腾讯K线失败(sz167301) https://web.ifzq.gtimg.cn/appstock/app/fqkline/get?param=sz167301,day,,,15,qfq: HTTP Error 501: Not Implemented
    [价格] 腾讯K线无数据，改用新浪K线兜底(sz167301)
    [价格] 腾讯K线失败(sz161116) https://web.ifzq.gtimg.cn/appstock/app/fqkline/get?param=sz161116,day,,,15,qfq: HTTP Error 501: Not Implemented
    [价格] 腾讯K线无数据，改用新浪K线兜底(sz161116)
    [价格] 腾讯K线失败(sz161126) https://web.ifzq.gtimg.cn/appstock/app/fqkline/get?param=sz161126,day,,,15,qfq: HTTP Error 501: Not Implemented
    [价格] 腾讯K线无数据，改用新浪K线兜底(sz161126)
    [价格] 腾讯K线失败(sz160632) https://web.ifzq.gtimg.cn/appstock/app/fqkline/get?param=sz160632,day,,,15,qfq: HTTP Error 501: Not Implemented
    [价格] 腾讯K线无数据，改用新浪K线兜底(sz160632)
    [价格] 腾讯K线失败(sz161831) https://web.ifzq.gtimg.cn/appstock/app/fqkline/get?param=sz161831,day,,,15,qfq: HTTP Error 501: Not Implemented
    [价格] 腾讯K线无数据，改用新浪K线兜底(sz161831)
    [价格] 腾讯K线失败(sz160924) https://web.ifzq.gtimg.cn/appstock/app/fqkline/get?param=sz160924,day,,,15,qfq: HTTP Error 501: Not Implemented
    [价格] 腾讯K线无数据，改用新浪K线兜底(sz160924)
    [价格] 腾讯K线失败(sz161124) https://web.ifzq.gtimg.cn/appstock/app/fqkline/get?param=sz161124,day,,,15,qfq: HTTP Error 501: Not Implemented
    [价格] 腾讯K线无数据，改用新浪K线兜底(sz161124)
    [价格] 腾讯K线失败(sz164701) https://web.ifzq.gtimg.cn/appstock/app/fqkline/get?param=sz164701,day,,,15,qfq: HTTP Error 501: Not Implemented
    [价格] 腾讯K线无数据，改用新浪K线兜底(sz164701)
    [价格] 腾讯K线失败(sz160216) https://web.ifzq.gtimg.cn/appstock/app/fqkline/get?param=sz160216,day,,,15,qfq: HTTP Error 501: Not Implemented
    [价格] 腾讯K线无数据，改用新浪K线兜底(sz160216)
    [价格] 腾讯K线失败(sz164812) https://web.ifzq.gtimg.cn/appstock/app/fqkline/get?param=sz164812,day,,,15,qfq: HTTP Error 501: Not Implemented
    [价格] 腾讯K线无数据，改用新浪K线兜底(sz164812)
    [价格] 腾讯K线失败(sz160143) https://web.ifzq.gtimg.cn/appstock/app/fqkline/get?param=sz160143,day,,,15,qfq: HTTP Error 501: Not Implemented
    [价格] 腾讯K线无数据，改用新浪K线兜底(sz160143)
    [价格] 腾讯K线失败(sz160639) https://web.ifzq.gtimg.cn/appstock/app/fqkline/get?param=sz160639,day,,,15,qfq: HTTP Error 501: Not Implemented
    [价格] 腾讯K线无数据，改用新浪K线兜底(sz160639)
    [价格] 腾讯K线失败(sz161032) https://web.ifzq.gtimg.cn/appstock/app/fqkline/get?param=sz161032,day,,,15,qfq: HTTP Error 501: Not Implemented
    [价格] 腾讯K线无数据，改用新浪K线兜底(sz161032)
    [价格] 腾讯K线失败(sz160225) https://web.ifzq.gtimg.cn/appstock/app/fqkline/get?param=sz160225,day,,,15,qfq: HTTP Error 501: Not Implemented
    [价格] 腾讯K线无数据，改用新浪K线兜底(sz160225)
    [价格] 腾讯K线失败(sz163208) https://web.ifzq.gtimg.cn/appstock/app/fqkline/get?param=sz163208,day,,,15,qfq: HTTP Error 501: Not Implemented
    [价格] 腾讯K线无数据，改用新浪K线兜底(sz163208)
    [价格] 腾讯K线失败(sz160922) https://web.ifzq.gtimg.cn/appstock/app/fqkline/get?param=sz160922,day,,,15,qfq: HTTP Error 501: Not Implemented
    [价格] 腾讯K线无数据，改用新浪K线兜底(sz160922)
    [价格] 腾讯K线失败(sz161127) https://web.ifzq.gtimg.cn/appstock/app/fqkline/get?param=sz161127,day,,,15,qfq: HTTP Error 501: Not Implemented
    [价格] 腾讯K线无数据，改用新浪K线兜底(sz161127)
    [价格] 腾讯K线失败(sz161130) https://web.ifzq.gtimg.cn/appstock/app/fqkline/get?param=sz161130,day,,,15,qfq: HTTP Error 501: Not Implemented
    [价格] 腾讯K线无数据，改用新浪K线兜底(sz161130)
    [价格] 腾讯K线失败(sz161226) https://web.ifzq.gtimg.cn/appstock/app/fqkline/get?param=sz161226,day,,,15,qfq: HTTP Error 501: Not Implemented
    [价格] 腾讯K线无数据，改用新浪K线兜底(sz161226)
    [价格] 腾讯K线失败(sz160416) https://web.ifzq.gtimg.cn/appstock/app/fqkline/get?param=sz160416,day,,,15,qfq: HTTP Error 501: Not Implemented
    [价格] 腾讯K线无数据，改用新浪K线兜底(sz160416)
    [价格] 腾讯K线失败(sz161725) https://web.ifzq.gtimg.cn/appstock/app/fqkline/get?param=sz161725,day,,,15,qfq: HTTP Error 501: Not Implemented
    [价格] 腾讯K线无数据，改用新浪K线兜底(sz161725)
    [价格] 腾讯K线失败(sz160415) https://web.ifzq.gtimg.cn/appstock/app/fqkline/get?param=sz160415,day,,,15,qfq: HTTP Error 501: Not Implemented
    [价格] 腾讯K线无数据，改用新浪K线兜底(sz160415)
    [价格] 腾讯K线失败(sz160644) https://web.ifzq.gtimg.cn/appstock/app/fqkline/get?param=sz160644,day,,,15,qfq: HTTP Error 501: Not Implemented
    [价格] 腾讯K线无数据，改用新浪K线兜底(sz160644)
    [价格] 腾讯K线失败(sh501012) https://web.ifzq.gtimg.cn/appstock/app/fqkline/get?param=sh501012,day,,,15,qfq: HTTP Error 501: Not Implemented
    [价格] 腾讯K线无数据，改用新浪K线兜底(sh501012)
    [价格] 腾讯K线失败(sz161040) https://web.ifzq.gtimg.cn/appstock/app/fqkline/get?param=sz161040,day,,,15,qfq: HTTP Error 501: Not Implemented
    [价格] 腾讯K线无数据，改用新浪K线兜底(sz161040)
    [价格] 腾讯K线失败(sz161812) https://web.ifzq.gtimg.cn/appstock/app/fqkline/get?param=sz161812,day,,,15,qfq: HTTP Error 501: Not Implemented
    [价格] 腾讯K线无数据，改用新浪K线兜底(sz161812)
    [价格] 腾讯K线失败(sz161125) https://web.ifzq.gtimg.cn/appstock/app/fqkline/get?param=sz161125,day,,,15,qfq: HTTP Error 501: Not Implemented
    [价格] 腾讯K线无数据，改用新浪K线兜底(sz161125)
    [价格] 腾讯K线失败(sz161128) https://web.ifzq.gtimg.cn/appstock/app/fqkline/get?param=sz161128,day,,,15,qfq: HTTP Error 501: Not Implemented
    [价格] 腾讯K线无数据，改用新浪K线兜底(sz161128)
    [价格] 腾讯K线失败(sz162719) https://web.ifzq.gtimg.cn/appstock/app/fqkline/get?param=sz162719,day,,,15,qfq: HTTP Error 501: Not Implemented
    [价格] 腾讯K线无数据，改用新浪K线兜底(sz162719)
    [价格] 腾讯K线失败(sh501018) https://web.ifzq.gtimg.cn/appstock/app/fqkline/get?param=sh501018,day,,,15,qfq: HTTP Error 501: Not Implemented
    [价格] 腾讯K线无数据，改用新浪K线兜底(sh501018)
    [价格] 腾讯K线失败(sz160723) https://web.ifzq.gtimg.cn/appstock/app/fqkline/get?param=sz160723,day,,,15,qfq: HTTP Error 501: Not Implemented
    [价格] 腾讯K线无数据，改用新浪K线兜底(sz160723)
    [价格] 腾讯K线失败(sh501025) https://web.ifzq.gtimg.cn/appstock/app/fqkline/get?param=sh501025,day,,,15,qfq: HTTP Error 501: Not Implemented
    [价格] 腾讯K线无数据，改用新浪K线兜底(sh501025)
    [价格] 腾讯K线失败(sz161129) https://web.ifzq.gtimg.cn/appstock/app/fqkline/get?param=sz161129,day,,,15,qfq: HTTP Error 501: Not Implemented
    [价格] 腾讯K线无数据，改用新浪K线兜底(sz161129)
    [价格] 腾讯K线失败(sh501225) https://web.ifzq.gtimg.cn/appstock/app/fqkline/get?param=sh501225,day,,,15,qfq: HTTP Error 501: Not Implemented
    [价格] 腾讯K线无数据，改用新浪K线兜底(sh501225)
>>> [162411] 华宝标普油气上游股票人民币A · 计算30日/显示10日 ｜ 标的=XOP ｜ 模式=index
    净值 35 条，最新: ('2026-07-24', 0.9195)
    [兜底] 东财价格失败：Remote end closed connection without response
    价格 [新浪财经] 35 条，最新: ('2026-07-27', 0.888)
    汇率 281 天，最新: ('2026-07-28', 6.76615)
    标的 [stockanalysis.com] 35 条，最新: ('2026-07-24', 174.05)
    最近 10 个交易日 -> 命中 10 个
    [价格] 腾讯K线失败(sz164824) https://web.ifzq.gtimg.cn/appstock/app/fqkline/get?param=sz164824,day,,,15,qfq: HTTP Error 501: Not Implemented
    [价格] 腾讯K线无数据，改用新浪K线兜底(sz164824)
    [价格] 腾讯K线失败(sh501312) https://web.ifzq.gtimg.cn/appstock/app/fqkline/get?param=sh501312,day,,,15,qfq: HTTP Error 501: Not Implemented
    [价格] 腾讯K线无数据，改用新浪K线兜底(sh501312)
    [价格] 腾讯K线失败(sz160719) https://web.ifzq.gtimg.cn/appstock/app/fqkline/get?param=sz160719,day,,,15,qfq: HTTP Error 501: Not Implemented
    [价格] 腾讯K线无数据，改用新浪K线兜底(sz160719)
    [价格] 腾讯K线失败(sz164906) https://web.ifzq.gtimg.cn/appstock/app/fqkline/get?param=sz164906,day,,,15,qfq: HTTP Error 501: Not Implemented
    [价格] 腾讯K线无数据，改用新浪K线兜底(sz164906)
    [价格] 腾讯K线失败(sz160140) https://web.ifzq.gtimg.cn/appstock/app/fqkline/get?param=sz160140,day,,,15,qfq: HTTP Error 501: Not Implemented
    [价格] 腾讯K线无数据，改用新浪K线兜底(sz160140)
    [价格] 腾讯K线失败(sz160717) https://web.ifzq.gtimg.cn/appstock/app/fqkline/get?param=sz160717,day,,,15,qfq: HTTP Error 501: Not Implemented
    [价格] 腾讯K线无数据，改用新浪K线兜底(sz160717)
    [价格] 腾讯K线失败(sh501300) https://web.ifzq.gtimg.cn/appstock/app/fqkline/get?param=sh501300,day,,,15,qfq: HTTP Error 501: Not Implemented
    [价格] 腾讯K线无数据，改用新浪K线兜底(sh501300)
    [价格] 腾讯K线失败(sz167301) https://web.ifzq.gtimg.cn/appstock/app/fqkline/get?param=sz167301,day,,,15,qfq: HTTP Error 501: Not Implemented
    [价格] 腾讯K线无数据，改用新浪K线兜底(sz167301)
    [价格] 腾讯K线失败(sz164705) https://web.ifzq.gtimg.cn/appstock/app/fqkline/get?param=sz164705,day,,,15,qfq: HTTP Error 501: Not Implemented
    [价格] 腾讯K线无数据，改用新浪K线兜底(sz164705)
    [价格] 腾讯K线失败(sz161126) https://web.ifzq.gtimg.cn/appstock/app/fqkline/get?param=sz161126,day,,,15,qfq: HTTP Error 501: Not Implemented
    [价格] 腾讯K线无数据，改用新浪K线兜底(sz161126)
    [价格] 腾讯K线失败(sz160632) https://web.ifzq.gtimg.cn/appstock/app/fqkline/get?param=sz160632,day,,,15,qfq: HTTP Error 501: Not Implemented
    [价格] 腾讯K线无数据，改用新浪K线兜底(sz160632)
    [价格] 腾讯K线失败(sz161831) https://web.ifzq.gtimg.cn/appstock/app/fqkline/get?param=sz161831,day,,,15,qfq: HTTP Error 501: Not Implemented
    [价格] 腾讯K线无数据，改用新浪K线兜底(sz161831)
    [价格] 腾讯K线失败(sz160924) https://web.ifzq.gtimg.cn/appstock/app/fqkline/get?param=sz160924,day,,,15,qfq: HTTP Error 501: Not Implemented
    [价格] 腾讯K线无数据，改用新浪K线兜底(sz160924)
    [价格] 腾讯K线失败(sz161124) https://web.ifzq.gtimg.cn/appstock/app/fqkline/get?param=sz161124,day,,,15,qfq: HTTP Error 501: Not Implemented
    [价格] 腾讯K线无数据，改用新浪K线兜底(sz161124)
    [价格] 腾讯K线失败(sz161116) https://web.ifzq.gtimg.cn/appstock/app/fqkline/get?param=sz161116,day,,,15,qfq: HTTP Error 501: Not Implemented
    [价格] 腾讯K线无数据，改用新浪K线兜底(sz161116)
    [价格] 腾讯K线失败(sz160216) https://web.ifzq.gtimg.cn/appstock/app/fqkline/get?param=sz160216,day,,,15,qfq: HTTP Error 501: Not Implemented
    [价格] 腾讯K线无数据，改用新浪K线兜底(sz160216)
    [价格] 腾讯K线失败(sz164701) https://web.ifzq.gtimg.cn/appstock/app/fqkline/get?param=sz164701,day,,,15,qfq: HTTP Error 501: Not Implemented
    [价格] 腾讯K线无数据，改用新浪K线兜底(sz164701)
    [价格] 腾讯K线失败(sz160143) https://web.ifzq.gtimg.cn/appstock/app/fqkline/get?param=sz160143,day,,,15,qfq: HTTP Error 501: Not Implemented
    [价格] 腾讯K线无数据，改用新浪K线兜底(sz160143)
    [价格] 腾讯K线失败(sz164812) https://web.ifzq.gtimg.cn/appstock/app/fqkline/get?param=sz164812,day,,,15,qfq: HTTP Error 501: Not Implemented
    [价格] 腾讯K线无数据，改用新浪K线兜底(sz164812)
    [价格] 腾讯K线失败(sz163208) https://web.ifzq.gtimg.cn/appstock/app/fqkline/get?param=sz163208,day,,,15,qfq: HTTP Error 501: Not Implemented
    [价格] 腾讯K线无数据，改用新浪K线兜底(sz163208)
    [价格] 腾讯K线失败(sz160639) https://web.ifzq.gtimg.cn/appstock/app/fqkline/get?param=sz160639,day,,,15,qfq: HTTP Error 501: Not Implemented
    [价格] 腾讯K线无数据，改用新浪K线兜底(sz160639)
    [价格] 腾讯K线失败(sz160225) https://web.ifzq.gtimg.cn/appstock/app/fqkline/get?param=sz160225,day,,,15,qfq: HTTP Error 501: Not Implemented
    [价格] 腾讯K线无数据，改用新浪K线兜底(sz160225)
    [价格] 腾讯K线失败(sz161032) https://web.ifzq.gtimg.cn/appstock/app/fqkline/get?param=sz161032,day,,,15,qfq: HTTP Error 501: Not Implemented
    [价格] 腾讯K线无数据，改用新浪K线兜底(sz161032)
    [价格] 腾讯K线失败(sz161130) https://web.ifzq.gtimg.cn/appstock/app/fqkline/get?param=sz161130,day,,,15,qfq: HTTP Error 501: Not Implemented
    [价格] 腾讯K线无数据，改用新浪K线兜底(sz161130)
    [价格] 腾讯K线失败(sz160416) https://web.ifzq.gtimg.cn/appstock/app/fqkline/get?param=sz160416,day,,,15,qfq: HTTP Error 501: Not Implemented
    [价格] 腾讯K线无数据，改用新浪K线兜底(sz160416)
    [价格] 腾讯K线失败(sz160922) https://web.ifzq.gtimg.cn/appstock/app/fqkline/get?param=sz160922,day,,,15,qfq: HTTP Error 501: Not Implemented
    [价格] 腾讯K线无数据，改用新浪K线兜底(sz160922)
    [价格] 腾讯K线失败(sz161127) https://web.ifzq.gtimg.cn/appstock/app/fqkline/get?param=sz161127,day,,,15,qfq: HTTP Error 501: Not Implemented
    [价格] 腾讯K线无数据，改用新浪K线兜底(sz161127)
    [价格] 腾讯K线失败(sz160644) https://web.ifzq.gtimg.cn/appstock/app/fqkline/get?param=sz160644,day,,,15,qfq: HTTP Error 501: Not Implemented
    [价格] 腾讯K线无数据，改用新浪K线兜底(sz160644)
    [价格] 腾讯K线失败(sz160415) https://web.ifzq.gtimg.cn/appstock/app/fqkline/get?param=sz160415,day,,,15,qfq: HTTP Error 501: Not Implemented
    [价格] 腾讯K线无数据，改用新浪K线兜底(sz160415)
    [价格] 腾讯K线失败(sz161725) https://web.ifzq.gtimg.cn/appstock/app/fqkline/get?param=sz161725,day,,,15,qfq: HTTP Error 501: Not Implemented
    [价格] 腾讯K线无数据，改用新浪K线兜底(sz161725)
    [价格] 腾讯K线失败(sz162719) https://web.ifzq.gtimg.cn/appstock/app/fqkline/get?param=sz162719,day,,,15,qfq: HTTP Error 501: Not Implemented
    [价格] 腾讯K线无数据，改用新浪K线兜底(sz162719)
    [价格] 腾讯K线失败(sh501012) https://web.ifzq.gtimg.cn/appstock/app/fqkline/get?param=sh501012,day,,,15,qfq: HTTP Error 501: Not Implemented
    [价格] 腾讯K线无数据，改用新浪K线兜底(sh501012)
    [价格] 腾讯K线失败(sh501025) https://web.ifzq.gtimg.cn/appstock/app/fqkline/get?param=sh501025,day,,,15,qfq: HTTP Error 501: Not Implemented
    [价格] 腾讯K线无数据，改用新浪K线兜底(sh501025)
    [价格] 腾讯K线失败(sz161040) https://web.ifzq.gtimg.cn/appstock/app/fqkline/get?param=sz161040,day,,,15,qfq: HTTP Error 501: Not Implemented
    [价格] 腾讯K线无数据，改用新浪K线兜底(sz161040)
    [价格] 腾讯K线失败(sz161125) https://web.ifzq.gtimg.cn/appstock/app/fqkline/get?param=sz161125,day,,,15,qfq: HTTP Error 501: Not Implemented
    [价格] 腾讯K线无数据，改用新浪K线兜底(sz161125)
    [价格] 腾讯K线失败(sz161226) https://web.ifzq.gtimg.cn/appstock/app/fqkline/get?param=sz161226,day,,,15,qfq: HTTP Error 501: Not Implemented
    [价格] 腾讯K线无数据，改用新浪K线兜底(sz161226)
    [价格] 腾讯K线失败(sz161128) https://web.ifzq.gtimg.cn/appstock/app/fqkline/get?param=sz161128,day,,,15,qfq: HTTP Error 501: Not Implemented
    [价格] 腾讯K线无数据，改用新浪K线兜底(sz161128)
    [价格] 腾讯K线失败(sz161812) https://web.ifzq.gtimg.cn/appstock/app/fqkline/get?param=sz161812,day,,,15,qfq: HTTP Error 501: Not Implemented
    [价格] 腾讯K线无数据，改用新浪K线兜底(sz161812)
    [价格] 腾讯K线失败(sh501018) https://web.ifzq.gtimg.cn/appstock/app/fqkline/get?param=sh501018,day,,,15,qfq: HTTP Error 501: Not Implemented
    [价格] 腾讯K线无数据，改用新浪K线兜底(sh501018)
    [价格] 腾讯K线失败(sz160723) https://web.ifzq.gtimg.cn/appstock/app/fqkline/get?param=sz160723,day,,,15,qfq: HTTP Error 501: Not Implemented
    [价格] 腾讯K线无数据，改用新浪K线兜底(sz160723)
    [价格] 腾讯K线失败(sz161129) https://web.ifzq.gtimg.cn/appstock/app/fqkline/get?param=sz161129,day,,,15,qfq: HTTP Error 501: Not Implemented
    [价格] 腾讯K线无数据，改用新浪K线兜底(sz161129)
    [价格] 腾讯K线失败(sh501225) https://web.ifzq.gtimg.cn/appstock/app/fqkline/get?param=sh501225,day,,,15,qfq: HTTP Error 501: Not Implemented
    [价格] 腾讯K线无数据，改用新浪K线兜底(sh501225)
>>> [162411] 华宝标普油气上游股票人民币A · 计算30日/显示10日 ｜ 标的=XOP ｜ 模式=index
    净值 35 条，最新: ('2026-07-24', 0.9195)
    [兜底] 东财价格失败：Remote end closed connection without response
    价格 [新浪财经] 35 条，最新: ('2026-07-27', 0.888)
    汇率 281 天，最新: ('2026-07-28', 6.76615)
    标的 [stockanalysis.com] 35 条，最新: ('2026-07-24', 174.05)
    最近 10 个交易日 -> 命中 10 个
    [价格] 腾讯K线失败(sh501300) https://web.ifzq.gtimg.cn/appstock/app/fqkline/get?param=sh501300,day,,,15,qfq: HTTP Error 501: Not Implemented
    [价格] 腾讯K线无数据，改用新浪K线兜底(sh501300)
    [价格] 腾讯K线失败(sz160717) https://web.ifzq.gtimg.cn/appstock/app/fqkline/get?param=sz160717,day,,,15,qfq: HTTP Error 501: Not Implemented
    [价格] 腾讯K线无数据，改用新浪K线兜底(sz160717)
    [价格] 腾讯K线失败(sz164824) https://web.ifzq.gtimg.cn/appstock/app/fqkline/get?param=sz164824,day,,,15,qfq: HTTP Error 501: Not Implemented
    [价格] 腾讯K线无数据，改用新浪K线兜底(sz164824)
    [价格] 腾讯K线失败(sh501312) https://web.ifzq.gtimg.cn/appstock/app/fqkline/get?param=sh501312,day,,,15,qfq: HTTP Error 501: Not Implemented
    [价格] 腾讯K线无数据，改用新浪K线兜底(sh501312)
    [价格] 腾讯K线失败(sz164906) https://web.ifzq.gtimg.cn/appstock/app/fqkline/get?param=sz164906,day,,,15,qfq: HTTP Error 501: Not Implemented
    [价格] 腾讯K线无数据，改用新浪K线兜底(sz164906)
    [价格] 腾讯K线失败(sz164705) https://web.ifzq.gtimg.cn/appstock/app/fqkline/get?param=sz164705,day,,,15,qfq: HTTP Error 501: Not Implemented
    [价格] 腾讯K线无数据，改用新浪K线兜底(sz164705)
    [价格] 腾讯K线失败(sz160140) https://web.ifzq.gtimg.cn/appstock/app/fqkline/get?param=sz160140,day,,,15,qfq: HTTP Error 501: Not Implemented
    [价格] 腾讯K线无数据，改用新浪K线兜底(sz160140)
    [价格] 腾讯K线失败(sz160719) https://web.ifzq.gtimg.cn/appstock/app/fqkline/get?param=sz160719,day,,,15,qfq: HTTP Error 501: Not Implemented
    [价格] 腾讯K线无数据，改用新浪K线兜底(sz160719)
    [价格] 腾讯K线失败(sz161831) https://web.ifzq.gtimg.cn/appstock/app/fqkline/get?param=sz161831,day,,,15,qfq: HTTP Error 501: Not Implemented
    [价格] 腾讯K线无数据，改用新浪K线兜底(sz161831)
    [价格] 腾讯K线失败(sz161124) https://web.ifzq.gtimg.cn/appstock/app/fqkline/get?param=sz161124,day,,,15,qfq: HTTP Error 501: Not Implemented
    [价格] 腾讯K线无数据，改用新浪K线兜底(sz161124)
    [价格] 腾讯K线失败(sz161126) https://web.ifzq.gtimg.cn/appstock/app/fqkline/get?param=sz161126,day,,,15,qfq: HTTP Error 501: Not Implemented
    [价格] 腾讯K线无数据，改用新浪K线兜底(sz161126)
    [价格] 腾讯K线失败(sz160632) https://web.ifzq.gtimg.cn/appstock/app/fqkline/get?param=sz160632,day,,,15,qfq: HTTP Error 501: Not Implemented
    [价格] 腾讯K线无数据，改用新浪K线兜底(sz160632)
    [价格] 腾讯K线失败(sz161116) https://web.ifzq.gtimg.cn/appstock/app/fqkline/get?param=sz161116,day,,,15,qfq: HTTP Error 501: Not Implemented
    [价格] 腾讯K线无数据，改用新浪K线兜底(sz161116)
    [价格] 腾讯K线失败(sz160924) https://web.ifzq.gtimg.cn/appstock/app/fqkline/get?param=sz160924,day,,,15,qfq: HTTP Error 501: Not Implemented
    [价格] 腾讯K线无数据，改用新浪K线兜底(sz160924)
    [价格] 腾讯K线失败(sz164701) https://web.ifzq.gtimg.cn/appstock/app/fqkline/get?param=sz164701,day,,,15,qfq: HTTP Error 501: Not Implemented
    [价格] 腾讯K线无数据，改用新浪K线兜底(sz164701)
    [价格] 腾讯K线失败(sz167301) https://web.ifzq.gtimg.cn/appstock/app/fqkline/get?param=sz167301,day,,,15,qfq: HTTP Error 501: Not Implemented
    [价格] 腾讯K线无数据，改用新浪K线兜底(sz167301)
    [价格] 腾讯K线失败(sz164812) https://web.ifzq.gtimg.cn/appstock/app/fqkline/get?param=sz164812,day,,,15,qfq: HTTP Error 501: Not Implemented
    [价格] 腾讯K线无数据，改用新浪K线兜底(sz164812)
    [价格] 腾讯K线失败(sz160639) https://web.ifzq.gtimg.cn/appstock/app/fqkline/get?param=sz160639,day,,,15,qfq: HTTP Error 501: Not Implemented
    [价格] 腾讯K线无数据，改用新浪K线兜底(sz160639)
    [价格] 腾讯K线失败(sz163208) https://web.ifzq.gtimg.cn/appstock/app/fqkline/get?param=sz163208,day,,,15,qfq: HTTP Error 501: Not Implemented
    [价格] 腾讯K线无数据，改用新浪K线兜底(sz163208)
    [价格] 腾讯K线失败(sz160143) https://web.ifzq.gtimg.cn/appstock/app/fqkline/get?param=sz160143,day,,,15,qfq: HTTP Error 501: Not Implemented
    [价格] 腾讯K线无数据，改用新浪K线兜底(sz160143)
    [价格] 腾讯K线失败(sz160216) https://web.ifzq.gtimg.cn/appstock/app/fqkline/get?param=sz160216,day,,,15,qfq: HTTP Error 501: Not Implemented
    [价格] 腾讯K线无数据，改用新浪K线兜底(sz160216)
    [价格] 腾讯K线失败(sz161032) https://web.ifzq.gtimg.cn/appstock/app/fqkline/get?param=sz161032,day,,,15,qfq: HTTP Error 501: Not Implemented
    [价格] 腾讯K线无数据，改用新浪K线兜底(sz161032)
    [价格] 腾讯K线失败(sz160225) https://web.ifzq.gtimg.cn/appstock/app/fqkline/get?param=sz160225,day,,,15,qfq: HTTP Error 501: Not Implemented
    [价格] 腾讯K线无数据，改用新浪K线兜底(sz160225)
    [价格] 腾讯K线失败(sz160416) https://web.ifzq.gtimg.cn/appstock/app/fqkline/get?param=sz160416,day,,,15,qfq: HTTP Error 501: Not Implemented
    [价格] 腾讯K线无数据，改用新浪K线兜底(sz160416)
    [价格] 腾讯K线失败(sz160922) https://web.ifzq.gtimg.cn/appstock/app/fqkline/get?param=sz160922,day,,,15,qfq: HTTP Error 501: Not Implemented
    [价格] 腾讯K线无数据，改用新浪K线兜底(sz160922)
    [价格] 腾讯K线失败(sz161130) https://web.ifzq.gtimg.cn/appstock/app/fqkline/get?param=sz161130,day,,,15,qfq: HTTP Error 501: Not Implemented
    [价格] 腾讯K线无数据，改用新浪K线兜底(sz161130)
    [价格] 腾讯K线失败(sz161127) https://web.ifzq.gtimg.cn/appstock/app/fqkline/get?param=sz161127,day,,,15,qfq: HTTP Error 501: Not Implemented
    [价格] 腾讯K线无数据，改用新浪K线兜底(sz161127)
    [价格] 腾讯K线失败(sz161725) https://web.ifzq.gtimg.cn/appstock/app/fqkline/get?param=sz161725,day,,,15,qfq: HTTP Error 501: Not Implemented
    [价格] 腾讯K线无数据，改用新浪K线兜底(sz161725)
    [价格] 腾讯K线失败(sz160415) https://web.ifzq.gtimg.cn/appstock/app/fqkline/get?param=sz160415,day,,,15,qfq: HTTP Error 501: Not Implemented
    [价格] 腾讯K线无数据，改用新浪K线兜底(sz160415)
    [价格] 腾讯K线失败(sz160644) https://web.ifzq.gtimg.cn/appstock/app/fqkline/get?param=sz160644,day,,,15,qfq: HTTP Error 501: Not Implemented
    [价格] 腾讯K线无数据，改用新浪K线兜底(sz160644)
    [价格] 腾讯K线失败(sh501025) https://web.ifzq.gtimg.cn/appstock/app/fqkline/get?param=sh501025,day,,,15,qfq: HTTP Error 501: Not Implemented
    [价格] 腾讯K线无数据，改用新浪K线兜底(sh501025)
    [价格] 腾讯K线失败(sz161226) https://web.ifzq.gtimg.cn/appstock/app/fqkline/get?param=sz161226,day,,,15,qfq: HTTP Error 501: Not Implemented
    [价格] 腾讯K线无数据，改用新浪K线兜底(sz161226)
    [价格] 腾讯K线失败(sz162719) https://web.ifzq.gtimg.cn/appstock/app/fqkline/get?param=sz162719,day,,,15,qfq: HTTP Error 501: Not Implemented
    [价格] 腾讯K线无数据，改用新浪K线兜底(sz162719)
    [价格] 腾讯K线失败(sh501012) https://web.ifzq.gtimg.cn/appstock/app/fqkline/get?param=sh501012,day,,,15,qfq: HTTP Error 501: Not Implemented
    [价格] 腾讯K线无数据，改用新浪K线兜底(sh501012)
    [价格] 腾讯K线失败(sz161040) https://web.ifzq.gtimg.cn/appstock/app/fqkline/get?param=sz161040,day,,,15,qfq: HTTP Error 501: Not Implemented
    [价格] 腾讯K线无数据，改用新浪K线兜底(sz161040)
    [价格] 腾讯K线失败(sz161125) https://web.ifzq.gtimg.cn/appstock/app/fqkline/get?param=sz161125,day,,,15,qfq: HTTP Error 501: Not Implemented
    [价格] 腾讯K线无数据，改用新浪K线兜底(sz161125)
    [价格] 腾讯K线失败(sh501018) https://web.ifzq.gtimg.cn/appstock/app/fqkline/get?param=sh501018,day,,,15,qfq: HTTP Error 501: Not Implemented
    [价格] 腾讯K线无数据，改用新浪K线兜底(sh501018)
    [价格] 腾讯K线失败(sz161812) https://web.ifzq.gtimg.cn/appstock/app/fqkline/get?param=sz161812,day,,,15,qfq: HTTP Error 501: Not Implemented
    [价格] 腾讯K线无数据，改用新浪K线兜底(sz161812)
    [价格] 腾讯K线失败(sz161128) https://web.ifzq.gtimg.cn/appstock/app/fqkline/get?param=sz161128,day,,,15,qfq: HTTP Error 501: Not Implemented
    [价格] 腾讯K线无数据，改用新浪K线兜底(sz161128)
    [价格] 腾讯K线失败(sz160723) https://web.ifzq.gtimg.cn/appstock/app/fqkline/get?param=sz160723,day,,,15,qfq: HTTP Error 501: Not Implemented
    [价格] 腾讯K线无数据，改用新浪K线兜底(sz160723)
    [价格] 腾讯K线失败(sz161129) https://web.ifzq.gtimg.cn/appstock/app/fqkline/get?param=sz161129,day,,,15,qfq: HTTP Error 501: Not Implemented
    [价格] 腾讯K线无数据，改用新浪K线兜底(sz161129)
    [价格] 腾讯K线失败(sh501225) https://web.ifzq.gtimg.cn/appstock/app/fqkline/get?param=sh501225,day,,,15,qfq: HTTP Error 501: Not Implemented
    [价格] 腾讯K线无数据，改用新浪K线兜底(sh501225)
>>> [162411] 华宝标普油气上游股票人民币A · 计算30日/显示10日 ｜ 标的=XOP ｜ 模式=index
    净值 35 条，最新: ('2026-07-24', 0.9195)
    [兜底] 东财价格失败：Remote end closed connection without response
    价格 [新浪财经] 35 条，最新: ('2026-07-27', 0.888)
    汇率 281 天，最新: ('2026-07-28', 6.76615)
    标的 [stockanalysis.com] 35 条，最新: ('2026-07-24', 174.05)
    最近 10 个交易日 -> 命中 10 个
    [价格] 腾讯K线失败(sz160719) https://web.ifzq.gtimg.cn/appstock/app/fqkline/get?param=sz160719,day,,,15,qfq: HTTP Error 501: Not Implemented
    [价格] 腾讯K线无数据，改用新浪K线兜底(sz160719)
    [价格] 腾讯K线失败(sz160140) https://web.ifzq.gtimg.cn/appstock/app/fqkline/get?param=sz160140,day,,,15,qfq: HTTP Error 501: Not Implemented
    [价格] 腾讯K线无数据，改用新浪K线兜底(sz160140)
    [价格] 腾讯K线失败(sz164824) https://web.ifzq.gtimg.cn/appstock/app/fqkline/get?param=sz164824,day,,,15,qfq: HTTP Error 501: Not Implemented
    [价格] 腾讯K线无数据，改用新浪K线兜底(sz164824)
    [价格] 腾讯K线失败(sz164705) https://web.ifzq.gtimg.cn/appstock/app/fqkline/get?param=sz164705,day,,,15,qfq: HTTP Error 501: Not Implemented
    [价格] 腾讯K线无数据，改用新浪K线兜底(sz164705)
    [价格] 腾讯K线失败(sh501300) https://web.ifzq.gtimg.cn/appstock/app/fqkline/get?param=sh501300,day,,,15,qfq: HTTP Error 501: Not Implemented
    [价格] 腾讯K线无数据，改用新浪K线兜底(sh501300)
    [价格] 腾讯K线失败(sz164906) https://web.ifzq.gtimg.cn/appstock/app/fqkline/get?param=sz164906,day,,,15,qfq: HTTP Error 501: Not Implemented
    [价格] 腾讯K线无数据，改用新浪K线兜底(sz164906)
    [价格] 腾讯K线失败(sz160717) https://web.ifzq.gtimg.cn/appstock/app/fqkline/get?param=sz160717,day,,,15,qfq: HTTP Error 501: Not Implemented
    [价格] 腾讯K线无数据，改用新浪K线兜底(sz160717)
    [价格] 腾讯K线失败(sh501312) https://web.ifzq.gtimg.cn/appstock/app/fqkline/get?param=sh501312,day,,,15,qfq: HTTP Error 501: Not Implemented
    [价格] 腾讯K线无数据，改用新浪K线兜底(sh501312)
    [价格] 腾讯K线失败(sz160632) https://web.ifzq.gtimg.cn/appstock/app/fqkline/get?param=sz160632,day,,,15,qfq: HTTP Error 501: Not Implemented
    [价格] 腾讯K线无数据，改用新浪K线兜底(sz160632)
    [价格] 腾讯K线失败(sz161831) https://web.ifzq.gtimg.cn/appstock/app/fqkline/get?param=sz161831,day,,,15,qfq: HTTP Error 501: Not Implemented
    [价格] 腾讯K线无数据，改用新浪K线兜底(sz161831)
    [价格] 腾讯K线失败(sz161124) https://web.ifzq.gtimg.cn/appstock/app/fqkline/get?param=sz161124,day,,,15,qfq: HTTP Error 501: Not Implemented
    [价格] 腾讯K线无数据，改用新浪K线兜底(sz161124)
    [价格] 腾讯K线失败(sz160924) https://web.ifzq.gtimg.cn/appstock/app/fqkline/get?param=sz160924,day,,,15,qfq: HTTP Error 501: Not Implemented
    [价格] 腾讯K线无数据，改用新浪K线兜底(sz160924)
    [价格] 腾讯K线失败(sz164701) https://web.ifzq.gtimg.cn/appstock/app/fqkline/get?param=sz164701,day,,,15,qfq: HTTP Error 501: Not Implemented
    [价格] 腾讯K线无数据，改用新浪K线兜底(sz164701)
    [价格] 腾讯K线失败(sz161116) https://web.ifzq.gtimg.cn/appstock/app/fqkline/get?param=sz161116,day,,,15,qfq: HTTP Error 501: Not Implemented
    [价格] 腾讯K线无数据，改用新浪K线兜底(sz161116)
    [价格] 腾讯K线失败(sz167301) https://web.ifzq.gtimg.cn/appstock/app/fqkline/get?param=sz167301,day,,,15,qfq: HTTP Error 501: Not Implemented
    [价格] 腾讯K线无数据，改用新浪K线兜底(sz167301)
    [价格] 腾讯K线失败(sz161126) https://web.ifzq.gtimg.cn/appstock/app/fqkline/get?param=sz161126,day,,,15,qfq: HTTP Error 501: Not Implemented
    [价格] 腾讯K线无数据，改用新浪K线兜底(sz161126)
    [价格] 腾讯K线失败(sz160639) https://web.ifzq.gtimg.cn/appstock/app/fqkline/get?param=sz160639,day,,,15,qfq: HTTP Error 501: Not Implemented
    [价格] 腾讯K线无数据，改用新浪K线兜底(sz160639)
    [价格] 腾讯K线失败(sz160216) https://web.ifzq.gtimg.cn/appstock/app/fqkline/get?param=sz160216,day,,,15,qfq: HTTP Error 501: Not Implemented
    [价格] 腾讯K线无数据，改用新浪K线兜底(sz160216)
    [价格] 腾讯K线失败(sz163208) https://web.ifzq.gtimg.cn/appstock/app/fqkline/get?param=sz163208,day,,,15,qfq: HTTP Error 501: Not Implemented
    [价格] 腾讯K线无数据，改用新浪K线兜底(sz163208)
    [价格] 腾讯K线失败(sz160416) https://web.ifzq.gtimg.cn/appstock/app/fqkline/get?param=sz160416,day,,,15,qfq: HTTP Error 501: Not Implemented
    [价格] 腾讯K线无数据，改用新浪K线兜底(sz160416)
    [价格] 腾讯K线失败(sz160143) https://web.ifzq.gtimg.cn/appstock/app/fqkline/get?param=sz160143,day,,,15,qfq: HTTP Error 501: Not Implemented
    [价格] 腾讯K线无数据，改用新浪K线兜底(sz160143)
    [价格] 腾讯K线失败(sz164812) https://web.ifzq.gtimg.cn/appstock/app/fqkline/get?param=sz164812,day,,,15,qfq: HTTP Error 501: Not Implemented
    [价格] 腾讯K线无数据，改用新浪K线兜底(sz164812)
    [价格] 腾讯K线失败(sz161032) https://web.ifzq.gtimg.cn/appstock/app/fqkline/get?param=sz161032,day,,,15,qfq: HTTP Error 501: Not Implemented
    [价格] 腾讯K线无数据，改用新浪K线兜底(sz161032)
    [价格] 腾讯K线失败(sz160225) https://web.ifzq.gtimg.cn/appstock/app/fqkline/get?param=sz160225,day,,,15,qfq: HTTP Error 501: Not Implemented
    [价格] 腾讯K线无数据，改用新浪K线兜底(sz160225)
    [价格] 腾讯K线失败(sz160922) https://web.ifzq.gtimg.cn/appstock/app/fqkline/get?param=sz160922,day,,,15,qfq: HTTP Error 501: Not Implemented
    [价格] 腾讯K线无数据，改用新浪K线兜底(sz160922)
    [价格] 腾讯K线失败(sz161130) https://web.ifzq.gtimg.cn/appstock/app/fqkline/get?param=sz161130,day,,,15,qfq: HTTP Error 501: Not Implemented
    [价格] 腾讯K线无数据，改用新浪K线兜底(sz161130)
    [价格] 腾讯K线失败(sz161127) https://web.ifzq.gtimg.cn/appstock/app/fqkline/get?param=sz161127,day,,,15,qfq: HTTP Error 501: Not Implemented
    [价格] 腾讯K线无数据，改用新浪K线兜底(sz161127)
    [价格] 腾讯K线失败(sz161226) https://web.ifzq.gtimg.cn/appstock/app/fqkline/get?param=sz161226,day,,,15,qfq: HTTP Error 501: Not Implemented
    [价格] 腾讯K线无数据，改用新浪K线兜底(sz161226)
    [价格] 腾讯K线失败(sz161725) https://web.ifzq.gtimg.cn/appstock/app/fqkline/get?param=sz161725,day,,,15,qfq: HTTP Error 501: Not Implemented
    [价格] 腾讯K线无数据，改用新浪K线兜底(sz161725)
    [价格] 腾讯K线失败(sz160644) https://web.ifzq.gtimg.cn/appstock/app/fqkline/get?param=sz160644,day,,,15,qfq: HTTP Error 501: Not Implemented
    [价格] 腾讯K线无数据，改用新浪K线兜底(sz160644)
    [价格] 腾讯K线失败(sz160415) https://web.ifzq.gtimg.cn/appstock/app/fqkline/get?param=sz160415,day,,,15,qfq: HTTP Error 501: Not Implemented
    [价格] 腾讯K线无数据，改用新浪K线兜底(sz160415)
    [价格] 腾讯K线失败(sh501025) https://web.ifzq.gtimg.cn/appstock/app/fqkline/get?param=sh501025,day,,,15,qfq: HTTP Error 501: Not Implemented
    [价格] 腾讯K线无数据，改用新浪K线兜底(sh501025)
    [价格] 腾讯K线失败(sz162719) https://web.ifzq.gtimg.cn/appstock/app/fqkline/get?param=sz162719,day,,,15,qfq: HTTP Error 501: Not Implemented
    [价格] 腾讯K线无数据，改用新浪K线兜底(sz162719)
    [价格] 腾讯K线失败(sh501012) https://web.ifzq.gtimg.cn/appstock/app/fqkline/get?param=sh501012,day,,,15,qfq: HTTP Error 501: Not Implemented
    [价格] 腾讯K线无数据，改用新浪K线兜底(sh501012)
    [价格] 腾讯K线失败(sz161040) https://web.ifzq.gtimg.cn/appstock/app/fqkline/get?param=sz161040,day,,,15,qfq: HTTP Error 501: Not Implemented
    [价格] 腾讯K线无数据，改用新浪K线兜底(sz161040)
    [价格] 腾讯K线失败(sz161125) https://web.ifzq.gtimg.cn/appstock/app/fqkline/get?param=sz161125,day,,,15,qfq: HTTP Error 501: Not Implemented
    [价格] 腾讯K线无数据，改用新浪K线兜底(sz161125)
    [价格] 腾讯K线失败(sz161812) https://web.ifzq.gtimg.cn/appstock/app/fqkline/get?param=sz161812,day,,,15,qfq: HTTP Error 501: Not Implemented
    [价格] 腾讯K线无数据，改用新浪K线兜底(sz161812)
    [价格] 腾讯K线失败(sh501018) https://web.ifzq.gtimg.cn/appstock/app/fqkline/get?param=sh501018,day,,,15,qfq: HTTP Error 501: Not Implemented
    [价格] 腾讯K线无数据，改用新浪K线兜底(sh501018)
    [价格] 腾讯K线失败(sz161128) https://web.ifzq.gtimg.cn/appstock/app/fqkline/get?param=sz161128,day,,,15,qfq: HTTP Error 501: Not Implemented
    [价格] 腾讯K线无数据，改用新浪K线兜底(sz161128)
    [价格] 腾讯K线失败(sh501225) https://web.ifzq.gtimg.cn/appstock/app/fqkline/get?param=sh501225,day,,,15,qfq: HTTP Error 501: Not Implemented
    [价格] 腾讯K线无数据，改用新浪K线兜底(sh501225)
    [价格] 腾讯K线失败(sz160723) https://web.ifzq.gtimg.cn/appstock/app/fqkline/get?param=sz160723,day,,,15,qfq: HTTP Error 501: Not Implemented
    [价格] 腾讯K线无数据，改用新浪K线兜底(sz160723)
    [价格] 腾讯K线失败(sz161129) https://web.ifzq.gtimg.cn/appstock/app/fqkline/get?param=sz161129,day,,,15,qfq: HTTP Error 501: Not Implemented
    [价格] 腾讯K线无数据，改用新浪K线兜底(sz161129)
>>> [162411] 华宝标普油气上游股票人民币A · 计算30日/显示10日 ｜ 标的=XOP ｜ 模式=index
    净值 35 条，最新: ('2026-07-24', 0.9195)
    [兜底] 东财价格失败：Remote end closed connection without response
    价格 [新浪财经] 35 条，最新: ('2026-07-27', 0.888)
    汇率 281 天，最新: ('2026-07-28', 6.76615)
    标的 [stockanalysis.com] 35 条，最新: ('2026-07-24', 174.05)
    最近 10 个交易日 -> 命中 10 个
    [价格] 腾讯K线失败(sz164705) https://web.ifzq.gtimg.cn/appstock/app/fqkline/get?param=sz164705,day,,,15,qfq: HTTP Error 501: Not Implemented
    [价格] 腾讯K线无数据，改用新浪K线兜底(sz164705)
    [价格] 腾讯K线失败(sh501312) https://web.ifzq.gtimg.cn/appstock/app/fqkline/get?param=sh501312,day,,,15,qfq: HTTP Error 501: Not Implemented
    [价格] 腾讯K线无数据，改用新浪K线兜底(sh501312)
    [价格] 腾讯K线失败(sz160717) https://web.ifzq.gtimg.cn/appstock/app/fqkline/get?param=sz160717,day,,,15,qfq: HTTP Error 501: Not Implemented
    [价格] 腾讯K线无数据，改用新浪K线兜底(sz160717)
    [价格] 腾讯K线失败(sz164906) https://web.ifzq.gtimg.cn/appstock/app/fqkline/get?param=sz164906,day,,,15,qfq: HTTP Error 501: Not Implemented
    [价格] 腾讯K线无数据，改用新浪K线兜底(sz164906)
    [价格] 腾讯K线失败(sh501300) https://web.ifzq.gtimg.cn/appstock/app/fqkline/get?param=sh501300,day,,,15,qfq: HTTP Error 501: Not Implemented
    [价格] 腾讯K线无数据，改用新浪K线兜底(sh501300)
    [价格] 腾讯K线失败(sz164824) https://web.ifzq.gtimg.cn/appstock/app/fqkline/get?param=sz164824,day,,,15,qfq: HTTP Error 501: Not Implemented
    [价格] 腾讯K线无数据，改用新浪K线兜底(sz164824)
    [价格] 腾讯K线失败(sz160719) https://web.ifzq.gtimg.cn/appstock/app/fqkline/get?param=sz160719,day,,,15,qfq: HTTP Error 501: Not Implemented
    [价格] 腾讯K线无数据，改用新浪K线兜底(sz160719)
    [价格] 腾讯K线失败(sz160140) https://web.ifzq.gtimg.cn/appstock/app/fqkline/get?param=sz160140,day,,,15,qfq: HTTP Error 501: Not Implemented
    [价格] 腾讯K线无数据，改用新浪K线兜底(sz160140)
    [价格] 腾讯K线失败(sz161126) https://web.ifzq.gtimg.cn/appstock/app/fqkline/get?param=sz161126,day,,,15,qfq: HTTP Error 501: Not Implemented
    [价格] 腾讯K线无数据，改用新浪K线兜底(sz161126)
    [价格] 腾讯K线失败(sz160632) https://web.ifzq.gtimg.cn/appstock/app/fqkline/get?param=sz160632,day,,,15,qfq: HTTP Error 501: Not Implemented
    [价格] 腾讯K线无数据，改用新浪K线兜底(sz160632)
    [价格] 腾讯K线失败(sz164701) https://web.ifzq.gtimg.cn/appstock/app/fqkline/get?param=sz164701,day,,,15,qfq: HTTP Error 501: Not Implemented
    [价格] 腾讯K线无数据，改用新浪K线兜底(sz164701)
    [价格] 腾讯K线失败(sz167301) https://web.ifzq.gtimg.cn/appstock/app/fqkline/get?param=sz167301,day,,,15,qfq: HTTP Error 501: Not Implemented
    [价格] 腾讯K线无数据，改用新浪K线兜底(sz167301)
    [价格] 腾讯K线失败(sz161831) https://web.ifzq.gtimg.cn/appstock/app/fqkline/get?param=sz161831,day,,,15,qfq: HTTP Error 501: Not Implemented
    [价格] 腾讯K线无数据，改用新浪K线兜底(sz161831)
    [价格] 腾讯K线失败(sz161116) https://web.ifzq.gtimg.cn/appstock/app/fqkline/get?param=sz161116,day,,,15,qfq: HTTP Error 501: Not Implemented
    [价格] 腾讯K线无数据，改用新浪K线兜底(sz161116)
    [价格] 腾讯K线失败(sz160924) https://web.ifzq.gtimg.cn/appstock/app/fqkline/get?param=sz160924,day,,,15,qfq: HTTP Error 501: Not Implemented
    [价格] 腾讯K线无数据，改用新浪K线兜底(sz160924)
    [价格] 腾讯K线失败(sz161124) https://web.ifzq.gtimg.cn/appstock/app/fqkline/get?param=sz161124,day,,,15,qfq: HTTP Error 501: Not Implemented
    [价格] 腾讯K线无数据，改用新浪K线兜底(sz161124)
    [价格] 腾讯K线失败(sz163208) https://web.ifzq.gtimg.cn/appstock/app/fqkline/get?param=sz163208,day,,,15,qfq: HTTP Error 501: Not Implemented
    [价格] 腾讯K线无数据，改用新浪K线兜底(sz163208)
    [价格] 腾讯K线失败(sz160639) https://web.ifzq.gtimg.cn/appstock/app/fqkline/get?param=sz160639,day,,,15,qfq: HTTP Error 501: Not Implemented
    [价格] 腾讯K线无数据，改用新浪K线兜底(sz160639)
    [价格] 腾讯K线失败(sz160416) https://web.ifzq.gtimg.cn/appstock/app/fqkline/get?param=sz160416,day,,,15,qfq: HTTP Error 501: Not Implemented
    [价格] 腾讯K线无数据，改用新浪K线兜底(sz160416)
    [价格] 腾讯K线失败(sz161032) https://web.ifzq.gtimg.cn/appstock/app/fqkline/get?param=sz161032,day,,,15,qfq: HTTP Error 501: Not Implemented
    [价格] 腾讯K线无数据，改用新浪K线兜底(sz161032)
    [价格] 腾讯K线失败(sz160225) https://web.ifzq.gtimg.cn/appstock/app/fqkline/get?param=sz160225,day,,,15,qfq: HTTP Error 501: Not Implemented
    [价格] 腾讯K线无数据，改用新浪K线兜底(sz160225)
    [价格] 腾讯K线失败(sz164812) https://web.ifzq.gtimg.cn/appstock/app/fqkline/get?param=sz164812,day,,,15,qfq: HTTP Error 501: Not Implemented
    [价格] 腾讯K线无数据，改用新浪K线兜底(sz164812)
    [价格] 腾讯K线失败(sz160143) https://web.ifzq.gtimg.cn/appstock/app/fqkline/get?param=sz160143,day,,,15,qfq: HTTP Error 501: Not Implemented
    [价格] 腾讯K线无数据，改用新浪K线兜底(sz160143)
    [价格] 腾讯K线失败(sz160216) https://web.ifzq.gtimg.cn/appstock/app/fqkline/get?param=sz160216,day,,,15,qfq: HTTP Error 501: Not Implemented
    [价格] 腾讯K线无数据，改用新浪K线兜底(sz160216)
    [价格] 腾讯K线失败(sz161130) https://web.ifzq.gtimg.cn/appstock/app/fqkline/get?param=sz161130,day,,,15,qfq: HTTP Error 501: Not Implemented
    [价格] 腾讯K线无数据，改用新浪K线兜底(sz161130)
    [价格] 腾讯K线失败(sz160922) https://web.ifzq.gtimg.cn/appstock/app/fqkline/get?param=sz160922,day,,,15,qfq: HTTP Error 501: Not Implemented
    [价格] 腾讯K线无数据，改用新浪K线兜底(sz160922)
    [价格] 腾讯K线失败(sz161226) https://web.ifzq.gtimg.cn/appstock/app/fqkline/get?param=sz161226,day,,,15,qfq: HTTP Error 501: Not Implemented
    [价格] 腾讯K线无数据，改用新浪K线兜底(sz161226)
    [价格] 腾讯K线失败(sh501025) https://web.ifzq.gtimg.cn/appstock/app/fqkline/get?param=sh501025,day,,,15,qfq: HTTP Error 501: Not Implemented
    [价格] 腾讯K线无数据，改用新浪K线兜底(sh501025)
    [价格] 腾讯K线失败(sz161127) https://web.ifzq.gtimg.cn/appstock/app/fqkline/get?param=sz161127,day,,,15,qfq: HTTP Error 501: Not Implemented
    [价格] 腾讯K线无数据，改用新浪K线兜底(sz161127)
    [价格] 腾讯K线失败(sz160415) https://web.ifzq.gtimg.cn/appstock/app/fqkline/get?param=sz160415,day,,,15,qfq: HTTP Error 501: Not Implemented
    [价格] 腾讯K线无数据，改用新浪K线兜底(sz160415)
    [价格] 腾讯K线失败(sz161725) https://web.ifzq.gtimg.cn/appstock/app/fqkline/get?param=sz161725,day,,,15,qfq: HTTP Error 501: Not Implemented
    [价格] 腾讯K线无数据，改用新浪K线兜底(sz161725)
    [价格] 腾讯K线失败(sz160644) https://web.ifzq.gtimg.cn/appstock/app/fqkline/get?param=sz160644,day,,,15,qfq: HTTP Error 501: Not Implemented
    [价格] 腾讯K线无数据，改用新浪K线兜底(sz160644)
    [价格] 腾讯K线失败(sz162719) https://web.ifzq.gtimg.cn/appstock/app/fqkline/get?param=sz162719,day,,,15,qfq: HTTP Error 501: Not Implemented
    [价格] 腾讯K线无数据，改用新浪K线兜底(sz162719)
    [价格] 腾讯K线失败(sh501012) https://web.ifzq.gtimg.cn/appstock/app/fqkline/get?param=sh501012,day,,,15,qfq: HTTP Error 501: Not Implemented
    [价格] 腾讯K线无数据，改用新浪K线兜底(sh501012)
    [价格] 腾讯K线失败(sz161812) https://web.ifzq.gtimg.cn/appstock/app/fqkline/get?param=sz161812,day,,,15,qfq: HTTP Error 501: Not Implemented
    [价格] 腾讯K线无数据，改用新浪K线兜底(sz161812)
    [价格] 腾讯K线失败(sz161125) https://web.ifzq.gtimg.cn/appstock/app/fqkline/get?param=sz161125,day,,,15,qfq: HTTP Error 501: Not Implemented
    [价格] 腾讯K线无数据，改用新浪K线兜底(sz161125)
    [价格] 腾讯K线失败(sh501018) https://web.ifzq.gtimg.cn/appstock/app/fqkline/get?param=sh501018,day,,,15,qfq: HTTP Error 501: Not Implemented
    [价格] 腾讯K线无数据，改用新浪K线兜底(sh501018)
    [价格] 腾讯K线失败(sz161040) https://web.ifzq.gtimg.cn/appstock/app/fqkline/get?param=sz161040,day,,,15,qfq: HTTP Error 501: Not Implemented
    [价格] 腾讯K线无数据，改用新浪K线兜底(sz161040)
    [价格] 腾讯K线失败(sz161128) https://web.ifzq.gtimg.cn/appstock/app/fqkline/get?param=sz161128,day,,,15,qfq: HTTP Error 501: Not Implemented
    [价格] 腾讯K线无数据，改用新浪K线兜底(sz161128)
    [价格] 腾讯K线失败(sz160723) https://web.ifzq.gtimg.cn/appstock/app/fqkline/get?param=sz160723,day,,,15,qfq: HTTP Error 501: Not Implemented
    [价格] 腾讯K线无数据，改用新浪K线兜底(sz160723)
    [价格] 腾讯K线失败(sz161129) https://web.ifzq.gtimg.cn/appstock/app/fqkline/get?param=sz161129,day,,,15,qfq: HTTP Error 501: Not Implemented
    [价格] 腾讯K线无数据，改用新浪K线兜底(sz161129)
    [价格] 腾讯K线失败(sh501225) https://web.ifzq.gtimg.cn/appstock/app/fqkline/get?param=sh501225,day,,,15,qfq: HTTP Error 501: Not Implemented
    [价格] 腾讯K线无数据，改用新浪K线兜底(sh501225)
>>> [162411] 华宝标普油气上游股票人民币A · 计算30日/显示10日 ｜ 标的=XOP ｜ 模式=index
    净值 35 条，最新: ('2026-07-24', 0.9195)
    [兜底] 东财价格失败：Remote end closed connection without response
    价格 [新浪财经] 35 条，最新: ('2026-07-27', 0.888)
    汇率 281 天，最新: ('2026-07-28', 6.76615)
    标的 [stockanalysis.com] 35 条，最新: ('2026-07-24', 174.05)
    最近 10 个交易日 -> 命中 10 个
    [价格] 腾讯K线失败(sh501312) https://web.ifzq.gtimg.cn/appstock/app/fqkline/get?param=sh501312,day,,,15,qfq: HTTP Error 501: Not Implemented
    [价格] 腾讯K线无数据，改用新浪K线兜底(sh501312)
    [价格] 腾讯K线失败(sz164705) https://web.ifzq.gtimg.cn/appstock/app/fqkline/get?param=sz164705,day,,,15,qfq: HTTP Error 501: Not Implemented
    [价格] 腾讯K线无数据，改用新浪K线兜底(sz164705)
    [价格] 腾讯K线失败(sz160719) https://web.ifzq.gtimg.cn/appstock/app/fqkline/get?param=sz160719,day,,,15,qfq: HTTP Error 501: Not Implemented
    [价格] 腾讯K线无数据，改用新浪K线兜底(sz160719)
    [价格] 腾讯K线失败(sz164824) https://web.ifzq.gtimg.cn/appstock/app/fqkline/get?param=sz164824,day,,,15,qfq: HTTP Error 501: Not Implemented
    [价格] 腾讯K线无数据，改用新浪K线兜底(sz164824)
    [价格] 腾讯K线失败(sz160717) https://web.ifzq.gtimg.cn/appstock/app/fqkline/get?param=sz160717,day,,,15,qfq: HTTP Error 501: Not Implemented
    [价格] 腾讯K线无数据，改用新浪K线兜底(sz160717)
    [价格] 腾讯K线失败(sh501300) https://web.ifzq.gtimg.cn/appstock/app/fqkline/get?param=sh501300,day,,,15,qfq: HTTP Error 501: Not Implemented
    [价格] 腾讯K线无数据，改用新浪K线兜底(sh501300)
    [价格] 腾讯K线失败(sz160140) https://web.ifzq.gtimg.cn/appstock/app/fqkline/get?param=sz160140,day,,,15,qfq: HTTP Error 501: Not Implemented
    [价格] 腾讯K线无数据，改用新浪K线兜底(sz160140)
    [价格] 腾讯K线失败(sz164906) https://web.ifzq.gtimg.cn/appstock/app/fqkline/get?param=sz164906,day,,,15,qfq: HTTP Error 501: Not Implemented
    [价格] 腾讯K线无数据，改用新浪K线兜底(sz164906)
    [价格] 腾讯K线失败(sz167301) https://web.ifzq.gtimg.cn/appstock/app/fqkline/get?param=sz167301,day,,,15,qfq: HTTP Error 501: Not Implemented
    [价格] 腾讯K线无数据，改用新浪K线兜底(sz167301)
    [价格] 腾讯K线失败(sz161126) https://web.ifzq.gtimg.cn/appstock/app/fqkline/get?param=sz161126,day,,,15,qfq: HTTP Error 501: Not Implemented
    [价格] 腾讯K线无数据，改用新浪K线兜底(sz161126)
    [价格] 腾讯K线失败(sz160632) https://web.ifzq.gtimg.cn/appstock/app/fqkline/get?param=sz160632,day,,,15,qfq: HTTP Error 501: Not Implemented
    [价格] 腾讯K线无数据，改用新浪K线兜底(sz160632)
    [价格] 腾讯K线失败(sz161831) https://web.ifzq.gtimg.cn/appstock/app/fqkline/get?param=sz161831,day,,,15,qfq: HTTP Error 501: Not Implemented
    [价格] 腾讯K线无数据，改用新浪K线兜底(sz161831)
    [价格] 腾讯K线失败(sz160924) https://web.ifzq.gtimg.cn/appstock/app/fqkline/get?param=sz160924,day,,,15,qfq: HTTP Error 501: Not Implemented
    [价格] 腾讯K线无数据，改用新浪K线兜底(sz160924)
    [价格] 腾讯K线失败(sz161124) https://web.ifzq.gtimg.cn/appstock/app/fqkline/get?param=sz161124,day,,,15,qfq: HTTP Error 501: Not Implemented
    [价格] 腾讯K线无数据，改用新浪K线兜底(sz161124)
    [价格] 腾讯K线失败(sz164701) https://web.ifzq.gtimg.cn/appstock/app/fqkline/get?param=sz164701,day,,,15,qfq: HTTP Error 501: Not Implemented
    [价格] 腾讯K线无数据，改用新浪K线兜底(sz164701)
    [价格] 腾讯K线失败(sz161116) https://web.ifzq.gtimg.cn/appstock/app/fqkline/get?param=sz161116,day,,,15,qfq: HTTP Error 501: Not Implemented
    [价格] 腾讯K线无数据，改用新浪K线兜底(sz161116)
    [价格] 腾讯K线失败(sz160639) https://web.ifzq.gtimg.cn/appstock/app/fqkline/get?param=sz160639,day,,,15,qfq: HTTP Error 501: Not Implemented
    [价格] 腾讯K线无数据，改用新浪K线兜底(sz160639)
    [价格] 腾讯K线失败(sz160216) https://web.ifzq.gtimg.cn/appstock/app/fqkline/get?param=sz160216,day,,,15,qfq: HTTP Error 501: Not Implemented
    [价格] 腾讯K线无数据，改用新浪K线兜底(sz160216)
    [价格] 腾讯K线失败(sz163208) https://web.ifzq.gtimg.cn/appstock/app/fqkline/get?param=sz163208,day,,,15,qfq: HTTP Error 501: Not Implemented
    [价格] 腾讯K线无数据，改用新浪K线兜底(sz163208)
    [价格] 腾讯K线失败(sz164812) https://web.ifzq.gtimg.cn/appstock/app/fqkline/get?param=sz164812,day,,,15,qfq: HTTP Error 501: Not Implemented
    [价格] 腾讯K线无数据，改用新浪K线兜底(sz164812)
    [价格] 腾讯K线失败(sz160143) https://web.ifzq.gtimg.cn/appstock/app/fqkline/get?param=sz160143,day,,,15,qfq: HTTP Error 501: Not Implemented
    [价格] 腾讯K线无数据，改用新浪K线兜底(sz160143)
    [价格] 腾讯K线失败(sz160225) https://web.ifzq.gtimg.cn/appstock/app/fqkline/get?param=sz160225,day,,,15,qfq: HTTP Error 501: Not Implemented
    [价格] 腾讯K线无数据，改用新浪K线兜底(sz160225)
    [价格] 腾讯K线失败(sz161032) https://web.ifzq.gtimg.cn/appstock/app/fqkline/get?param=sz161032,day,,,15,qfq: HTTP Error 501: Not Implemented
    [价格] 腾讯K线无数据，改用新浪K线兜底(sz161032)
    [价格] 腾讯K线失败(sz160416) https://web.ifzq.gtimg.cn/appstock/app/fqkline/get?param=sz160416,day,,,15,qfq: HTTP Error 501: Not Implemented
    [价格] 腾讯K线无数据，改用新浪K线兜底(sz160416)
    [价格] 腾讯K线失败(sz161127) https://web.ifzq.gtimg.cn/appstock/app/fqkline/get?param=sz161127,day,,,15,qfq: HTTP Error 501: Not Implemented
    [价格] 腾讯K线无数据，改用新浪K线兜底(sz161127)
    [价格] 腾讯K线失败(sz161226) https://web.ifzq.gtimg.cn/appstock/app/fqkline/get?param=sz161226,day,,,15,qfq: HTTP Error 501: Not Implemented
    [价格] 腾讯K线无数据，改用新浪K线兜底(sz161226)
    [价格] 腾讯K线失败(sz160922) https://web.ifzq.gtimg.cn/appstock/app/fqkline/get?param=sz160922,day,,,15,qfq: HTTP Error 501: Not Implemented
    [价格] 腾讯K线无数据，改用新浪K线兜底(sz160922)
    [价格] 腾讯K线失败(sz161130) https://web.ifzq.gtimg.cn/appstock/app/fqkline/get?param=sz161130,day,,,15,qfq: HTTP Error 501: Not Implemented
    [价格] 腾讯K线无数据，改用新浪K线兜底(sz161130)
    [价格] 腾讯K线失败(sz161725) https://web.ifzq.gtimg.cn/appstock/app/fqkline/get?param=sz161725,day,,,15,qfq: HTTP Error 501: Not Implemented
    [价格] 腾讯K线无数据，改用新浪K线兜底(sz161725)
    [价格] 腾讯K线失败(sz160644) https://web.ifzq.gtimg.cn/appstock/app/fqkline/get?param=sz160644,day,,,15,qfq: HTTP Error 501: Not Implemented
    [价格] 腾讯K线无数据，改用新浪K线兜底(sz160644)
    [价格] 腾讯K线失败(sz160415) https://web.ifzq.gtimg.cn/appstock/app/fqkline/get?param=sz160415,day,,,15,qfq: HTTP Error 501: Not Implemented
    [价格] 腾讯K线无数据，改用新浪K线兜底(sz160415)
    [价格] 腾讯K线失败(sh501025) https://web.ifzq.gtimg.cn/appstock/app/fqkline/get?param=sh501025,day,,,15,qfq: HTTP Error 501: Not Implemented
    [价格] 腾讯K线无数据，改用新浪K线兜底(sh501025)
    [价格] 腾讯K线失败(sz162719) https://web.ifzq.gtimg.cn/appstock/app/fqkline/get?param=sz162719,day,,,15,qfq: HTTP Error 501: Not Implemented
    [价格] 腾讯K线无数据，改用新浪K线兜底(sz162719)
    [价格] 腾讯K线失败(sh501012) https://web.ifzq.gtimg.cn/appstock/app/fqkline/get?param=sh501012,day,,,15,qfq: HTTP Error 501: Not Implemented
    [价格] 腾讯K线无数据，改用新浪K线兜底(sh501012)
    [价格] 腾讯K线失败(sz161040) https://web.ifzq.gtimg.cn/appstock/app/fqkline/get?param=sz161040,day,,,15,qfq: HTTP Error 501: Not Implemented
    [价格] 腾讯K线无数据，改用新浪K线兜底(sz161040)
    [价格] 腾讯K线失败(sh501018) https://web.ifzq.gtimg.cn/appstock/app/fqkline/get?param=sh501018,day,,,15,qfq: HTTP Error 501: Not Implemented
    [价格] 腾讯K线无数据，改用新浪K线兜底(sh501018)
    [价格] 腾讯K线失败(sz161812) https://web.ifzq.gtimg.cn/appstock/app/fqkline/get?param=sz161812,day,,,15,qfq: HTTP Error 501: Not Implemented
    [价格] 腾讯K线无数据，改用新浪K线兜底(sz161812)
    [价格] 腾讯K线失败(sz161128) https://web.ifzq.gtimg.cn/appstock/app/fqkline/get?param=sz161128,day,,,15,qfq: HTTP Error 501: Not Implemented
    [价格] 腾讯K线无数据，改用新浪K线兜底(sz161128)
    [价格] 腾讯K线失败(sz161125) https://web.ifzq.gtimg.cn/appstock/app/fqkline/get?param=sz161125,day,,,15,qfq: HTTP Error 501: Not Implemented
    [价格] 腾讯K线无数据，改用新浪K线兜底(sz161125)
    [价格] 腾讯K线失败(sz160723) https://web.ifzq.gtimg.cn/appstock/app/fqkline/get?param=sz160723,day,,,15,qfq: HTTP Error 501: Not Implemented
    [价格] 腾讯K线无数据，改用新浪K线兜底(sz160723)
    [价格] 腾讯K线失败(sz161129) https://web.ifzq.gtimg.cn/appstock/app/fqkline/get?param=sz161129,day,,,15,qfq: HTTP Error 501: Not Implemented
    [价格] 腾讯K线无数据，改用新浪K线兜底(sz161129)
    [价格] 腾讯K线失败(sh501225) https://web.ifzq.gtimg.cn/appstock/app/fqkline/get?param=sh501225,day,,,15,qfq: HTTP Error 501: Not Implemented
    [价格] 腾讯K线无数据，改用新浪K线兜底(sh501225)
>>> [162411] 华宝标普油气上游股票人民币A · 计算30日/显示10日 ｜ 标的=XOP ｜ 模式=index
    净值 35 条，最新: ('2026-07-24', 0.9195)
    [兜底] 东财价格失败：Remote end closed connection without response
    价格 [新浪财经] 35 条，最新: ('2026-07-27', 0.888)
    汇率 281 天，最新: ('2026-07-28', 6.76615)
    标的 [stockanalysis.com] 35 条，最新: ('2026-07-24', 174.05)
    最近 10 个交易日 -> 命中 10 个
    [价格] 腾讯K线失败(sz160719) https://web.ifzq.gtimg.cn/appstock/app/fqkline/get?param=sz160719,day,,,15,qfq: HTTP Error 501: Not Implemented
    [价格] 腾讯K线无数据，改用新浪K线兜底(sz160719)
    [价格] 腾讯K线失败(sh501312) https://web.ifzq.gtimg.cn/appstock/app/fqkline/get?param=sh501312,day,,,15,qfq: HTTP Error 501: Not Implemented
    [价格] 腾讯K线无数据，改用新浪K线兜底(sh501312)
    [价格] 腾讯K线失败(sz160140) https://web.ifzq.gtimg.cn/appstock/app/fqkline/get?param=sz160140,day,,,15,qfq: HTTP Error 501: Not Implemented
    [价格] 腾讯K线无数据，改用新浪K线兜底(sz160140)
    [价格] 腾讯K线失败(sh501300) https://web.ifzq.gtimg.cn/appstock/app/fqkline/get?param=sh501300,day,,,15,qfq: HTTP Error 501: Not Implemented
    [价格] 腾讯K线无数据，改用新浪K线兜底(sh501300)
    [价格] 腾讯K线失败(sz164824) https://web.ifzq.gtimg.cn/appstock/app/fqkline/get?param=sz164824,day,,,15,qfq: HTTP Error 501: Not Implemented
    [价格] 腾讯K线无数据，改用新浪K线兜底(sz164824)
    [价格] 腾讯K线失败(sz164705) https://web.ifzq.gtimg.cn/appstock/app/fqkline/get?param=sz164705,day,,,15,qfq: HTTP Error 501: Not Implemented
    [价格] 腾讯K线无数据，改用新浪K线兜底(sz164705)
    [价格] 腾讯K线失败(sz160717) https://web.ifzq.gtimg.cn/appstock/app/fqkline/get?param=sz160717,day,,,15,qfq: HTTP Error 501: Not Implemented
    [价格] 腾讯K线无数据，改用新浪K线兜底(sz160717)
    [价格] 腾讯K线失败(sz164906) https://web.ifzq.gtimg.cn/appstock/app/fqkline/get?param=sz164906,day,,,15,qfq: HTTP Error 501: Not Implemented
    [价格] 腾讯K线无数据，改用新浪K线兜底(sz164906)
    [价格] 腾讯K线失败(sz167301) https://web.ifzq.gtimg.cn/appstock/app/fqkline/get?param=sz167301,day,,,15,qfq: HTTP Error 501: Not Implemented
    [价格] 腾讯K线无数据，改用新浪K线兜底(sz167301)
    [价格] 腾讯K线失败(sz160632) https://web.ifzq.gtimg.cn/appstock/app/fqkline/get?param=sz160632,day,,,15,qfq: HTTP Error 501: Not Implemented
    [价格] 腾讯K线无数据，改用新浪K线兜底(sz160632)
    [价格] 腾讯K线失败(sz160924) https://web.ifzq.gtimg.cn/appstock/app/fqkline/get?param=sz160924,day,,,15,qfq: HTTP Error 501: Not Implemented
    [价格] 腾讯K线无数据，改用新浪K线兜底(sz160924)
    [价格] 腾讯K线失败(sz161831) https://web.ifzq.gtimg.cn/appstock/app/fqkline/get?param=sz161831,day,,,15,qfq: HTTP Error 501: Not Implemented
    [价格] 腾讯K线无数据，改用新浪K线兜底(sz161831)
    [价格] 腾讯K线失败(sz161126) https://web.ifzq.gtimg.cn/appstock/app/fqkline/get?param=sz161126,day,,,15,qfq: HTTP Error 501: Not Implemented
    [价格] 腾讯K线无数据，改用新浪K线兜底(sz161126)
    [价格] 腾讯K线失败(sz161116) https://web.ifzq.gtimg.cn/appstock/app/fqkline/get?param=sz161116,day,,,15,qfq: HTTP Error 501: Not Implemented
    [价格] 腾讯K线无数据，改用新浪K线兜底(sz161116)
    [价格] 腾讯K线失败(sz161124) https://web.ifzq.gtimg.cn/appstock/app/fqkline/get?param=sz161124,day,,,15,qfq: HTTP Error 501: Not Implemented
    [价格] 腾讯K线无数据，改用新浪K线兜底(sz161124)
    [价格] 腾讯K线失败(sz164701) https://web.ifzq.gtimg.cn/appstock/app/fqkline/get?param=sz164701,day,,,15,qfq: HTTP Error 501: Not Implemented
    [价格] 腾讯K线无数据，改用新浪K线兜底(sz164701)
    [价格] 腾讯K线失败(sz164812) https://web.ifzq.gtimg.cn/appstock/app/fqkline/get?param=sz164812,day,,,15,qfq: HTTP Error 501: Not Implemented
    [价格] 腾讯K线无数据，改用新浪K线兜底(sz164812)
    [价格] 腾讯K线失败(sz161032) https://web.ifzq.gtimg.cn/appstock/app/fqkline/get?param=sz161032,day,,,15,qfq: HTTP Error 501: Not Implemented
    [价格] 腾讯K线无数据，改用新浪K线兜底(sz161032)
    [价格] 腾讯K线失败(sz160639) https://web.ifzq.gtimg.cn/appstock/app/fqkline/get?param=sz160639,day,,,15,qfq: HTTP Error 501: Not Implemented
    [价格] 腾讯K线无数据，改用新浪K线兜底(sz160639)
    [价格] 腾讯K线失败(sz160143) https://web.ifzq.gtimg.cn/appstock/app/fqkline/get?param=sz160143,day,,,15,qfq: HTTP Error 501: Not Implemented
    [价格] 腾讯K线无数据，改用新浪K线兜底(sz160143)
    [价格] 腾讯K线失败(sz160216) https://web.ifzq.gtimg.cn/appstock/app/fqkline/get?param=sz160216,day,,,15,qfq: HTTP Error 501: Not Implemented
    [价格] 腾讯K线无数据，改用新浪K线兜底(sz160216)
    [价格] 腾讯K线失败(sz163208) https://web.ifzq.gtimg.cn/appstock/app/fqkline/get?param=sz163208,day,,,15,qfq: HTTP Error 501: Not Implemented
    [价格] 腾讯K线无数据，改用新浪K线兜底(sz163208)
    [价格] 腾讯K线失败(sz160225) https://web.ifzq.gtimg.cn/appstock/app/fqkline/get?param=sz160225,day,,,15,qfq: HTTP Error 501: Not Implemented
    [价格] 腾讯K线无数据，改用新浪K线兜底(sz160225)
    [价格] 腾讯K线失败(sz160416) https://web.ifzq.gtimg.cn/appstock/app/fqkline/get?param=sz160416,day,,,15,qfq: HTTP Error 501: Not Implemented
    [价格] 腾讯K线无数据，改用新浪K线兜底(sz160416)
    [价格] 腾讯K线失败(sz160922) https://web.ifzq.gtimg.cn/appstock/app/fqkline/get?param=sz160922,day,,,15,qfq: HTTP Error 501: Not Implemented
    [价格] 腾讯K线无数据，改用新浪K线兜底(sz160922)
    [价格] 腾讯K线失败(sz161127) https://web.ifzq.gtimg.cn/appstock/app/fqkline/get?param=sz161127,day,,,15,qfq: HTTP Error 501: Not Implemented
    [价格] 腾讯K线无数据，改用新浪K线兜底(sz161127)
    [价格] 腾讯K线失败(sz161130) https://web.ifzq.gtimg.cn/appstock/app/fqkline/get?param=sz161130,day,,,15,qfq: HTTP Error 501: Not Implemented
    [价格] 腾讯K线无数据，改用新浪K线兜底(sz161130)
    [价格] 腾讯K线失败(sz161226) https://web.ifzq.gtimg.cn/appstock/app/fqkline/get?param=sz161226,day,,,15,qfq: HTTP Error 501: Not Implemented
    [价格] 腾讯K线无数据，改用新浪K线兜底(sz161226)
    [价格] 腾讯K线失败(sz161725) https://web.ifzq.gtimg.cn/appstock/app/fqkline/get?param=sz161725,day,,,15,qfq: HTTP Error 501: Not Implemented
    [价格] 腾讯K线无数据，改用新浪K线兜底(sz161725)
    [价格] 腾讯K线失败(sz160415) https://web.ifzq.gtimg.cn/appstock/app/fqkline/get?param=sz160415,day,,,15,qfq: HTTP Error 501: Not Implemented
    [价格] 腾讯K线无数据，改用新浪K线兜底(sz160415)
    [价格] 腾讯K线失败(sz160644) https://web.ifzq.gtimg.cn/appstock/app/fqkline/get?param=sz160644,day,,,15,qfq: HTTP Error 501: Not Implemented
    [价格] 腾讯K线无数据，改用新浪K线兜底(sz160644)
    [价格] 腾讯K线失败(sh501025) https://web.ifzq.gtimg.cn/appstock/app/fqkline/get?param=sh501025,day,,,15,qfq: HTTP Error 501: Not Implemented
    [价格] 腾讯K线无数据，改用新浪K线兜底(sh501025)
    [价格] 腾讯K线失败(sz162719) https://web.ifzq.gtimg.cn/appstock/app/fqkline/get?param=sz162719,day,,,15,qfq: HTTP Error 501: Not Implemented
    [价格] 腾讯K线无数据，改用新浪K线兜底(sz162719)
    [价格] 腾讯K线失败(sz161812) https://web.ifzq.gtimg.cn/appstock/app/fqkline/get?param=sz161812,day,,,15,qfq: HTTP Error 501: Not Implemented
    [价格] 腾讯K线无数据，改用新浪K线兜底(sz161812)
    [价格] 腾讯K线失败(sh501012) https://web.ifzq.gtimg.cn/appstock/app/fqkline/get?param=sh501012,day,,,15,qfq: HTTP Error 501: Not Implemented
    [价格] 腾讯K线无数据，改用新浪K线兜底(sh501012)
    [价格] 腾讯K线失败(sz161040) https://web.ifzq.gtimg.cn/appstock/app/fqkline/get?param=sz161040,day,,,15,qfq: HTTP Error 501: Not Implemented
    [价格] 腾讯K线无数据，改用新浪K线兜底(sz161040)
    [价格] 腾讯K线失败(sz161125) https://web.ifzq.gtimg.cn/appstock/app/fqkline/get?param=sz161125,day,,,15,qfq: HTTP Error 501: Not Implemented
    [价格] 腾讯K线无数据，改用新浪K线兜底(sz161125)
    [价格] 腾讯K线失败(sz161128) https://web.ifzq.gtimg.cn/appstock/app/fqkline/get?param=sz161128,day,,,15,qfq: HTTP Error 501: Not Implemented
    [价格] 腾讯K线无数据，改用新浪K线兜底(sz161128)
    [价格] 腾讯K线失败(sh501018) https://web.ifzq.gtimg.cn/appstock/app/fqkline/get?param=sh501018,day,,,15,qfq: HTTP Error 501: Not Implemented
    [价格] 腾讯K线无数据，改用新浪K线兜底(sh501018)
    [价格] 腾讯K线失败(sz160723) https://web.ifzq.gtimg.cn/appstock/app/fqkline/get?param=sz160723,day,,,15,qfq: HTTP Error 501: Not Implemented
    [价格] 腾讯K线无数据，改用新浪K线兜底(sz160723)
    [价格] 腾讯K线失败(sh501225) https://web.ifzq.gtimg.cn/appstock/app/fqkline/get?param=sh501225,day,,,15,qfq: HTTP Error 501: Not Implemented
    [价格] 腾讯K线无数据，改用新浪K线兜底(sh501225)
    [价格] 腾讯K线失败(sz161129) https://web.ifzq.gtimg.cn/appstock/app/fqkline/get?param=sz161129,day,,,15,qfq: HTTP Error 501: Not Implemented
    [价格] 腾讯K线无数据，改用新浪K线兜底(sz161129)
    [持仓] hk01888 行情获取失败：HTTP Error 501: Not Implemented
    [持仓] hk00992 行情获取失败：HTTP Error 501: Not Implemented
    [持仓] hk00148 行情获取失败：HTTP Error 501: Not Implemented
    [持仓] hk03690 行情获取失败：HTTP Error 501: Not Implemented
    [持仓] hk09988 行情获取失败：HTTP Error 501: Not Implemented
    [持仓] 160644 合成指数完成，覆盖 78.2%（10 只）
>>> [162411] 华宝标普油气上游股票人民币A · 计算30日/显示10日 ｜ 标的=XOP ｜ 模式=index
    净值 35 条，最新: ('2026-07-24', 0.9195)
    [兜底] 东财价格失败：Remote end closed connection without response
    价格 [新浪财经] 35 条，最新: ('2026-07-27', 0.888)
    汇率 281 天，最新: ('2026-07-28', 6.76615)
    标的 [stockanalysis.com] 35 条，最新: ('2026-07-24', 174.05)
    最近 10 个交易日 -> 命中 10 个
    [价格] 腾讯K线失败(sz164906) https://web.ifzq.gtimg.cn/appstock/app/fqkline/get?param=sz164906,day,,,15,qfq: HTTP Error 501: Not Implemented
    [价格] 腾讯K线无数据，改用新浪K线兜底(sz164906)
    [价格] 腾讯K线失败(sz164705) https://web.ifzq.gtimg.cn/appstock/app/fqkline/get?param=sz164705,day,,,15,qfq: HTTP Error 501: Not Implemented
    [价格] 腾讯K线无数据，改用新浪K线兜底(sz164705)
    [价格] 腾讯K线失败(sz160140) https://web.ifzq.gtimg.cn/appstock/app/fqkline/get?param=sz160140,day,,,15,qfq: HTTP Error 501: Not Implemented
    [价格] 腾讯K线无数据，改用新浪K线兜底(sz160140)
    [价格] 腾讯K线失败(sh501312) https://web.ifzq.gtimg.cn/appstock/app/fqkline/get?param=sh501312,day,,,15,qfq: HTTP Error 501: Not Implemented
    [价格] 腾讯K线无数据，改用新浪K线兜底(sh501312)
    [价格] 腾讯K线失败(sz160719) https://web.ifzq.gtimg.cn/appstock/app/fqkline/get?param=sz160719,day,,,15,qfq: HTTP Error 501: Not Implemented
    [价格] 腾讯K线无数据，改用新浪K线兜底(sz160719)
    [价格] 腾讯K线失败(sz164824) https://web.ifzq.gtimg.cn/appstock/app/fqkline/get?param=sz164824,day,,,15,qfq: HTTP Error 501: Not Implemented
    [价格] 腾讯K线无数据，改用新浪K线兜底(sz164824)
    [价格] 腾讯K线失败(sh501300) https://web.ifzq.gtimg.cn/appstock/app/fqkline/get?param=sh501300,day,,,15,qfq: HTTP Error 501: Not Implemented
    [价格] 腾讯K线无数据，改用新浪K线兜底(sh501300)
    [价格] 腾讯K线失败(sz160717) https://web.ifzq.gtimg.cn/appstock/app/fqkline/get?param=sz160717,day,,,15,qfq: HTTP Error 501: Not Implemented
    [价格] 腾讯K线无数据，改用新浪K线兜底(sz160717)
    [价格] 腾讯K线失败(sz167301) https://web.ifzq.gtimg.cn/appstock/app/fqkline/get?param=sz167301,day,,,15,qfq: HTTP Error 501: Not Implemented
    [价格] 腾讯K线无数据，改用新浪K线兜底(sz167301)
    [价格] 腾讯K线失败(sz161126) https://web.ifzq.gtimg.cn/appstock/app/fqkline/get?param=sz161126,day,,,15,qfq: HTTP Error 501: Not Implemented
    [价格] 腾讯K线无数据，改用新浪K线兜底(sz161126)
    [价格] 腾讯K线失败(sz160924) https://web.ifzq.gtimg.cn/appstock/app/fqkline/get?param=sz160924,day,,,15,qfq: HTTP Error 501: Not Implemented
    [价格] 腾讯K线无数据，改用新浪K线兜底(sz160924)
    [价格] 腾讯K线失败(sz161116) https://web.ifzq.gtimg.cn/appstock/app/fqkline/get?param=sz161116,day,,,15,qfq: HTTP Error 501: Not Implemented
    [价格] 腾讯K线无数据，改用新浪K线兜底(sz161116)
    [价格] 腾讯K线失败(sz161831) https://web.ifzq.gtimg.cn/appstock/app/fqkline/get?param=sz161831,day,,,15,qfq: HTTP Error 501: Not Implemented
    [价格] 腾讯K线无数据，改用新浪K线兜底(sz161831)
    [价格] 腾讯K线失败(sz161124) https://web.ifzq.gtimg.cn/appstock/app/fqkline/get?param=sz161124,day,,,15,qfq: HTTP Error 501: Not Implemented
    [价格] 腾讯K线无数据，改用新浪K线兜底(sz161124)
    [价格] 腾讯K线失败(sz160632) https://web.ifzq.gtimg.cn/appstock/app/fqkline/get?param=sz160632,day,,,15,qfq: HTTP Error 501: Not Implemented
    [价格] 腾讯K线无数据，改用新浪K线兜底(sz160632)
    [价格] 腾讯K线失败(sz164701) https://web.ifzq.gtimg.cn/appstock/app/fqkline/get?param=sz164701,day,,,15,qfq: HTTP Error 501: Not Implemented
    [价格] 腾讯K线无数据，改用新浪K线兜底(sz164701)
    [价格] 腾讯K线失败(sz160639) https://web.ifzq.gtimg.cn/appstock/app/fqkline/get?param=sz160639,day,,,15,qfq: HTTP Error 501: Not Implemented
    [价格] 腾讯K线无数据，改用新浪K线兜底(sz160639)
    [价格] 腾讯K线失败(sz163208) https://web.ifzq.gtimg.cn/appstock/app/fqkline/get?param=sz163208,day,,,15,qfq: HTTP Error 501: Not Implemented
    [价格] 腾讯K线无数据，改用新浪K线兜底(sz163208)
    [价格] 腾讯K线失败(sz160143) https://web.ifzq.gtimg.cn/appstock/app/fqkline/get?param=sz160143,day,,,15,qfq: HTTP Error 501: Not Implemented
    [价格] 腾讯K线无数据，改用新浪K线兜底(sz160143)
    [价格] 腾讯K线失败(sz164812) https://web.ifzq.gtimg.cn/appstock/app/fqkline/get?param=sz164812,day,,,15,qfq: HTTP Error 501: Not Implemented
    [价格] 腾讯K线无数据，改用新浪K线兜底(sz164812)
    [价格] 腾讯K线失败(sz160216) https://web.ifzq.gtimg.cn/appstock/app/fqkline/get?param=sz160216,day,,,15,qfq: HTTP Error 501: Not Implemented
    [价格] 腾讯K线无数据，改用新浪K线兜底(sz160216)
    [价格] 腾讯K线失败(sz161032) https://web.ifzq.gtimg.cn/appstock/app/fqkline/get?param=sz161032,day,,,15,qfq: HTTP Error 501: Not Implemented
    [价格] 腾讯K线无数据，改用新浪K线兜底(sz161032)
    [价格] 腾讯K线失败(sz160416) https://web.ifzq.gtimg.cn/appstock/app/fqkline/get?param=sz160416,day,,,15,qfq: HTTP Error 501: Not Implemented
    [价格] 腾讯K线无数据，改用新浪K线兜底(sz160416)
    [价格] 腾讯K线失败(sz160225) https://web.ifzq.gtimg.cn/appstock/app/fqkline/get?param=sz160225,day,,,15,qfq: HTTP Error 501: Not Implemented
    [价格] 腾讯K线无数据，改用新浪K线兜底(sz160225)
    [价格] 腾讯K线失败(sz160922) https://web.ifzq.gtimg.cn/appstock/app/fqkline/get?param=sz160922,day,,,15,qfq: HTTP Error 501: Not Implemented
    [价格] 腾讯K线无数据，改用新浪K线兜底(sz160922)
    [价格] 腾讯K线失败(sz161127) https://web.ifzq.gtimg.cn/appstock/app/fqkline/get?param=sz161127,day,,,15,qfq: HTTP Error 501: Not Implemented
    [价格] 腾讯K线无数据，改用新浪K线兜底(sz161127)
    [价格] 腾讯K线失败(sz161725) https://web.ifzq.gtimg.cn/appstock/app/fqkline/get?param=sz161725,day,,,15,qfq: HTTP Error 501: Not Implemented
    [价格] 腾讯K线无数据，改用新浪K线兜底(sz161725)
    [价格] 腾讯K线失败(sz161226) https://web.ifzq.gtimg.cn/appstock/app/fqkline/get?param=sz161226,day,,,15,qfq: HTTP Error 501: Not Implemented
    [价格] 腾讯K线无数据，改用新浪K线兜底(sz161226)
    [价格] 腾讯K线失败(sz160415) https://web.ifzq.gtimg.cn/appstock/app/fqkline/get?param=sz160415,day,,,15,qfq: HTTP Error 501: Not Implemented
    [价格] 腾讯K线无数据，改用新浪K线兜底(sz160415)
    [价格] 腾讯K线失败(sz161130) https://web.ifzq.gtimg.cn/appstock/app/fqkline/get?param=sz161130,day,,,15,qfq: HTTP Error 501: Not Implemented
    [价格] 腾讯K线无数据，改用新浪K线兜底(sz161130)
    [价格] 腾讯K线失败(sz160644) https://web.ifzq.gtimg.cn/appstock/app/fqkline/get?param=sz160644,day,,,15,qfq: HTTP Error 501: Not Implemented
    [价格] 腾讯K线无数据，改用新浪K线兜底(sz160644)
    [价格] 腾讯K线失败(sz162719) https://web.ifzq.gtimg.cn/appstock/app/fqkline/get?param=sz162719,day,,,15,qfq: HTTP Error 501: Not Implemented
    [价格] 腾讯K线无数据，改用新浪K线兜底(sz162719)
    [价格] 腾讯K线失败(sz161812) https://web.ifzq.gtimg.cn/appstock/app/fqkline/get?param=sz161812,day,,,15,qfq: HTTP Error 501: Not Implemented
    [价格] 腾讯K线无数据，改用新浪K线兜底(sz161812)
    [价格] 腾讯K线失败(sz161125) https://web.ifzq.gtimg.cn/appstock/app/fqkline/get?param=sz161125,day,,,15,qfq: HTTP Error 501: Not Implemented
    [价格] 腾讯K线无数据，改用新浪K线兜底(sz161125)
    [价格] 腾讯K线失败(sz161040) https://web.ifzq.gtimg.cn/appstock/app/fqkline/get?param=sz161040,day,,,15,qfq: HTTP Error 501: Not Implemented
    [价格] 腾讯K线无数据，改用新浪K线兜底(sz161040)
    [价格] 腾讯K线失败(sh501025) https://web.ifzq.gtimg.cn/appstock/app/fqkline/get?param=sh501025,day,,,15,qfq: HTTP Error 501: Not Implemented
    [价格] 腾讯K线无数据，改用新浪K线兜底(sh501025)
    [价格] 腾讯K线失败(sh501012) https://web.ifzq.gtimg.cn/appstock/app/fqkline/get?param=sh501012,day,,,15,qfq: HTTP Error 501: Not Implemented
    [价格] 腾讯K线无数据，改用新浪K线兜底(sh501012)
    [价格] 腾讯K线失败(sz161128) https://web.ifzq.gtimg.cn/appstock/app/fqkline/get?param=sz161128,day,,,15,qfq: HTTP Error 501: Not Implemented
    [价格] 腾讯K线无数据，改用新浪K线兜底(sz161128)
    [价格] 腾讯K线失败(sh501018) https://web.ifzq.gtimg.cn/appstock/app/fqkline/get?param=sh501018,day,,,15,qfq: HTTP Error 501: Not Implemented
    [价格] 腾讯K线无数据，改用新浪K线兜底(sh501018)
    [价格] 腾讯K线失败(sz160723) https://web.ifzq.gtimg.cn/appstock/app/fqkline/get?param=sz160723,day,,,15,qfq: HTTP Error 501: Not Implemented
    [价格] 腾讯K线无数据，改用新浪K线兜底(sz160723)
    [价格] 腾讯K线失败(sz161129) https://web.ifzq.gtimg.cn/appstock/app/fqkline/get?param=sz161129,day,,,15,qfq: HTTP Error 501: Not Implemented
    [价格] 腾讯K线无数据，改用新浪K线兜底(sz161129)
    [价格] 腾讯K线失败(sh501225) https://web.ifzq.gtimg.cn/appstock/app/fqkline/get?param=sh501225,day,,,15,qfq: HTTP Error 501: Not Implemented
    [价格] 腾讯K线无数据，改用新浪K线兜底(sh501225)
>>> [162411] 华宝标普油气上游股票人民币A · 计算30日/显示10日 ｜ 标的=XOP ｜ 模式=index
    净值 35 条，最新: ('2026-07-24', 0.9195)
    [兜底] 东财价格失败：Remote end closed connection without response
    价格 [新浪财经] 35 条，最新: ('2026-07-27', 0.888)
    汇率 281 天，最新: ('2026-07-28', 6.76615)
    标的 [stockanalysis.com] 35 条，最新: ('2026-07-24', 174.05)
    最近 10 个交易日 -> 命中 10 个
    [价格] 腾讯K线失败(sz160719) https://web.ifzq.gtimg.cn/appstock/app/fqkline/get?param=sz160719,day,,,15,qfq: HTTP Error 501: Not Implemented
    [价格] 腾讯K线无数据，改用新浪K线兜底(sz160719)
    [价格] 腾讯K线失败(sz164705) https://web.ifzq.gtimg.cn/appstock/app/fqkline/get?param=sz164705,day,,,15,qfq: HTTP Error 501: Not Implemented
    [价格] 腾讯K线无数据，改用新浪K线兜底(sz164705)
    [价格] 腾讯K线失败(sh501312) https://web.ifzq.gtimg.cn/appstock/app/fqkline/get?param=sh501312,day,,,15,qfq: HTTP Error 501: Not Implemented
    [价格] 腾讯K线无数据，改用新浪K线兜底(sh501312)
    [价格] 腾讯K线失败(sz160717) https://web.ifzq.gtimg.cn/appstock/app/fqkline/get?param=sz160717,day,,,15,qfq: HTTP Error 501: Not Implemented
    [价格] 腾讯K线无数据，改用新浪K线兜底(sz160717)
    [价格] 腾讯K线失败(sz164906) https://web.ifzq.gtimg.cn/appstock/app/fqkline/get?param=sz164906,day,,,15,qfq: HTTP Error 501: Not Implemented
    [价格] 腾讯K线无数据，改用新浪K线兜底(sz164906)
    [价格] 腾讯K线失败(sz160140) https://web.ifzq.gtimg.cn/appstock/app/fqkline/get?param=sz160140,day,,,15,qfq: HTTP Error 501: Not Implemented
    [价格] 腾讯K线无数据，改用新浪K线兜底(sz160140)
    [价格] 腾讯K线失败(sh501300) https://web.ifzq.gtimg.cn/appstock/app/fqkline/get?param=sh501300,day,,,15,qfq: HTTP Error 501: Not Implemented
    [价格] 腾讯K线无数据，改用新浪K线兜底(sh501300)
    [价格] 腾讯K线失败(sz164824) https://web.ifzq.gtimg.cn/appstock/app/fqkline/get?param=sz164824,day,,,15,qfq: HTTP Error 501: Not Implemented
    [价格] 腾讯K线无数据，改用新浪K线兜底(sz164824)
    [价格] 腾讯K线失败(sz161126) https://web.ifzq.gtimg.cn/appstock/app/fqkline/get?param=sz161126,day,,,15,qfq: HTTP Error 501: Not Implemented
    [价格] 腾讯K线无数据，改用新浪K线兜底(sz161126)
    [价格] 腾讯K线失败(sz167301) https://web.ifzq.gtimg.cn/appstock/app/fqkline/get?param=sz167301,day,,,15,qfq: HTTP Error 501: Not Implemented
    [价格] 腾讯K线无数据，改用新浪K线兜底(sz167301)
    [价格] 腾讯K线失败(sz161116) https://web.ifzq.gtimg.cn/appstock/app/fqkline/get?param=sz161116,day,,,15,qfq: HTTP Error 501: Not Implemented
    [价格] 腾讯K线无数据，改用新浪K线兜底(sz161116)
    [价格] 腾讯K线失败(sz161124) https://web.ifzq.gtimg.cn/appstock/app/fqkline/get?param=sz161124,day,,,15,qfq: HTTP Error 501: Not Implemented
    [价格] 腾讯K线无数据，改用新浪K线兜底(sz161124)
    [价格] 腾讯K线失败(sz161831) https://web.ifzq.gtimg.cn/appstock/app/fqkline/get?param=sz161831,day,,,15,qfq: HTTP Error 501: Not Implemented
    [价格] 腾讯K线无数据，改用新浪K线兜底(sz161831)
    [价格] 腾讯K线失败(sz160924) https://web.ifzq.gtimg.cn/appstock/app/fqkline/get?param=sz160924,day,,,15,qfq: HTTP Error 501: Not Implemented
    [价格] 腾讯K线无数据，改用新浪K线兜底(sz160924)
    [价格] 腾讯K线失败(sz164701) https://web.ifzq.gtimg.cn/appstock/app/fqkline/get?param=sz164701,day,,,15,qfq: HTTP Error 501: Not Implemented
    [价格] 腾讯K线无数据，改用新浪K线兜底(sz164701)
    [价格] 腾讯K线失败(sz160632) https://web.ifzq.gtimg.cn/appstock/app/fqkline/get?param=sz160632,day,,,15,qfq: HTTP Error 501: Not Implemented
    [价格] 腾讯K线无数据，改用新浪K线兜底(sz160632)
    [价格] 腾讯K线失败(sz160216) https://web.ifzq.gtimg.cn/appstock/app/fqkline/get?param=sz160216,day,,,15,qfq: HTTP Error 501: Not Implemented
    [价格] 腾讯K线无数据，改用新浪K线兜底(sz160216)
    [价格] 腾讯K线失败(sz160143) https://web.ifzq.gtimg.cn/appstock/app/fqkline/get?param=sz160143,day,,,15,qfq: HTTP Error 501: Not Implemented
    [价格] 腾讯K线无数据，改用新浪K线兜底(sz160143)
    [价格] 腾讯K线失败(sz160225) https://web.ifzq.gtimg.cn/appstock/app/fqkline/get?param=sz160225,day,,,15,qfq: HTTP Error 501: Not Implemented
    [价格] 腾讯K线无数据，改用新浪K线兜底(sz160225)
    [价格] 腾讯K线失败(sz163208) https://web.ifzq.gtimg.cn/appstock/app/fqkline/get?param=sz163208,day,,,15,qfq: HTTP Error 501: Not Implemented
    [价格] 腾讯K线无数据，改用新浪K线兜底(sz163208)
    [价格] 腾讯K线失败(sz164812) https://web.ifzq.gtimg.cn/appstock/app/fqkline/get?param=sz164812,day,,,15,qfq: HTTP Error 501: Not Implemented
    [价格] 腾讯K线无数据，改用新浪K线兜底(sz164812)
    [价格] 腾讯K线失败(sz160639) https://web.ifzq.gtimg.cn/appstock/app/fqkline/get?param=sz160639,day,,,15,qfq: HTTP Error 501: Not Implemented
    [价格] 腾讯K线无数据，改用新浪K线兜底(sz160639)
    [价格] 腾讯K线失败(sz160416) https://web.ifzq.gtimg.cn/appstock/app/fqkline/get?param=sz160416,day,,,15,qfq: HTTP Error 501: Not Implemented
    [价格] 腾讯K线无数据，改用新浪K线兜底(sz160416)
    [价格] 腾讯K线失败(sz160922) https://web.ifzq.gtimg.cn/appstock/app/fqkline/get?param=sz160922,day,,,15,qfq: HTTP Error 501: Not Implemented
    [价格] 腾讯K线无数据，改用新浪K线兜底(sz160922)
    [价格] 腾讯K线失败(sz161130) https://web.ifzq.gtimg.cn/appstock/app/fqkline/get?param=sz161130,day,,,15,qfq: HTTP Error 501: Not Implemented
    [价格] 腾讯K线无数据，改用新浪K线兜底(sz161130)
    [价格] 腾讯K线失败(sz161725) https://web.ifzq.gtimg.cn/appstock/app/fqkline/get?param=sz161725,day,,,15,qfq: HTTP Error 501: Not Implemented
    [价格] 腾讯K线无数据，改用新浪K线兜底(sz161725)
    [价格] 腾讯K线失败(sz161226) https://web.ifzq.gtimg.cn/appstock/app/fqkline/get?param=sz161226,day,,,15,qfq: HTTP Error 501: Not Implemented
    [价格] 腾讯K线无数据，改用新浪K线兜底(sz161226)
    [价格] 腾讯K线失败(sz161127) https://web.ifzq.gtimg.cn/appstock/app/fqkline/get?param=sz161127,day,,,15,qfq: HTTP Error 501: Not Implemented
    [价格] 腾讯K线无数据，改用新浪K线兜底(sz161127)
    [价格] 腾讯K线失败(sz161032) https://web.ifzq.gtimg.cn/appstock/app/fqkline/get?param=sz161032,day,,,15,qfq: HTTP Error 501: Not Implemented
    [价格] 腾讯K线无数据，改用新浪K线兜底(sz161032)
    [价格] 腾讯K线失败(sz160644) https://web.ifzq.gtimg.cn/appstock/app/fqkline/get?param=sz160644,day,,,15,qfq: HTTP Error 501: Not Implemented
    [价格] 腾讯K线无数据，改用新浪K线兜底(sz160644)
    [价格] 腾讯K线失败(sz160415) https://web.ifzq.gtimg.cn/appstock/app/fqkline/get?param=sz160415,day,,,15,qfq: HTTP Error 501: Not Implemented
    [价格] 腾讯K线无数据，改用新浪K线兜底(sz160415)
    [价格] 腾讯K线失败(sh501025) https://web.ifzq.gtimg.cn/appstock/app/fqkline/get?param=sh501025,day,,,15,qfq: HTTP Error 501: Not Implemented
    [价格] 腾讯K线无数据，改用新浪K线兜底(sh501025)
    [价格] 腾讯K线失败(sz162719) https://web.ifzq.gtimg.cn/appstock/app/fqkline/get?param=sz162719,day,,,15,qfq: HTTP Error 501: Not Implemented
    [价格] 腾讯K线无数据，改用新浪K线兜底(sz162719)
    [价格] 腾讯K线失败(sh501012) https://web.ifzq.gtimg.cn/appstock/app/fqkline/get?param=sh501012,day,,,15,qfq: HTTP Error 501: Not Implemented
    [价格] 腾讯K线无数据，改用新浪K线兜底(sh501012)
    [价格] 腾讯K线失败(sz161125) https://web.ifzq.gtimg.cn/appstock/app/fqkline/get?param=sz161125,day,,,15,qfq: HTTP Error 501: Not Implemented
    [价格] 腾讯K线无数据，改用新浪K线兜底(sz161125)
    [价格] 腾讯K线失败(sz161040) https://web.ifzq.gtimg.cn/appstock/app/fqkline/get?param=sz161040,day,,,15,qfq: HTTP Error 501: Not Implemented
    [价格] 腾讯K线无数据，改用新浪K线兜底(sz161040)
    [价格] 腾讯K线失败(sh501018) https://web.ifzq.gtimg.cn/appstock/app/fqkline/get?param=sh501018,day,,,15,qfq: HTTP Error 501: Not Implemented
    [价格] 腾讯K线无数据，改用新浪K线兜底(sh501018)
    [价格] 腾讯K线失败(sz160723) https://web.ifzq.gtimg.cn/appstock/app/fqkline/get?param=sz160723,day,,,15,qfq: HTTP Error 501: Not Implemented
    [价格] 腾讯K线无数据，改用新浪K线兜底(sz160723)
    [价格] 腾讯K线失败(sz161129) https://web.ifzq.gtimg.cn/appstock/app/fqkline/get?param=sz161129,day,,,15,qfq: HTTP Error 501: Not Implemented
    [价格] 腾讯K线无数据，改用新浪K线兜底(sz161129)
    [价格] 腾讯K线失败(sz161812) https://web.ifzq.gtimg.cn/appstock/app/fqkline/get?param=sz161812,day,,,15,qfq: HTTP Error 501: Not Implemented
    [价格] 腾讯K线无数据，改用新浪K线兜底(sz161812)
    [价格] 腾讯K线失败(sz161128) https://web.ifzq.gtimg.cn/appstock/app/fqkline/get?param=sz161128,day,,,15,qfq: HTTP Error 501: Not Implemented
    [价格] 腾讯K线无数据，改用新浪K线兜底(sz161128)
    [价格] 腾讯K线失败(sh501225) https://web.ifzq.gtimg.cn/appstock/app/fqkline/get?param=sh501225,day,,,15,qfq: HTTP Error 501: Not Implemented
    [价格] 腾讯K线无数据，改用新浪K线兜底(sh501225)
>>> [162411] 华宝标普油气上游股票人民币A · 计算30日/显示10日 ｜ 标的=XOP ｜ 模式=index
    净值 35 条，最新: ('2026-07-24', 0.9195)
    [兜底] 东财价格失败：Remote end closed connection without response
    价格 [新浪财经] 35 条，最新: ('2026-07-27', 0.888)
    汇率 281 天，最新: ('2026-07-28', 6.76615)
    标的 [stockanalysis.com] 35 条，最新: ('2026-07-24', 174.05)
    最近 10 个交易日 -> 命中 10 个
    [价格] 腾讯K线失败(sz164906) https://web.ifzq.gtimg.cn/appstock/app/fqkline/get?param=sz164906,day,,,15,qfq: HTTP Error 501: Not Implemented
    [价格] 腾讯K线无数据，改用新浪K线兜底(sz164906)
    [价格] 腾讯K线失败(sz164824) https://web.ifzq.gtimg.cn/appstock/app/fqkline/get?param=sz164824,day,,,15,qfq: HTTP Error 501: Not Implemented
    [价格] 腾讯K线无数据，改用新浪K线兜底(sz164824)
    [价格] 腾讯K线失败(sz164705) https://web.ifzq.gtimg.cn/appstock/app/fqkline/get?param=sz164705,day,,,15,qfq: HTTP Error 501: Not Implemented
    [价格] 腾讯K线无数据，改用新浪K线兜底(sz164705)
    [价格] 腾讯K线失败(sz160140) https://web.ifzq.gtimg.cn/appstock/app/fqkline/get?param=sz160140,day,,,15,qfq: HTTP Error 501: Not Implemented
    [价格] 腾讯K线无数据，改用新浪K线兜底(sz160140)
    [价格] 腾讯K线失败(sz160719) https://web.ifzq.gtimg.cn/appstock/app/fqkline/get?param=sz160719,day,,,15,qfq: HTTP Error 501: Not Implemented
    [价格] 腾讯K线无数据，改用新浪K线兜底(sz160719)
    [价格] 腾讯K线失败(sh501312) https://web.ifzq.gtimg.cn/appstock/app/fqkline/get?param=sh501312,day,,,15,qfq: HTTP Error 501: Not Implemented
    [价格] 腾讯K线无数据，改用新浪K线兜底(sh501312)
    [价格] 腾讯K线失败(sh501300) https://web.ifzq.gtimg.cn/appstock/app/fqkline/get?param=sh501300,day,,,15,qfq: HTTP Error 501: Not Implemented
    [价格] 腾讯K线无数据，改用新浪K线兜底(sh501300)
    [价格] 腾讯K线失败(sz160717) https://web.ifzq.gtimg.cn/appstock/app/fqkline/get?param=sz160717,day,,,15,qfq: HTTP Error 501: Not Implemented
    [价格] 腾讯K线无数据，改用新浪K线兜底(sz160717)
    [价格] 腾讯K线失败(sz161831) https://web.ifzq.gtimg.cn/appstock/app/fqkline/get?param=sz161831,day,,,15,qfq: HTTP Error 501: Not Implemented
    [价格] 腾讯K线无数据，改用新浪K线兜底(sz161831)
    [价格] 腾讯K线失败(sz160924) https://web.ifzq.gtimg.cn/appstock/app/fqkline/get?param=sz160924,day,,,15,qfq: HTTP Error 501: Not Implemented
    [价格] 腾讯K线无数据，改用新浪K线兜底(sz160924)
    [价格] 腾讯K线失败(sz161126) https://web.ifzq.gtimg.cn/appstock/app/fqkline/get?param=sz161126,day,,,15,qfq: HTTP Error 501: Not Implemented
    [价格] 腾讯K线无数据，改用新浪K线兜底(sz161126)
    [价格] 腾讯K线失败(sz160632) https://web.ifzq.gtimg.cn/appstock/app/fqkline/get?param=sz160632,day,,,15,qfq: HTTP Error 501: Not Implemented
    [价格] 腾讯K线无数据，改用新浪K线兜底(sz160632)
    [价格] 腾讯K线失败(sz167301) https://web.ifzq.gtimg.cn/appstock/app/fqkline/get?param=sz167301,day,,,15,qfq: HTTP Error 501: Not Implemented
    [价格] 腾讯K线无数据，改用新浪K线兜底(sz167301)
    [价格] 腾讯K线失败(sz164701) https://web.ifzq.gtimg.cn/appstock/app/fqkline/get?param=sz164701,day,,,15,qfq: HTTP Error 501: Not Implemented
    [价格] 腾讯K线无数据，改用新浪K线兜底(sz164701)
    [价格] 腾讯K线失败(sz161124) https://web.ifzq.gtimg.cn/appstock/app/fqkline/get?param=sz161124,day,,,15,qfq: HTTP Error 501: Not Implemented
    [价格] 腾讯K线无数据，改用新浪K线兜底(sz161124)
    [价格] 腾讯K线失败(sz161116) https://web.ifzq.gtimg.cn/appstock/app/fqkline/get?param=sz161116,day,,,15,qfq: HTTP Error 501: Not Implemented
    [价格] 腾讯K线无数据，改用新浪K线兜底(sz161116)
    [价格] 腾讯K线失败(sz160639) https://web.ifzq.gtimg.cn/appstock/app/fqkline/get?param=sz160639,day,,,15,qfq: HTTP Error 501: Not Implemented
    [价格] 腾讯K线无数据，改用新浪K线兜底(sz160639)
    [价格] 腾讯K线失败(sz163208) https://web.ifzq.gtimg.cn/appstock/app/fqkline/get?param=sz163208,day,,,15,qfq: HTTP Error 501: Not Implemented
    [价格] 腾讯K线无数据，改用新浪K线兜底(sz163208)
    [价格] 腾讯K线失败(sz160216) https://web.ifzq.gtimg.cn/appstock/app/fqkline/get?param=sz160216,day,,,15,qfq: HTTP Error 501: Not Implemented
    [价格] 腾讯K线无数据，改用新浪K线兜底(sz160216)
    [价格] 腾讯K线失败(sz164812) https://web.ifzq.gtimg.cn/appstock/app/fqkline/get?param=sz164812,day,,,15,qfq: HTTP Error 501: Not Implemented
    [价格] 腾讯K线无数据，改用新浪K线兜底(sz164812)
    [价格] 腾讯K线失败(sz161032) https://web.ifzq.gtimg.cn/appstock/app/fqkline/get?param=sz161032,day,,,15,qfq: HTTP Error 501: Not Implemented
    [价格] 腾讯K线无数据，改用新浪K线兜底(sz161032)
    [价格] 腾讯K线失败(sz160143) https://web.ifzq.gtimg.cn/appstock/app/fqkline/get?param=sz160143,day,,,15,qfq: HTTP Error 501: Not Implemented
    [价格] 腾讯K线无数据，改用新浪K线兜底(sz160143)
    [价格] 腾讯K线失败(sz160416) https://web.ifzq.gtimg.cn/appstock/app/fqkline/get?param=sz160416,day,,,15,qfq: HTTP Error 501: Not Implemented
    [价格] 腾讯K线无数据，改用新浪K线兜底(sz160416)
    [价格] 腾讯K线失败(sz160225) https://web.ifzq.gtimg.cn/appstock/app/fqkline/get?param=sz160225,day,,,15,qfq: HTTP Error 501: Not Implemented
    [价格] 腾讯K线无数据，改用新浪K线兜底(sz160225)
    [价格] 腾讯K线失败(sz160922) https://web.ifzq.gtimg.cn/appstock/app/fqkline/get?param=sz160922,day,,,15,qfq: HTTP Error 501: Not Implemented
    [价格] 腾讯K线无数据，改用新浪K线兜底(sz160922)
    [价格] 腾讯K线失败(sz161130) https://web.ifzq.gtimg.cn/appstock/app/fqkline/get?param=sz161130,day,,,15,qfq: HTTP Error 501: Not Implemented
    [价格] 腾讯K线无数据，改用新浪K线兜底(sz161130)
    [价格] 腾讯K线失败(sz161127) https://web.ifzq.gtimg.cn/appstock/app/fqkline/get?param=sz161127,day,,,15,qfq: HTTP Error 501: Not Implemented
    [价格] 腾讯K线无数据，改用新浪K线兜底(sz161127)
    [价格] 腾讯K线失败(sz161226) https://web.ifzq.gtimg.cn/appstock/app/fqkline/get?param=sz161226,day,,,15,qfq: HTTP Error 501: Not Implemented
    [价格] 腾讯K线无数据，改用新浪K线兜底(sz161226)
    [价格] 腾讯K线失败(sz161725) https://web.ifzq.gtimg.cn/appstock/app/fqkline/get?param=sz161725,day,,,15,qfq: HTTP Error 501: Not Implemented
    [价格] 腾讯K线无数据，改用新浪K线兜底(sz161725)
    [价格] 腾讯K线失败(sz160644) https://web.ifzq.gtimg.cn/appstock/app/fqkline/get?param=sz160644,day,,,15,qfq: HTTP Error 501: Not Implemented
    [价格] 腾讯K线无数据，改用新浪K线兜底(sz160644)
    [价格] 腾讯K线失败(sz160415) https://web.ifzq.gtimg.cn/appstock/app/fqkline/get?param=sz160415,day,,,15,qfq: HTTP Error 501: Not Implemented
    [价格] 腾讯K线无数据，改用新浪K线兜底(sz160415)
    [价格] 腾讯K线失败(sh501025) https://web.ifzq.gtimg.cn/appstock/app/fqkline/get?param=sh501025,day,,,15,qfq: HTTP Error 501: Not Implemented
    [价格] 腾讯K线无数据，改用新浪K线兜底(sh501025)
    [价格] 腾讯K线失败(sh501012) https://web.ifzq.gtimg.cn/appstock/app/fqkline/get?param=sh501012,day,,,15,qfq: HTTP Error 501: Not Implemented
    [价格] 腾讯K线无数据，改用新浪K线兜底(sh501012)
    [价格] 腾讯K线失败(sz161040) https://web.ifzq.gtimg.cn/appstock/app/fqkline/get?param=sz161040,day,,,15,qfq: HTTP Error 501: Not Implemented
    [价格] 腾讯K线无数据，改用新浪K线兜底(sz161040)
    [价格] 腾讯K线失败(sz161125) https://web.ifzq.gtimg.cn/appstock/app/fqkline/get?param=sz161125,day,,,15,qfq: HTTP Error 501: Not Implemented
    [价格] 腾讯K线无数据，改用新浪K线兜底(sz161125)
    [价格] 腾讯K线失败(sz162719) https://web.ifzq.gtimg.cn/appstock/app/fqkline/get?param=sz162719,day,,,15,qfq: HTTP Error 501: Not Implemented
    [价格] 腾讯K线无数据，改用新浪K线兜底(sz162719)
    [价格] 腾讯K线失败(sz161128) https://web.ifzq.gtimg.cn/appstock/app/fqkline/get?param=sz161128,day,,,15,qfq: HTTP Error 501: Not Implemented
    [价格] 腾讯K线无数据，改用新浪K线兜底(sz161128)
    [价格] 腾讯K线失败(sz160723) https://web.ifzq.gtimg.cn/appstock/app/fqkline/get?param=sz160723,day,,,15,qfq: HTTP Error 501: Not Implemented
    [价格] 腾讯K线无数据，改用新浪K线兜底(sz160723)
    [价格] 腾讯K线失败(sh501018) https://web.ifzq.gtimg.cn/appstock/app/fqkline/get?param=sh501018,day,,,15,qfq: HTTP Error 501: Not Implemented
    [价格] 腾讯K线无数据，改用新浪K线兜底(sh501018)
    [价格] 腾讯K线失败(sz161812) https://web.ifzq.gtimg.cn/appstock/app/fqkline/get?param=sz161812,day,,,15,qfq: HTTP Error 501: Not Implemented
    [价格] 腾讯K线无数据，改用新浪K线兜底(sz161812)
    [价格] 腾讯K线失败(sz161129) https://web.ifzq.gtimg.cn/appstock/app/fqkline/get?param=sz161129,day,,,15,qfq: HTTP Error 501: Not Implemented
    [价格] 腾讯K线无数据，改用新浪K线兜底(sz161129)
    [价格] 腾讯K线失败(sh501225) https://web.ifzq.gtimg.cn/appstock/app/fqkline/get?param=sh501225,day,,,15,qfq: HTTP Error 501: Not Implemented
    [价格] 腾讯K线无数据，改用新浪K线兜底(sh501225)
>>> [162411] 华宝标普油气上游股票人民币A · 计算30日/显示10日 ｜ 标的=XOP ｜ 模式=index
    净值 35 条，最新: ('2026-07-24', 0.9195)
    [兜底] 东财价格失败：Remote end closed connection without response
    价格 [新浪财经] 35 条，最新: ('2026-07-27', 0.888)
    汇率 281 天，最新: ('2026-07-28', 6.76615)
    标的 [stockanalysis.com] 35 条，最新: ('2026-07-24', 174.05)
    最近 10 个交易日 -> 命中 10 个
    [价格] 腾讯K线失败(sz160140) https://web.ifzq.gtimg.cn/appstock/app/fqkline/get?param=sz160140,day,,,15,qfq: HTTP Error 501: Not Implemented
    [价格] 腾讯K线无数据，改用新浪K线兜底(sz160140)
    [价格] 腾讯K线失败(sz164824) https://web.ifzq.gtimg.cn/appstock/app/fqkline/get?param=sz164824,day,,,15,qfq: HTTP Error 501: Not Implemented
    [价格] 腾讯K线无数据，改用新浪K线兜底(sz164824)
    [价格] 腾讯K线失败(sz164705) https://web.ifzq.gtimg.cn/appstock/app/fqkline/get?param=sz164705,day,,,15,qfq: HTTP Error 501: Not Implemented
    [价格] 腾讯K线无数据，改用新浪K线兜底(sz164705)
    [价格] 腾讯K线失败(sz160719) https://web.ifzq.gtimg.cn/appstock/app/fqkline/get?param=sz160719,day,,,15,qfq: HTTP Error 501: Not Implemented
    [价格] 腾讯K线无数据，改用新浪K线兜底(sz160719)
    [价格] 腾讯K线失败(sz160717) https://web.ifzq.gtimg.cn/appstock/app/fqkline/get?param=sz160717,day,,,15,qfq: HTTP Error 501: Not Implemented
    [价格] 腾讯K线无数据，改用新浪K线兜底(sz160717)
    [价格] 腾讯K线失败(sh501300) https://web.ifzq.gtimg.cn/appstock/app/fqkline/get?param=sh501300,day,,,15,qfq: HTTP Error 501: Not Implemented
    [价格] 腾讯K线无数据，改用新浪K线兜底(sh501300)
    [价格] 腾讯K线失败(sz161126) https://web.ifzq.gtimg.cn/appstock/app/fqkline/get?param=sz161126,day,,,15,qfq: HTTP Error 501: Not Implemented
    [价格] 腾讯K线无数据，改用新浪K线兜底(sz161126)
    [价格] 腾讯K线失败(sz160632) https://web.ifzq.gtimg.cn/appstock/app/fqkline/get?param=sz160632,day,,,15,qfq: HTTP Error 501: Not Implemented
    [价格] 腾讯K线无数据，改用新浪K线兜底(sz160632)
    [价格] 腾讯K线失败(sh501312) https://web.ifzq.gtimg.cn/appstock/app/fqkline/get?param=sh501312,day,,,15,qfq: HTTP Error 501: Not Implemented
    [价格] 腾讯K线无数据，改用新浪K线兜底(sh501312)
    [价格] 腾讯K线失败(sz161831) https://web.ifzq.gtimg.cn/appstock/app/fqkline/get?param=sz161831,day,,,15,qfq: HTTP Error 501: Not Implemented
    [价格] 腾讯K线无数据，改用新浪K线兜底(sz161831)
    [价格] 腾讯K线失败(sz167301) https://web.ifzq.gtimg.cn/appstock/app/fqkline/get?param=sz167301,day,,,15,qfq: HTTP Error 501: Not Implemented
    [价格] 腾讯K线无数据，改用新浪K线兜底(sz167301)
    [价格] 腾讯K线失败(sz160924) https://web.ifzq.gtimg.cn/appstock/app/fqkline/get?param=sz160924,day,,,15,qfq: HTTP Error 501: Not Implemented
    [价格] 腾讯K线无数据，改用新浪K线兜底(sz160924)
    [价格] 腾讯K线失败(sz164906) https://web.ifzq.gtimg.cn/appstock/app/fqkline/get?param=sz164906,day,,,15,qfq: HTTP Error 501: Not Implemented
    [价格] 腾讯K线无数据，改用新浪K线兜底(sz164906)
    [价格] 腾讯K线失败(sz161116) https://web.ifzq.gtimg.cn/appstock/app/fqkline/get?param=sz161116,day,,,15,qfq: HTTP Error 501: Not Implemented
    [价格] 腾讯K线无数据，改用新浪K线兜底(sz161116)
    [价格] 腾讯K线失败(sz161124) https://web.ifzq.gtimg.cn/appstock/app/fqkline/get?param=sz161124,day,,,15,qfq: HTTP Error 501: Not Implemented
    [价格] 腾讯K线无数据，改用新浪K线兜底(sz161124)
    [价格] 腾讯K线失败(sz164701) https://web.ifzq.gtimg.cn/appstock/app/fqkline/get?param=sz164701,day,,,15,qfq: HTTP Error 501: Not Implemented
    [价格] 腾讯K线无数据，改用新浪K线兜底(sz164701)
    [价格] 腾讯K线失败(sz160639) https://web.ifzq.gtimg.cn/appstock/app/fqkline/get?param=sz160639,day,,,15,qfq: HTTP Error 501: Not Implemented
    [价格] 腾讯K线无数据，改用新浪K线兜底(sz160639)
    [价格] 腾讯K线失败(sz160216) https://web.ifzq.gtimg.cn/appstock/app/fqkline/get?param=sz160216,day,,,15,qfq: HTTP Error 501: Not Implemented
    [价格] 腾讯K线无数据，改用新浪K线兜底(sz160216)
    [价格] 腾讯K线失败(sz163208) https://web.ifzq.gtimg.cn/appstock/app/fqkline/get?param=sz163208,day,,,15,qfq: HTTP Error 501: Not Implemented
    [价格] 腾讯K线无数据，改用新浪K线兜底(sz163208)
    [价格] 腾讯K线失败(sz164812) https://web.ifzq.gtimg.cn/appstock/app/fqkline/get?param=sz164812,day,,,15,qfq: HTTP Error 501: Not Implemented
    [价格] 腾讯K线无数据，改用新浪K线兜底(sz164812)
    [价格] 腾讯K线失败(sz160143) https://web.ifzq.gtimg.cn/appstock/app/fqkline/get?param=sz160143,day,,,15,qfq: HTTP Error 501: Not Implemented
    [价格] 腾讯K线无数据，改用新浪K线兜底(sz160143)
    [价格] 腾讯K线失败(sz161032) https://web.ifzq.gtimg.cn/appstock/app/fqkline/get?param=sz161032,day,,,15,qfq: HTTP Error 501: Not Implemented
    [价格] 腾讯K线无数据，改用新浪K线兜底(sz161032)
    [价格] 腾讯K线失败(sz160225) https://web.ifzq.gtimg.cn/appstock/app/fqkline/get?param=sz160225,day,,,15,qfq: HTTP Error 501: Not Implemented
    [价格] 腾讯K线无数据，改用新浪K线兜底(sz160225)
    [价格] 腾讯K线失败(sz160416) https://web.ifzq.gtimg.cn/appstock/app/fqkline/get?param=sz160416,day,,,15,qfq: HTTP Error 501: Not Implemented
    [价格] 腾讯K线无数据，改用新浪K线兜底(sz160416)
    [价格] 腾讯K线失败(sz160922) https://web.ifzq.gtimg.cn/appstock/app/fqkline/get?param=sz160922,day,,,15,qfq: HTTP Error 501: Not Implemented
    [价格] 腾讯K线无数据，改用新浪K线兜底(sz160922)
    [价格] 腾讯K线失败(sz161130) https://web.ifzq.gtimg.cn/appstock/app/fqkline/get?param=sz161130,day,,,15,qfq: HTTP Error 501: Not Implemented
    [价格] 腾讯K线无数据，改用新浪K线兜底(sz161130)
    [价格] 腾讯K线失败(sz161127) https://web.ifzq.gtimg.cn/appstock/app/fqkline/get?param=sz161127,day,,,15,qfq: HTTP Error 501: Not Implemented
    [价格] 腾讯K线无数据，改用新浪K线兜底(sz161127)
    [价格] 腾讯K线失败(sz161226) https://web.ifzq.gtimg.cn/appstock/app/fqkline/get?param=sz161226,day,,,15,qfq: HTTP Error 501: Not Implemented
    [价格] 腾讯K线无数据，改用新浪K线兜底(sz161226)
    [价格] 腾讯K线失败(sz160644) https://web.ifzq.gtimg.cn/appstock/app/fqkline/get?param=sz160644,day,,,15,qfq: HTTP Error 501: Not Implemented
    [价格] 腾讯K线无数据，改用新浪K线兜底(sz160644)
    [价格] 腾讯K线失败(sz160415) https://web.ifzq.gtimg.cn/appstock/app/fqkline/get?param=sz160415,day,,,15,qfq: HTTP Error 501: Not Implemented
    [价格] 腾讯K线无数据，改用新浪K线兜底(sz160415)
    [价格] 腾讯K线失败(sh501025) https://web.ifzq.gtimg.cn/appstock/app/fqkline/get?param=sh501025,day,,,15,qfq: HTTP Error 501: Not Implemented
    [价格] 腾讯K线无数据，改用新浪K线兜底(sh501025)
    [价格] 腾讯K线失败(sz162719) https://web.ifzq.gtimg.cn/appstock/app/fqkline/get?param=sz162719,day,,,15,qfq: HTTP Error 501: Not Implemented
    [价格] 腾讯K线无数据，改用新浪K线兜底(sz162719)
    [价格] 腾讯K线失败(sh501012) https://web.ifzq.gtimg.cn/appstock/app/fqkline/get?param=sh501012,day,,,15,qfq: HTTP Error 501: Not Implemented
    [价格] 腾讯K线无数据，改用新浪K线兜底(sh501012)
    [价格] 腾讯K线失败(sz161040) https://web.ifzq.gtimg.cn/appstock/app/fqkline/get?param=sz161040,day,,,15,qfq: HTTP Error 501: Not Implemented
    [价格] 腾讯K线无数据，改用新浪K线兜底(sz161040)
    [价格] 腾讯K线失败(sz161128) https://web.ifzq.gtimg.cn/appstock/app/fqkline/get?param=sz161128,day,,,15,qfq: HTTP Error 501: Not Implemented
    [价格] 腾讯K线无数据，改用新浪K线兜底(sz161128)
    [价格] 腾讯K线失败(sz161125) https://web.ifzq.gtimg.cn/appstock/app/fqkline/get?param=sz161125,day,,,15,qfq: HTTP Error 501: Not Implemented
    [价格] 腾讯K线无数据，改用新浪K线兜底(sz161125)
    [价格] 腾讯K线失败(sz161812) https://web.ifzq.gtimg.cn/appstock/app/fqkline/get?param=sz161812,day,,,15,qfq: HTTP Error 501: Not Implemented
    [价格] 腾讯K线无数据，改用新浪K线兜底(sz161812)
    [价格] 腾讯K线失败(sz161725) https://web.ifzq.gtimg.cn/appstock/app/fqkline/get?param=sz161725,day,,,15,qfq: HTTP Error 501: Not Implemented
    [价格] 腾讯K线无数据，改用新浪K线兜底(sz161725)
    [价格] 腾讯K线失败(sh501018) https://web.ifzq.gtimg.cn/appstock/app/fqkline/get?param=sh501018,day,,,15,qfq: HTTP Error 501: Not Implemented
    [价格] 腾讯K线无数据，改用新浪K线兜底(sh501018)
    [价格] 腾讯K线失败(sz160723) https://web.ifzq.gtimg.cn/appstock/app/fqkline/get?param=sz160723,day,,,15,qfq: HTTP Error 501: Not Implemented
    [价格] 腾讯K线无数据，改用新浪K线兜底(sz160723)
    [价格] 腾讯K线失败(sh501225) https://web.ifzq.gtimg.cn/appstock/app/fqkline/get?param=sh501225,day,,,15,qfq: HTTP Error 501: Not Implemented
    [价格] 腾讯K线无数据，改用新浪K线兜底(sh501225)
    [价格] 腾讯K线失败(sz161129) https://web.ifzq.gtimg.cn/appstock/app/fqkline/get?param=sz161129,day,,,15,qfq: HTTP Error 501: Not Implemented
    [价格] 腾讯K线无数据，改用新浪K线兜底(sz161129)
>>> [162411] 华宝标普油气上游股票人民币A · 计算30日/显示10日 ｜ 标的=XOP ｜ 模式=index
    净值 35 条，最新: ('2026-07-24', 0.9195)
    [兜底] 东财价格失败：Remote end closed connection without response
    价格 [新浪财经] 35 条，最新: ('2026-07-27', 0.888)
    汇率 281 天，最新: ('2026-07-28', 6.76615)
    标的 [stockanalysis.com] 35 条，最新: ('2026-07-24', 174.05)
    最近 10 个交易日 -> 命中 10 个
    [价格] 腾讯K线失败(sz164705) https://web.ifzq.gtimg.cn/appstock/app/fqkline/get?param=sz164705,day,,,15,qfq: HTTP Error 501: Not Implemented
    [价格] 腾讯K线无数据，改用新浪K线兜底(sz164705)
    [价格] 腾讯K线失败(sz164906) https://web.ifzq.gtimg.cn/appstock/app/fqkline/get?param=sz164906,day,,,15,qfq: HTTP Error 501: Not Implemented
    [价格] 腾讯K线无数据，改用新浪K线兜底(sz164906)
    [价格] 腾讯K线失败(sh501300) https://web.ifzq.gtimg.cn/appstock/app/fqkline/get?param=sh501300,day,,,15,qfq: HTTP Error 501: Not Implemented
    [价格] 腾讯K线无数据，改用新浪K线兜底(sh501300)
    [价格] 腾讯K线失败(sz160719) https://web.ifzq.gtimg.cn/appstock/app/fqkline/get?param=sz160719,day,,,15,qfq: HTTP Error 501: Not Implemented
    [价格] 腾讯K线无数据，改用新浪K线兜底(sz160719)
    [价格] 腾讯K线失败(sz160717) https://web.ifzq.gtimg.cn/appstock/app/fqkline/get?param=sz160717,day,,,15,qfq: HTTP Error 501: Not Implemented
    [价格] 腾讯K线无数据，改用新浪K线兜底(sz160717)
    [价格] 腾讯K线失败(sz164824) https://web.ifzq.gtimg.cn/appstock/app/fqkline/get?param=sz164824,day,,,15,qfq: HTTP Error 501: Not Implemented
    [价格] 腾讯K线无数据，改用新浪K线兜底(sz164824)
    [价格] 腾讯K线失败(sz160140) https://web.ifzq.gtimg.cn/appstock/app/fqkline/get?param=sz160140,day,,,15,qfq: HTTP Error 501: Not Implemented
    [价格] 腾讯K线无数据，改用新浪K线兜底(sz160140)
    [价格] 腾讯K线失败(sh501312) https://web.ifzq.gtimg.cn/appstock/app/fqkline/get?param=sh501312,day,,,15,qfq: HTTP Error 501: Not Implemented
    [价格] 腾讯K线无数据，改用新浪K线兜底(sh501312)
    [价格] 腾讯K线失败(sz167301) https://web.ifzq.gtimg.cn/appstock/app/fqkline/get?param=sz167301,day,,,15,qfq: HTTP Error 501: Not Implemented
    [价格] 腾讯K线无数据，改用新浪K线兜底(sz167301)
    [价格] 腾讯K线失败(sz161126) https://web.ifzq.gtimg.cn/appstock/app/fqkline/get?param=sz161126,day,,,15,qfq: HTTP Error 501: Not Implemented
    [价格] 腾讯K线无数据，改用新浪K线兜底(sz161126)
    [价格] 腾讯K线失败(sz160632) https://web.ifzq.gtimg.cn/appstock/app/fqkline/get?param=sz160632,day,,,15,qfq: HTTP Error 501: Not Implemented
    [价格] 腾讯K线无数据，改用新浪K线兜底(sz160632)
    [价格] 腾讯K线失败(sz161116) https://web.ifzq.gtimg.cn/appstock/app/fqkline/get?param=sz161116,day,,,15,qfq: HTTP Error 501: Not Implemented
    [价格] 腾讯K线无数据，改用新浪K线兜底(sz161116)
    [价格] 腾讯K线失败(sz161831) https://web.ifzq.gtimg.cn/appstock/app/fqkline/get?param=sz161831,day,,,15,qfq: HTTP Error 501: Not Implemented
    [价格] 腾讯K线无数据，改用新浪K线兜底(sz161831)
    [价格] 腾讯K线失败(sz160924) https://web.ifzq.gtimg.cn/appstock/app/fqkline/get?param=sz160924,day,,,15,qfq: HTTP Error 501: Not Implemented
    [价格] 腾讯K线无数据，改用新浪K线兜底(sz160924)
    [价格] 腾讯K线失败(sz164701) https://web.ifzq.gtimg.cn/appstock/app/fqkline/get?param=sz164701,day,,,15,qfq: HTTP Error 501: Not Implemented
    [价格] 腾讯K线无数据，改用新浪K线兜底(sz164701)
    [价格] 腾讯K线失败(sz161124) https://web.ifzq.gtimg.cn/appstock/app/fqkline/get?param=sz161124,day,,,15,qfq: HTTP Error 501: Not Implemented
    [价格] 腾讯K线无数据，改用新浪K线兜底(sz161124)
    [价格] 腾讯K线失败(sz160216) https://web.ifzq.gtimg.cn/appstock/app/fqkline/get?param=sz160216,day,,,15,qfq: HTTP Error 501: Not Implemented
    [价格] 腾讯K线无数据，改用新浪K线兜底(sz160216)
    [价格] 腾讯K线失败(sz163208) https://web.ifzq.gtimg.cn/appstock/app/fqkline/get?param=sz163208,day,,,15,qfq: HTTP Error 501: Not Implemented
    [价格] 腾讯K线无数据，改用新浪K线兜底(sz163208)
    [价格] 腾讯K线失败(sz164812) https://web.ifzq.gtimg.cn/appstock/app/fqkline/get?param=sz164812,day,,,15,qfq: HTTP Error 501: Not Implemented
    [价格] 腾讯K线无数据，改用新浪K线兜底(sz164812)
    [价格] 腾讯K线失败(sz160639) https://web.ifzq.gtimg.cn/appstock/app/fqkline/get?param=sz160639,day,,,15,qfq: HTTP Error 501: Not Implemented
    [价格] 腾讯K线无数据，改用新浪K线兜底(sz160639)
    [价格] 腾讯K线失败(sz160143) https://web.ifzq.gtimg.cn/appstock/app/fqkline/get?param=sz160143,day,,,15,qfq: HTTP Error 501: Not Implemented
    [价格] 腾讯K线无数据，改用新浪K线兜底(sz160143)
    [价格] 腾讯K线失败(sz161032) https://web.ifzq.gtimg.cn/appstock/app/fqkline/get?param=sz161032,day,,,15,qfq: HTTP Error 501: Not Implemented
    [价格] 腾讯K线无数据，改用新浪K线兜底(sz161032)
    [价格] 腾讯K线失败(sz160416) https://web.ifzq.gtimg.cn/appstock/app/fqkline/get?param=sz160416,day,,,15,qfq: HTTP Error 501: Not Implemented
    [价格] 腾讯K线无数据，改用新浪K线兜底(sz160416)
    [价格] 腾讯K线失败(sz160225) https://web.ifzq.gtimg.cn/appstock/app/fqkline/get?param=sz160225,day,,,15,qfq: HTTP Error 501: Not Implemented
    [价格] 腾讯K线无数据，改用新浪K线兜底(sz160225)
    [价格] 腾讯K线失败(sz161130) https://web.ifzq.gtimg.cn/appstock/app/fqkline/get?param=sz161130,day,,,15,qfq: HTTP Error 501: Not Implemented
    [价格] 腾讯K线无数据，改用新浪K线兜底(sz161130)
    [价格] 腾讯K线失败(sz160922) https://web.ifzq.gtimg.cn/appstock/app/fqkline/get?param=sz160922,day,,,15,qfq: HTTP Error 501: Not Implemented
    [价格] 腾讯K线无数据，改用新浪K线兜底(sz160922)
    [价格] 腾讯K线失败(sz161127) https://web.ifzq.gtimg.cn/appstock/app/fqkline/get?param=sz161127,day,,,15,qfq: HTTP Error 501: Not Implemented
    [价格] 腾讯K线无数据，改用新浪K线兜底(sz161127)
    [价格] 腾讯K线失败(sz161226) https://web.ifzq.gtimg.cn/appstock/app/fqkline/get?param=sz161226,day,,,15,qfq: HTTP Error 501: Not Implemented
    [价格] 腾讯K线无数据，改用新浪K线兜底(sz161226)
    [价格] 腾讯K线失败(sz161725) https://web.ifzq.gtimg.cn/appstock/app/fqkline/get?param=sz161725,day,,,15,qfq: HTTP Error 501: Not Implemented
    [价格] 腾讯K线无数据，改用新浪K线兜底(sz161725)
    [价格] 腾讯K线失败(sz160415) https://web.ifzq.gtimg.cn/appstock/app/fqkline/get?param=sz160415,day,,,15,qfq: HTTP Error 501: Not Implemented
    [价格] 腾讯K线无数据，改用新浪K线兜底(sz160415)
    [价格] 腾讯K线失败(sz160644) https://web.ifzq.gtimg.cn/appstock/app/fqkline/get?param=sz160644,day,,,15,qfq: HTTP Error 501: Not Implemented
    [价格] 腾讯K线无数据，改用新浪K线兜底(sz160644)
    [价格] 腾讯K线失败(sh501025) https://web.ifzq.gtimg.cn/appstock/app/fqkline/get?param=sh501025,day,,,15,qfq: HTTP Error 501: Not Implemented
    [价格] 腾讯K线无数据，改用新浪K线兜底(sh501025)
    [价格] 腾讯K线失败(sh501012) https://web.ifzq.gtimg.cn/appstock/app/fqkline/get?param=sh501012,day,,,15,qfq: HTTP Error 501: Not Implemented
    [价格] 腾讯K线无数据，改用新浪K线兜底(sh501012)
    [价格] 腾讯K线失败(sz161812) https://web.ifzq.gtimg.cn/appstock/app/fqkline/get?param=sz161812,day,,,15,qfq: HTTP Error 501: Not Implemented
    [价格] 腾讯K线无数据，改用新浪K线兜底(sz161812)
    [价格] 腾讯K线失败(sz162719) https://web.ifzq.gtimg.cn/appstock/app/fqkline/get?param=sz162719,day,,,15,qfq: HTTP Error 501: Not Implemented
    [价格] 腾讯K线无数据，改用新浪K线兜底(sz162719)
    [价格] 腾讯K线失败(sz161040) https://web.ifzq.gtimg.cn/appstock/app/fqkline/get?param=sz161040,day,,,15,qfq: HTTP Error 501: Not Implemented
    [价格] 腾讯K线无数据，改用新浪K线兜底(sz161040)
    [价格] 腾讯K线失败(sh501018) https://web.ifzq.gtimg.cn/appstock/app/fqkline/get?param=sh501018,day,,,15,qfq: HTTP Error 501: Not Implemented
    [价格] 腾讯K线无数据，改用新浪K线兜底(sh501018)
    [价格] 腾讯K线失败(sz161128) https://web.ifzq.gtimg.cn/appstock/app/fqkline/get?param=sz161128,day,,,15,qfq: HTTP Error 501: Not Implemented
    [价格] 腾讯K线无数据，改用新浪K线兜底(sz161128)
    [价格] 腾讯K线失败(sz161125) https://web.ifzq.gtimg.cn/appstock/app/fqkline/get?param=sz161125,day,,,15,qfq: HTTP Error 501: Not Implemented
    [价格] 腾讯K线无数据，改用新浪K线兜底(sz161125)
    [价格] 腾讯K线失败(sz160723) https://web.ifzq.gtimg.cn/appstock/app/fqkline/get?param=sz160723,day,,,15,qfq: HTTP Error 501: Not Implemented
    [价格] 腾讯K线无数据，改用新浪K线兜底(sz160723)
    [价格] 腾讯K线失败(sh501225) https://web.ifzq.gtimg.cn/appstock/app/fqkline/get?param=sh501225,day,,,15,qfq: HTTP Error 501: Not Implemented
    [价格] 腾讯K线无数据，改用新浪K线兜底(sh501225)
    [价格] 腾讯K线失败(sz161129) https://web.ifzq.gtimg.cn/appstock/app/fqkline/get?param=sz161129,day,,,15,qfq: HTTP Error 501: Not Implemented
    [价格] 腾讯K线无数据，改用新浪K线兜底(sz161129)
>>> [162411] 华宝标普油气上游股票人民币A · 计算30日/显示10日 ｜ 标的=XOP ｜ 模式=index
    净值 35 条，最新: ('2026-07-24', 0.9195)
    [兜底] 东财价格失败：Remote end closed connection without response
    价格 [新浪财经] 35 条，最新: ('2026-07-27', 0.888)
    汇率 281 天，最新: ('2026-07-28', 6.76615)
    标的 [stockanalysis.com] 35 条，最新: ('2026-07-24', 174.05)
    最近 10 个交易日 -> 命中 10 个
    [价格] 腾讯K线失败(sz160140) https://web.ifzq.gtimg.cn/appstock/app/fqkline/get?param=sz160140,day,,,15,qfq: HTTP Error 501: Not Implemented
    [价格] 腾讯K线无数据，改用新浪K线兜底(sz160140)
    [价格] 腾讯K线失败(sz164824) https://web.ifzq.gtimg.cn/appstock/app/fqkline/get?param=sz164824,day,,,15,qfq: HTTP Error 501: Not Implemented
    [价格] 腾讯K线无数据，改用新浪K线兜底(sz164824)
    [价格] 腾讯K线失败(sz164705) https://web.ifzq.gtimg.cn/appstock/app/fqkline/get?param=sz164705,day,,,15,qfq: HTTP Error 501: Not Implemented
    [价格] 腾讯K线无数据，改用新浪K线兜底(sz164705)
    [价格] 腾讯K线失败(sz164906) https://web.ifzq.gtimg.cn/appstock/app/fqkline/get?param=sz164906,day,,,15,qfq: HTTP Error 501: Not Implemented
    [价格] 腾讯K线无数据，改用新浪K线兜底(sz164906)
    [价格] 腾讯K线失败(sh501312) https://web.ifzq.gtimg.cn/appstock/app/fqkline/get?param=sh501312,day,,,15,qfq: HTTP Error 501: Not Implemented
    [价格] 腾讯K线无数据，改用新浪K线兜底(sh501312)
    [价格] 腾讯K线失败(sz160719) https://web.ifzq.gtimg.cn/appstock/app/fqkline/get?param=sz160719,day,,,15,qfq: HTTP Error 501: Not Implemented
    [价格] 腾讯K线无数据，改用新浪K线兜底(sz160719)
    [价格] 腾讯K线失败(sh501300) https://web.ifzq.gtimg.cn/appstock/app/fqkline/get?param=sh501300,day,,,15,qfq: HTTP Error 501: Not Implemented
    [价格] 腾讯K线无数据，改用新浪K线兜底(sh501300)
    [价格] 腾讯K线失败(sz160717) https://web.ifzq.gtimg.cn/appstock/app/fqkline/get?param=sz160717,day,,,15,qfq: HTTP Error 501: Not Implemented
    [价格] 腾讯K线无数据，改用新浪K线兜底(sz160717)
    [价格] 腾讯K线失败(sz167301) https://web.ifzq.gtimg.cn/appstock/app/fqkline/get?param=sz167301,day,,,15,qfq: HTTP Error 501: Not Implemented
    [价格] 腾讯K线无数据，改用新浪K线兜底(sz167301)
    [价格] 腾讯K线失败(sz160632) https://web.ifzq.gtimg.cn/appstock/app/fqkline/get?param=sz160632,day,,,15,qfq: HTTP Error 501: Not Implemented
    [价格] 腾讯K线无数据，改用新浪K线兜底(sz160632)
    [价格] 腾讯K线失败(sz161116) https://web.ifzq.gtimg.cn/appstock/app/fqkline/get?param=sz161116,day,,,15,qfq: HTTP Error 501: Not Implemented
    [价格] 腾讯K线无数据，改用新浪K线兜底(sz161116)
    [价格] 腾讯K线失败(sz161831) https://web.ifzq.gtimg.cn/appstock/app/fqkline/get?param=sz161831,day,,,15,qfq: HTTP Error 501: Not Implemented
    [价格] 腾讯K线无数据，改用新浪K线兜底(sz161831)
    [价格] 腾讯K线失败(sz161126) https://web.ifzq.gtimg.cn/appstock/app/fqkline/get?param=sz161126,day,,,15,qfq: HTTP Error 501: Not Implemented
    [价格] 腾讯K线无数据，改用新浪K线兜底(sz161126)
    [价格] 腾讯K线失败(sz160924) https://web.ifzq.gtimg.cn/appstock/app/fqkline/get?param=sz160924,day,,,15,qfq: HTTP Error 501: Not Implemented
    [价格] 腾讯K线无数据，改用新浪K线兜底(sz160924)
    [价格] 腾讯K线失败(sz161124) https://web.ifzq.gtimg.cn/appstock/app/fqkline/get?param=sz161124,day,,,15,qfq: HTTP Error 501: Not Implemented
    [价格] 腾讯K线无数据，改用新浪K线兜底(sz161124)
    [价格] 腾讯K线失败(sz164701) https://web.ifzq.gtimg.cn/appstock/app/fqkline/get?param=sz164701,day,,,15,qfq: HTTP Error 501: Not Implemented
    [价格] 腾讯K线无数据，改用新浪K线兜底(sz164701)
    [价格] 腾讯K线失败(sz160639) https://web.ifzq.gtimg.cn/appstock/app/fqkline/get?param=sz160639,day,,,15,qfq: HTTP Error 501: Not Implemented
    [价格] 腾讯K线无数据，改用新浪K线兜底(sz160639)
    [价格] 腾讯K线失败(sz164812) https://web.ifzq.gtimg.cn/appstock/app/fqkline/get?param=sz164812,day,,,15,qfq: HTTP Error 501: Not Implemented
    [价格] 腾讯K线无数据，改用新浪K线兜底(sz164812)
    [价格] 腾讯K线失败(sz160143) https://web.ifzq.gtimg.cn/appstock/app/fqkline/get?param=sz160143,day,,,15,qfq: HTTP Error 501: Not Implemented
    [价格] 腾讯K线无数据，改用新浪K线兜底(sz160143)
    [价格] 腾讯K线失败(sz163208) https://web.ifzq.gtimg.cn/appstock/app/fqkline/get?param=sz163208,day,,,15,qfq: HTTP Error 501: Not Implemented
    [价格] 腾讯K线无数据，改用新浪K线兜底(sz163208)
    [价格] 腾讯K线失败(sz161032) https://web.ifzq.gtimg.cn/appstock/app/fqkline/get?param=sz161032,day,,,15,qfq: HTTP Error 501: Not Implemented
    [价格] 腾讯K线无数据，改用新浪K线兜底(sz161032)
    [价格] 腾讯K线失败(sz160416) https://web.ifzq.gtimg.cn/appstock/app/fqkline/get?param=sz160416,day,,,15,qfq: HTTP Error 501: Not Implemented
    [价格] 腾讯K线无数据，改用新浪K线兜底(sz160416)
    [价格] 腾讯K线失败(sz160216) https://web.ifzq.gtimg.cn/appstock/app/fqkline/get?param=sz160216,day,,,15,qfq: HTTP Error 501: Not Implemented
    [价格] 腾讯K线无数据，改用新浪K线兜底(sz160216)
    [价格] 腾讯K线失败(sz160225) https://web.ifzq.gtimg.cn/appstock/app/fqkline/get?param=sz160225,day,,,15,qfq: HTTP Error 501: Not Implemented
    [价格] 腾讯K线无数据，改用新浪K线兜底(sz160225)
    [价格] 腾讯K线失败(sz160922) https://web.ifzq.gtimg.cn/appstock/app/fqkline/get?param=sz160922,day,,,15,qfq: HTTP Error 501: Not Implemented
    [价格] 腾讯K线无数据，改用新浪K线兜底(sz160922)
    [价格] 腾讯K线失败(sz161130) https://web.ifzq.gtimg.cn/appstock/app/fqkline/get?param=sz161130,day,,,15,qfq: HTTP Error 501: Not Implemented
    [价格] 腾讯K线无数据，改用新浪K线兜底(sz161130)
    [价格] 腾讯K线失败(sz160415) https://web.ifzq.gtimg.cn/appstock/app/fqkline/get?param=sz160415,day,,,15,qfq: HTTP Error 501: Not Implemented
    [价格] 腾讯K线无数据，改用新浪K线兜底(sz160415)
    [价格] 腾讯K线失败(sz161226) https://web.ifzq.gtimg.cn/appstock/app/fqkline/get?param=sz161226,day,,,15,qfq: HTTP Error 501: Not Implemented
    [价格] 腾讯K线无数据，改用新浪K线兜底(sz161226)
    [价格] 腾讯K线失败(sz161127) https://web.ifzq.gtimg.cn/appstock/app/fqkline/get?param=sz161127,day,,,15,qfq: HTTP Error 501: Not Implemented
    [价格] 腾讯K线无数据，改用新浪K线兜底(sz161127)
    [价格] 腾讯K线失败(sz160644) https://web.ifzq.gtimg.cn/appstock/app/fqkline/get?param=sz160644,day,,,15,qfq: HTTP Error 501: Not Implemented
    [价格] 腾讯K线无数据，改用新浪K线兜底(sz160644)
    [价格] 腾讯K线失败(sh501025) https://web.ifzq.gtimg.cn/appstock/app/fqkline/get?param=sh501025,day,,,15,qfq: HTTP Error 501: Not Implemented
    [价格] 腾讯K线无数据，改用新浪K线兜底(sh501025)
    [价格] 腾讯K线失败(sz161725) https://web.ifzq.gtimg.cn/appstock/app/fqkline/get?param=sz161725,day,,,15,qfq: HTTP Error 501: Not Implemented
    [价格] 腾讯K线无数据，改用新浪K线兜底(sz161725)
    [价格] 腾讯K线失败(sh501012) https://web.ifzq.gtimg.cn/appstock/app/fqkline/get?param=sh501012,day,,,15,qfq: HTTP Error 501: Not Implemented
    [价格] 腾讯K线无数据，改用新浪K线兜底(sh501012)
    [价格] 腾讯K线失败(sz161040) https://web.ifzq.gtimg.cn/appstock/app/fqkline/get?param=sz161040,day,,,15,qfq: HTTP Error 501: Not Implemented
    [价格] 腾讯K线无数据，改用新浪K线兜底(sz161040)
    [价格] 腾讯K线失败(sz161125) https://web.ifzq.gtimg.cn/appstock/app/fqkline/get?param=sz161125,day,,,15,qfq: HTTP Error 501: Not Implemented
    [价格] 腾讯K线无数据，改用新浪K线兜底(sz161125)
    [价格] 腾讯K线失败(sh501018) https://web.ifzq.gtimg.cn/appstock/app/fqkline/get?param=sh501018,day,,,15,qfq: HTTP Error 501: Not Implemented
    [价格] 腾讯K线无数据，改用新浪K线兜底(sh501018)
    [价格] 腾讯K线失败(sz161812) https://web.ifzq.gtimg.cn/appstock/app/fqkline/get?param=sz161812,day,,,15,qfq: HTTP Error 501: Not Implemented
    [价格] 腾讯K线无数据，改用新浪K线兜底(sz161812)
    [价格] 腾讯K线失败(sz162719) https://web.ifzq.gtimg.cn/appstock/app/fqkline/get?param=sz162719,day,,,15,qfq: HTTP Error 501: Not Implemented
    [价格] 腾讯K线无数据，改用新浪K线兜底(sz162719)
    [价格] 腾讯K线失败(sz161128) https://web.ifzq.gtimg.cn/appstock/app/fqkline/get?param=sz161128,day,,,15,qfq: HTTP Error 501: Not Implemented
    [价格] 腾讯K线无数据，改用新浪K线兜底(sz161128)
    [持仓] hk01888 行情获取失败：HTTP Error 501: Not Implemented
    [价格] 腾讯K线失败(sz160723) https://web.ifzq.gtimg.cn/appstock/app/fqkline/get?param=sz160723,day,,,15,qfq: HTTP Error 501: Not Implemented
    [价格] 腾讯K线无数据，改用新浪K线兜底(sz160723)
    [价格] 腾讯K线失败(sz161129) https://web.ifzq.gtimg.cn/appstock/app/fqkline/get?param=sz161129,day,,,15,qfq: HTTP Error 501: Not Implemented
    [价格] 腾讯K线无数据，改用新浪K线兜底(sz161129)
    [价格] 腾讯K线失败(sh501225) https://web.ifzq.gtimg.cn/appstock/app/fqkline/get?param=sh501225,day,,,15,qfq: HTTP Error 501: Not Implemented
    [价格] 腾讯K线无数据，改用新浪K线兜底(sh501225)
    [持仓] hk00992 行情获取失败：HTTP Error 501: Not Implemented
    [持仓] hk00148 行情获取失败：HTTP Error 501: Not Implemented
    [持仓] hk03690 行情获取失败：HTTP Error 501: Not Implemented
    [持仓] hk09988 行情获取失败：HTTP Error 501: Not Implemented
    [持仓] 160644 合成指数完成，覆盖 78.2%（10 只）
>>> [162411] 华宝标普油气上游股票人民币A · 计算30日/显示10日 ｜ 标的=XOP ｜ 模式=index
    净值 35 条，最新: ('2026-07-24', 0.9195)
    [兜底] 东财价格失败：Remote end closed connection without response
    价格 [新浪财经] 35 条，最新: ('2026-07-27', 0.888)
    汇率 281 天，最新: ('2026-07-28', 6.76615)
    标的 [stockanalysis.com] 35 条，最新: ('2026-07-24', 174.05)
    最近 10 个交易日 -> 命中 10 个
    [价格] 腾讯K线失败(sz164824) https://web.ifzq.gtimg.cn/appstock/app/fqkline/get?param=sz164824,day,,,15,qfq: HTTP Error 501: Not Implemented
    [价格] 腾讯K线无数据，改用新浪K线兜底(sz164824)
    [价格] 腾讯K线失败(sz164705) https://web.ifzq.gtimg.cn/appstock/app/fqkline/get?param=sz164705,day,,,15,qfq: HTTP Error 501: Not Implemented
    [价格] 腾讯K线无数据，改用新浪K线兜底(sz164705)
    [价格] 腾讯K线失败(sz160140) https://web.ifzq.gtimg.cn/appstock/app/fqkline/get?param=sz160140,day,,,15,qfq: HTTP Error 501: Not Implemented
    [价格] 腾讯K线无数据，改用新浪K线兜底(sz160140)
    [价格] 腾讯K线失败(sz164906) https://web.ifzq.gtimg.cn/appstock/app/fqkline/get?param=sz164906,day,,,15,qfq: HTTP Error 501: Not Implemented
    [价格] 腾讯K线无数据，改用新浪K线兜底(sz164906)
    [价格] 腾讯K线失败(sz160719) https://web.ifzq.gtimg.cn/appstock/app/fqkline/get?param=sz160719,day,,,15,qfq: HTTP Error 501: Not Implemented
    [价格] 腾讯K线无数据，改用新浪K线兜底(sz160719)
    [价格] 腾讯K线失败(sh501300) https://web.ifzq.gtimg.cn/appstock/app/fqkline/get?param=sh501300,day,,,15,qfq: HTTP Error 501: Not Implemented
    [价格] 腾讯K线无数据，改用新浪K线兜底(sh501300)
    [价格] 腾讯K线失败(sh501312) https://web.ifzq.gtimg.cn/appstock/app/fqkline/get?param=sh501312,day,,,15,qfq: HTTP Error 501: Not Implemented
    [价格] 腾讯K线无数据，改用新浪K线兜底(sh501312)
    [价格] 腾讯K线失败(sz160717) https://web.ifzq.gtimg.cn/appstock/app/fqkline/get?param=sz160717,day,,,15,qfq: HTTP Error 501: Not Implemented
    [价格] 腾讯K线无数据，改用新浪K线兜底(sz160717)
    [价格] 腾讯K线失败(sz161116) https://web.ifzq.gtimg.cn/appstock/app/fqkline/get?param=sz161116,day,,,15,qfq: HTTP Error 501: Not Implemented
    [价格] 腾讯K线无数据，改用新浪K线兜底(sz161116)
    [价格] 腾讯K线失败(sz167301) https://web.ifzq.gtimg.cn/appstock/app/fqkline/get?param=sz167301,day,,,15,qfq: HTTP Error 501: Not Implemented
    [价格] 腾讯K线无数据，改用新浪K线兜底(sz167301)
    [价格] 腾讯K线失败(sz160924) https://web.ifzq.gtimg.cn/appstock/app/fqkline/get?param=sz160924,day,,,15,qfq: HTTP Error 501: Not Implemented
    [价格] 腾讯K线无数据，改用新浪K线兜底(sz160924)
    [价格] 腾讯K线失败(sz161831) https://web.ifzq.gtimg.cn/appstock/app/fqkline/get?param=sz161831,day,,,15,qfq: HTTP Error 501: Not Implemented
    [价格] 腾讯K线无数据，改用新浪K线兜底(sz161831)
    [价格] 腾讯K线失败(sz160632) https://web.ifzq.gtimg.cn/appstock/app/fqkline/get?param=sz160632,day,,,15,qfq: HTTP Error 501: Not Implemented
    [价格] 腾讯K线无数据，改用新浪K线兜底(sz160632)
    [价格] 腾讯K线失败(sz161126) https://web.ifzq.gtimg.cn/appstock/app/fqkline/get?param=sz161126,day,,,15,qfq: HTTP Error 501: Not Implemented
    [价格] 腾讯K线无数据，改用新浪K线兜底(sz161126)
    [价格] 腾讯K线失败(sz161124) https://web.ifzq.gtimg.cn/appstock/app/fqkline/get?param=sz161124,day,,,15,qfq: HTTP Error 501: Not Implemented
    [价格] 腾讯K线无数据，改用新浪K线兜底(sz161124)
    [价格] 腾讯K线失败(sz164701) https://web.ifzq.gtimg.cn/appstock/app/fqkline/get?param=sz164701,day,,,15,qfq: HTTP Error 501: Not Implemented
    [价格] 腾讯K线无数据，改用新浪K线兜底(sz164701)
    [价格] 腾讯K线失败(sz163208) https://web.ifzq.gtimg.cn/appstock/app/fqkline/get?param=sz163208,day,,,15,qfq: HTTP Error 501: Not Implemented
    [价格] 腾讯K线无数据，改用新浪K线兜底(sz163208)
    [价格] 腾讯K线失败(sz164812) https://web.ifzq.gtimg.cn/appstock/app/fqkline/get?param=sz164812,day,,,15,qfq: HTTP Error 501: Not Implemented
    [价格] 腾讯K线无数据，改用新浪K线兜底(sz164812)
    [价格] 腾讯K线失败(sz160216) https://web.ifzq.gtimg.cn/appstock/app/fqkline/get?param=sz160216,day,,,15,qfq: HTTP Error 501: Not Implemented
    [价格] 腾讯K线无数据，改用新浪K线兜底(sz160216)
    [价格] 腾讯K线失败(sz160639) https://web.ifzq.gtimg.cn/appstock/app/fqkline/get?param=sz160639,day,,,15,qfq: HTTP Error 501: Not Implemented
    [价格] 腾讯K线无数据，改用新浪K线兜底(sz160639)
    [价格] 腾讯K线失败(sz160225) https://web.ifzq.gtimg.cn/appstock/app/fqkline/get?param=sz160225,day,,,15,qfq: HTTP Error 501: Not Implemented
    [价格] 腾讯K线无数据，改用新浪K线兜底(sz160225)
    [价格] 腾讯K线失败(sz160143) https://web.ifzq.gtimg.cn/appstock/app/fqkline/get?param=sz160143,day,,,15,qfq: HTTP Error 501: Not Implemented
    [价格] 腾讯K线无数据，改用新浪K线兜底(sz160143)
    [价格] 腾讯K线失败(sz161032) https://web.ifzq.gtimg.cn/appstock/app/fqkline/get?param=sz161032,day,,,15,qfq: HTTP Error 501: Not Implemented
    [价格] 腾讯K线无数据，改用新浪K线兜底(sz161032)
    [价格] 腾讯K线失败(sz160416) https://web.ifzq.gtimg.cn/appstock/app/fqkline/get?param=sz160416,day,,,15,qfq: HTTP Error 501: Not Implemented
    [价格] 腾讯K线无数据，改用新浪K线兜底(sz160416)
    [价格] 腾讯K线失败(sz160415) https://web.ifzq.gtimg.cn/appstock/app/fqkline/get?param=sz160415,day,,,15,qfq: HTTP Error 501: Not Implemented
    [价格] 腾讯K线无数据，改用新浪K线兜底(sz160415)
    [价格] 腾讯K线失败(sz160922) https://web.ifzq.gtimg.cn/appstock/app/fqkline/get?param=sz160922,day,,,15,qfq: HTTP Error 501: Not Implemented
    [价格] 腾讯K线无数据，改用新浪K线兜底(sz160922)
    [价格] 腾讯K线失败(sz160644) https://web.ifzq.gtimg.cn/appstock/app/fqkline/get?param=sz160644,day,,,15,qfq: HTTP Error 501: Not Implemented
    [价格] 腾讯K线无数据，改用新浪K线兜底(sz160644)
    [价格] 腾讯K线失败(sz161725) https://web.ifzq.gtimg.cn/appstock/app/fqkline/get?param=sz161725,day,,,15,qfq: HTTP Error 501: Not Implemented
    [价格] 腾讯K线无数据，改用新浪K线兜底(sz161725)
    [价格] 腾讯K线失败(sz161226) https://web.ifzq.gtimg.cn/appstock/app/fqkline/get?param=sz161226,day,,,15,qfq: HTTP Error 501: Not Implemented
    [价格] 腾讯K线无数据，改用新浪K线兜底(sz161226)
    [价格] 腾讯K线失败(sz161130) https://web.ifzq.gtimg.cn/appstock/app/fqkline/get?param=sz161130,day,,,15,qfq: HTTP Error 501: Not Implemented
    [价格] 腾讯K线无数据，改用新浪K线兜底(sz161130)
    [价格] 腾讯K线失败(sh501025) https://web.ifzq.gtimg.cn/appstock/app/fqkline/get?param=sh501025,day,,,15,qfq: HTTP Error 501: Not Implemented
    [价格] 腾讯K线无数据，改用新浪K线兜底(sh501025)
    [价格] 腾讯K线失败(sz161127) https://web.ifzq.gtimg.cn/appstock/app/fqkline/get?param=sz161127,day,,,15,qfq: HTTP Error 501: Not Implemented
    [价格] 腾讯K线无数据，改用新浪K线兜底(sz161127)
    [价格] 腾讯K线失败(sh501012) https://web.ifzq.gtimg.cn/appstock/app/fqkline/get?param=sh501012,day,,,15,qfq: HTTP Error 501: Not Implemented
    [价格] 腾讯K线无数据，改用新浪K线兜底(sh501012)
    [价格] 腾讯K线失败(sz162719) https://web.ifzq.gtimg.cn/appstock/app/fqkline/get?param=sz162719,day,,,15,qfq: HTTP Error 501: Not Implemented
    [价格] 腾讯K线无数据，改用新浪K线兜底(sz162719)
    [价格] 腾讯K线失败(sz161812) https://web.ifzq.gtimg.cn/appstock/app/fqkline/get?param=sz161812,day,,,15,qfq: HTTP Error 501: Not Implemented
    [价格] 腾讯K线无数据，改用新浪K线兜底(sz161812)
    [价格] 腾讯K线失败(sz161128) https://web.ifzq.gtimg.cn/appstock/app/fqkline/get?param=sz161128,day,,,15,qfq: HTTP Error 501: Not Implemented
    [价格] 腾讯K线无数据，改用新浪K线兜底(sz161128)    [价格] 腾讯K线失败(sz160723) https://web.ifzq.gtimg.cn/appstock/app/fqkline/get?param=sz160723,day,,,15,qfq: HTTP Error 501: Not Implemented
    [价格] 腾讯K线无数据，改用新浪K线兜底(sz160723)
    [价格] 腾讯K线失败(sz161125) https://web.ifzq.gtimg.cn/appstock/app/fqkline/get?param=sz161125,day,,,15,qfq: HTTP Error 501: Not Implemented
    [价格] 腾讯K线无数据，改用新浪K线兜底(sz161125)

    [价格] 腾讯K线失败(sh501018) https://web.ifzq.gtimg.cn/appstock/app/fqkline/get?param=sh501018,day,,,15,qfq: HTTP Error 501: Not Implemented
    [价格] 腾讯K线无数据，改用新浪K线兜底(sh501018)
    [价格] 腾讯K线失败(sz161040) https://web.ifzq.gtimg.cn/appstock/app/fqkline/get?param=sz161040,day,,,15,qfq: HTTP Error 501: Not Implemented
    [价格] 腾讯K线无数据，改用新浪K线兜底(sz161040)
    [价格] 腾讯K线失败(sz161129) https://web.ifzq.gtimg.cn/appstock/app/fqkline/get?param=sz161129,day,,,15,qfq: HTTP Error 501: Not Implemented
    [价格] 腾讯K线无数据，改用新浪K线兜底(sz161129)
    [价格] 腾讯K线失败(sh501225) https://web.ifzq.gtimg.cn/appstock/app/fqkline/get?param=sh501225,day,,,15,qfq: HTTP Error 501: Not Implemented
    [价格] 腾讯K线无数据，改用新浪K线兜底(sh501225)
>>> [162411] 华宝标普油气上游股票人民币A · 计算30日/显示10日 ｜ 标的=XOP ｜ 模式=index
    净值 35 条，最新: ('2026-07-24', 0.9195)
    [兜底] 东财价格失败：Remote end closed connection without response
    价格 [新浪财经] 35 条，最新: ('2026-07-27', 0.888)
    汇率 281 天，最新: ('2026-07-28', 6.76615)
    标的 [stockanalysis.com] 35 条，最新: ('2026-07-24', 174.05)
    最近 10 个交易日 -> 命中 10 个
    [价格] 腾讯K线失败(sh501312) https://web.ifzq.gtimg.cn/appstock/app/fqkline/get?param=sh501312,day,,,15,qfq: HTTP Error 501: Not Implemented
    [价格] 腾讯K线无数据，改用新浪K线兜底(sh501312)
    [价格] 腾讯K线失败(sz160140) https://web.ifzq.gtimg.cn/appstock/app/fqkline/get?param=sz160140,day,,,15,qfq: HTTP Error 501: Not Implemented
    [价格] 腾讯K线无数据，改用新浪K线兜底(sz160140)
    [价格] 腾讯K线失败(sz164906) https://web.ifzq.gtimg.cn/appstock/app/fqkline/get?param=sz164906,day,,,15,qfq: HTTP Error 501: Not Implemented
    [价格] 腾讯K线无数据，改用新浪K线兜底(sz164906)
    [价格] 腾讯K线失败(sz164824) https://web.ifzq.gtimg.cn/appstock/app/fqkline/get?param=sz164824,day,,,15,qfq: HTTP Error 501: Not Implemented
    [价格] 腾讯K线无数据，改用新浪K线兜底(sz164824)
    [价格] 腾讯K线失败(sz164705) https://web.ifzq.gtimg.cn/appstock/app/fqkline/get?param=sz164705,day,,,15,qfq: HTTP Error 501: Not Implemented
    [价格] 腾讯K线无数据，改用新浪K线兜底(sz164705)
    [价格] 腾讯K线失败(sh501300) https://web.ifzq.gtimg.cn/appstock/app/fqkline/get?param=sh501300,day,,,15,qfq: HTTP Error 501: Not Implemented
    [价格] 腾讯K线无数据，改用新浪K线兜底(sh501300)
    [价格] 腾讯K线失败(sz167301) https://web.ifzq.gtimg.cn/appstock/app/fqkline/get?param=sz167301,day,,,15,qfq: HTTP Error 501: Not Implemented
    [价格] 腾讯K线无数据，改用新浪K线兜底(sz167301)
    [价格] 腾讯K线失败(sz161126) https://web.ifzq.gtimg.cn/appstock/app/fqkline/get?param=sz161126,day,,,15,qfq: HTTP Error 501: Not Implemented
    [价格] 腾讯K线无数据，改用新浪K线兜底(sz161126)
    [价格] 腾讯K线失败(sz160719) https://web.ifzq.gtimg.cn/appstock/app/fqkline/get?param=sz160719,day,,,15,qfq: HTTP Error 501: Not Implemented
    [价格] 腾讯K线无数据，改用新浪K线兜底(sz160719)
    [价格] 腾讯K线失败(sz160632) https://web.ifzq.gtimg.cn/appstock/app/fqkline/get?param=sz160632,day,,,15,qfq: HTTP Error 501: Not Implemented
    [价格] 腾讯K线无数据，改用新浪K线兜底(sz160632)
    [价格] 腾讯K线失败(sz161116) https://web.ifzq.gtimg.cn/appstock/app/fqkline/get?param=sz161116,day,,,15,qfq: HTTP Error 501: Not Implemented
    [价格] 腾讯K线无数据，改用新浪K线兜底(sz161116)
    [价格] 腾讯K线失败(sz160924) https://web.ifzq.gtimg.cn/appstock/app/fqkline/get?param=sz160924,day,,,15,qfq: HTTP Error 501: Not Implemented
    [价格] 腾讯K线无数据，改用新浪K线兜底(sz160924)
    [价格] 腾讯K线失败(sz161831) https://web.ifzq.gtimg.cn/appstock/app/fqkline/get?param=sz161831,day,,,15,qfq: HTTP Error 501: Not Implemented
    [价格] 腾讯K线无数据，改用新浪K线兜底(sz161831)
    [价格] 腾讯K线失败(sz160717) https://web.ifzq.gtimg.cn/appstock/app/fqkline/get?param=sz160717,day,,,15,qfq: HTTP Error 501: Not Implemented
    [价格] 腾讯K线无数据，改用新浪K线兜底(sz160717)
    [价格] 腾讯K线失败(sz161124) https://web.ifzq.gtimg.cn/appstock/app/fqkline/get?param=sz161124,day,,,15,qfq: HTTP Error 501: Not Implemented
    [价格] 腾讯K线无数据，改用新浪K线兜底(sz161124)
    [价格] 腾讯K线失败(sz164701) https://web.ifzq.gtimg.cn/appstock/app/fqkline/get?param=sz164701,day,,,15,qfq: HTTP Error 501: Not Implemented
    [价格] 腾讯K线无数据，改用新浪K线兜底(sz164701)
    [价格] 腾讯K线失败(sz160216) https://web.ifzq.gtimg.cn/appstock/app/fqkline/get?param=sz160216,day,,,15,qfq: HTTP Error 501: Not Implemented
    [价格] 腾讯K线无数据，改用新浪K线兜底(sz160216)
    [价格] 腾讯K线失败(sz161032) https://web.ifzq.gtimg.cn/appstock/app/fqkline/get?param=sz161032,day,,,15,qfq: HTTP Error 501: Not Implemented
    [价格] 腾讯K线无数据，改用新浪K线兜底(sz161032)
    [价格] 腾讯K线失败(sz160143) https://web.ifzq.gtimg.cn/appstock/app/fqkline/get?param=sz160143,day,,,15,qfq: HTTP Error 501: Not Implemented
    [价格] 腾讯K线无数据，改用新浪K线兜底(sz160143)
    [价格] 腾讯K线失败(sz163208) https://web.ifzq.gtimg.cn/appstock/app/fqkline/get?param=sz163208,day,,,15,qfq: HTTP Error 501: Not Implemented
    [价格] 腾讯K线无数据，改用新浪K线兜底(sz163208)
    [价格] 腾讯K线失败(sz160639) https://web.ifzq.gtimg.cn/appstock/app/fqkline/get?param=sz160639,day,,,15,qfq: HTTP Error 501: Not Implemented
    [价格] 腾讯K线无数据，改用新浪K线兜底(sz160639)
    [价格] 腾讯K线失败(sz164812) https://web.ifzq.gtimg.cn/appstock/app/fqkline/get?param=sz164812,day,,,15,qfq: HTTP Error 501: Not Implemented
    [价格] 腾讯K线无数据，改用新浪K线兜底(sz164812)
    [价格] 腾讯K线失败(sz160225) https://web.ifzq.gtimg.cn/appstock/app/fqkline/get?param=sz160225,day,,,15,qfq: HTTP Error 501: Not Implemented
    [价格] 腾讯K线无数据，改用新浪K线兜底(sz160225)
    [价格] 腾讯K线失败(sz161725) https://web.ifzq.gtimg.cn/appstock/app/fqkline/get?param=sz161725,day,,,15,qfq: HTTP Error 501: Not Implemented
    [价格] 腾讯K线无数据，改用新浪K线兜底(sz161725)
    [价格] 腾讯K线失败(sz161127) https://web.ifzq.gtimg.cn/appstock/app/fqkline/get?param=sz161127,day,,,15,qfq: HTTP Error 501: Not Implemented
    [价格] 腾讯K线无数据，改用新浪K线兜底(sz161127)
    [价格] 腾讯K线失败(sz160415) https://web.ifzq.gtimg.cn/appstock/app/fqkline/get?param=sz160415,day,,,15,qfq: HTTP Error 501: Not Implemented
    [价格] 腾讯K线无数据，改用新浪K线兜底(sz160415)
    [价格] 腾讯K线失败(sz161130) https://web.ifzq.gtimg.cn/appstock/app/fqkline/get?param=sz161130,day,,,15,qfq: HTTP Error 501: Not Implemented
    [价格] 腾讯K线无数据，改用新浪K线兜底(sz161130)
    [价格] 腾讯K线失败(sz161226) https://web.ifzq.gtimg.cn/appstock/app/fqkline/get?param=sz161226,day,,,15,qfq: HTTP Error 501: Not Implemented
    [价格] 腾讯K线无数据，改用新浪K线兜底(sz161226)
    [价格] 腾讯K线失败(sz160922) https://web.ifzq.gtimg.cn/appstock/app/fqkline/get?param=sz160922,day,,,15,qfq: HTTP Error 501: Not Implemented
    [价格] 腾讯K线无数据，改用新浪K线兜底(sz160922)
    [价格] 腾讯K线失败(sz160416) https://web.ifzq.gtimg.cn/appstock/app/fqkline/get?param=sz160416,day,,,15,qfq: HTTP Error 501: Not Implemented
    [价格] 腾讯K线无数据，改用新浪K线兜底(sz160416)
    [价格] 腾讯K线失败(sz160644) https://web.ifzq.gtimg.cn/appstock/app/fqkline/get?param=sz160644,day,,,15,qfq: HTTP Error 501: Not Implemented
    [价格] 腾讯K线无数据，改用新浪K线兜底(sz160644)
    [价格] 腾讯K线失败(sh501012) https://web.ifzq.gtimg.cn/appstock/app/fqkline/get?param=sh501012,day,,,15,qfq: HTTP Error 501: Not Implemented
    [价格] 腾讯K线无数据，改用新浪K线兜底(sh501012)
    [价格] 腾讯K线失败(sz162719) https://web.ifzq.gtimg.cn/appstock/app/fqkline/get?param=sz162719,day,,,15,qfq: HTTP Error 501: Not Implemented
    [价格] 腾讯K线无数据，改用新浪K线兜底(sz162719)
    [价格] 腾讯K线失败(sh501025) https://web.ifzq.gtimg.cn/appstock/app/fqkline/get?param=sh501025,day,,,15,qfq: HTTP Error 501: Not Implemented
    [价格] 腾讯K线无数据，改用新浪K线兜底(sh501025)
    [价格] 腾讯K线失败(sz161125) https://web.ifzq.gtimg.cn/appstock/app/fqkline/get?param=sz161125,day,,,15,qfq: HTTP Error 501: Not Implemented
    [价格] 腾讯K线无数据，改用新浪K线兜底(sz161125)
    [价格] 腾讯K线失败(sz161040) https://web.ifzq.gtimg.cn/appstock/app/fqkline/get?param=sz161040,day,,,15,qfq: HTTP Error 501: Not Implemented
    [价格] 腾讯K线无数据，改用新浪K线兜底(sz161040)
    [价格] 腾讯K线失败(sz161128) https://web.ifzq.gtimg.cn/appstock/app/fqkline/get?param=sz161128,day,,,15,qfq: HTTP Error 501: Not Implemented
    [价格] 腾讯K线无数据，改用新浪K线兜底(sz161128)
    [价格] 腾讯K线失败(sz161812) https://web.ifzq.gtimg.cn/appstock/app/fqkline/get?param=sz161812,day,,,15,qfq: HTTP Error 501: Not Implemented
    [价格] 腾讯K线无数据，改用新浪K线兜底(sz161812)
    [价格] 腾讯K线失败(sh501018) https://web.ifzq.gtimg.cn/appstock/app/fqkline/get?param=sh501018,day,,,15,qfq: HTTP Error 501: Not Implemented
    [价格] 腾讯K线无数据，改用新浪K线兜底(sh501018)
    [价格] 腾讯K线失败(sz160723) https://web.ifzq.gtimg.cn/appstock/app/fqkline/get?param=sz160723,day,,,15,qfq: HTTP Error 501: Not Implemented
    [价格] 腾讯K线无数据，改用新浪K线兜底(sz160723)
    [价格] 腾讯K线失败(sh501225) https://web.ifzq.gtimg.cn/appstock/app/fqkline/get?param=sh501225,day,,,15,qfq: HTTP Error 501: Not Implemented
    [价格] 腾讯K线无数据，改用新浪K线兜底(sh501225)
    [价格] 腾讯K线失败(sz161129) https://web.ifzq.gtimg.cn/appstock/app/fqkline/get?param=sz161129,day,,,15,qfq: HTTP Error 501: Not Implemented
    [价格] 腾讯K线无数据，改用新浪K线兜底(sz161129)
>>> [162411] 华宝标普油气上游股票人民币A · 计算30日/显示10日 ｜ 标的=XOP ｜ 模式=index
    净值 35 条，最新: ('2026-07-24', 0.9195)
    [兜底] 东财价格失败：Remote end closed connection without response
    价格 [新浪财经] 35 条，最新: ('2026-07-27', 0.888)
    汇率 281 天，最新: ('2026-07-28', 6.76615)
    标的 [stockanalysis.com] 35 条，最新: ('2026-07-24', 174.05)
    最近 10 个交易日 -> 命中 10 个
    [价格] 腾讯K线失败(sh501312) https://web.ifzq.gtimg.cn/appstock/app/fqkline/get?param=sh501312,day,,,15,qfq: HTTP Error 501: Not Implemented
    [价格] 腾讯K线无数据，改用新浪K线兜底(sh501312)
    [价格] 腾讯K线失败(sz164824) https://web.ifzq.gtimg.cn/appstock/app/fqkline/get?param=sz164824,day,,,15,qfq: HTTP Error 501: Not Implemented
    [价格] 腾讯K线无数据，改用新浪K线兜底(sz164824)
    [价格] 腾讯K线失败(sz164705) https://web.ifzq.gtimg.cn/appstock/app/fqkline/get?param=sz164705,day,,,15,qfq: HTTP Error 501: Not Implemented
    [价格] 腾讯K线无数据，改用新浪K线兜底(sz164705)
    [价格] 腾讯K线失败(sh501300) https://web.ifzq.gtimg.cn/appstock/app/fqkline/get?param=sh501300,day,,,15,qfq: HTTP Error 501: Not Implemented
    [价格] 腾讯K线无数据，改用新浪K线兜底(sh501300)
    [价格] 腾讯K线失败(sz160717) https://web.ifzq.gtimg.cn/appstock/app/fqkline/get?param=sz160717,day,,,15,qfq: HTTP Error 501: Not Implemented
    [价格] 腾讯K线无数据，改用新浪K线兜底(sz160717)
    [价格] 腾讯K线失败(sz164906) https://web.ifzq.gtimg.cn/appstock/app/fqkline/get?param=sz164906,day,,,15,qfq: HTTP Error 501: Not Implemented
    [价格] 腾讯K线无数据，改用新浪K线兜底(sz164906)
    [价格] 腾讯K线失败(sz160719) https://web.ifzq.gtimg.cn/appstock/app/fqkline/get?param=sz160719,day,,,15,qfq: HTTP Error 501: Not Implemented
    [价格] 腾讯K线无数据，改用新浪K线兜底(sz160719)
    [价格] 腾讯K线失败(sz160140) https://web.ifzq.gtimg.cn/appstock/app/fqkline/get?param=sz160140,day,,,15,qfq: HTTP Error 501: Not Implemented
    [价格] 腾讯K线无数据，改用新浪K线兜底(sz160140)
    [价格] 腾讯K线失败(sz160632) https://web.ifzq.gtimg.cn/appstock/app/fqkline/get?param=sz160632,day,,,15,qfq: HTTP Error 501: Not Implemented
    [价格] 腾讯K线无数据，改用新浪K线兜底(sz160632)
    [价格] 腾讯K线失败(sz167301) https://web.ifzq.gtimg.cn/appstock/app/fqkline/get?param=sz167301,day,,,15,qfq: HTTP Error 501: Not Implemented
    [价格] 腾讯K线无数据，改用新浪K线兜底(sz167301)
    [价格] 腾讯K线失败(sz161116) https://web.ifzq.gtimg.cn/appstock/app/fqkline/get?param=sz161116,day,,,15,qfq: HTTP Error 501: Not Implemented
    [价格] 腾讯K线无数据，改用新浪K线兜底(sz161116)
    [价格] 腾讯K线失败(sz161831) https://web.ifzq.gtimg.cn/appstock/app/fqkline/get?param=sz161831,day,,,15,qfq: HTTP Error 501: Not Implemented
    [价格] 腾讯K线无数据，改用新浪K线兜底(sz161831)
    [价格] 腾讯K线失败(sz161124) https://web.ifzq.gtimg.cn/appstock/app/fqkline/get?param=sz161124,day,,,15,qfq: HTTP Error 501: Not Implemented
    [价格] 腾讯K线无数据，改用新浪K线兜底(sz161124)
    [价格] 腾讯K线失败(sz161126) https://web.ifzq.gtimg.cn/appstock/app/fqkline/get?param=sz161126,day,,,15,qfq: HTTP Error 501: Not Implemented
    [价格] 腾讯K线无数据，改用新浪K线兜底(sz161126)
    [价格] 腾讯K线失败(sz164701) https://web.ifzq.gtimg.cn/appstock/app/fqkline/get?param=sz164701,day,,,15,qfq: HTTP Error 501: Not Implemented
    [价格] 腾讯K线无数据，改用新浪K线兜底(sz164701)
    [价格] 腾讯K线失败(sz160924) https://web.ifzq.gtimg.cn/appstock/app/fqkline/get?param=sz160924,day,,,15,qfq: HTTP Error 501: Not Implemented
    [价格] 腾讯K线无数据，改用新浪K线兜底(sz160924)
    [价格] 腾讯K线失败(sz160639) https://web.ifzq.gtimg.cn/appstock/app/fqkline/get?param=sz160639,day,,,15,qfq: HTTP Error 501: Not Implemented
    [价格] 腾讯K线无数据，改用新浪K线兜底(sz160639)
    [价格] 腾讯K线失败(sz163208) https://web.ifzq.gtimg.cn/appstock/app/fqkline/get?param=sz163208,day,,,15,qfq: HTTP Error 501: Not Implemented
    [价格] 腾讯K线无数据，改用新浪K线兜底(sz163208)
    [价格] 腾讯K线失败(sz160216) https://web.ifzq.gtimg.cn/appstock/app/fqkline/get?param=sz160216,day,,,15,qfq: HTTP Error 501: Not Implemented
    [价格] 腾讯K线无数据，改用新浪K线兜底(sz160216)
    [价格] 腾讯K线失败(sz164812) https://web.ifzq.gtimg.cn/appstock/app/fqkline/get?param=sz164812,day,,,15,qfq: HTTP Error 501: Not Implemented
    [价格] 腾讯K线无数据，改用新浪K线兜底(sz164812)
    [价格] 腾讯K线失败(sz160416) https://web.ifzq.gtimg.cn/appstock/app/fqkline/get?param=sz160416,day,,,15,qfq: HTTP Error 501: Not Implemented
    [价格] 腾讯K线无数据，改用新浪K线兜底(sz160416)
    [价格] 腾讯K线失败(sz160225) https://web.ifzq.gtimg.cn/appstock/app/fqkline/get?param=sz160225,day,,,15,qfq: HTTP Error 501: Not Implemented
    [价格] 腾讯K线无数据，改用新浪K线兜底(sz160225)
    [价格] 腾讯K线失败(sz161032) https://web.ifzq.gtimg.cn/appstock/app/fqkline/get?param=sz161032,day,,,15,qfq: HTTP Error 501: Not Implemented
    [价格] 腾讯K线无数据，改用新浪K线兜底(sz161032)
    [价格] 腾讯K线失败(sz160922) https://web.ifzq.gtimg.cn/appstock/app/fqkline/get?param=sz160922,day,,,15,qfq: HTTP Error 501: Not Implemented
    [价格] 腾讯K线无数据，改用新浪K线兜底(sz160922)
    [价格] 腾讯K线失败(sz161130) https://web.ifzq.gtimg.cn/appstock/app/fqkline/get?param=sz161130,day,,,15,qfq: HTTP Error 501: Not Implemented
    [价格] 腾讯K线无数据，改用新浪K线兜底(sz161130)
    [价格] 腾讯K线失败(sz160143) https://web.ifzq.gtimg.cn/appstock/app/fqkline/get?param=sz160143,day,,,15,qfq: HTTP Error 501: Not Implemented
    [价格] 腾讯K线无数据，改用新浪K线兜底(sz160143)
    [价格] 腾讯K线失败(sz161226) https://web.ifzq.gtimg.cn/appstock/app/fqkline/get?param=sz161226,day,,,15,qfq: HTTP Error 501: Not Implemented
    [价格] 腾讯K线无数据，改用新浪K线兜底(sz161226)
    [价格] 腾讯K线失败(sz161725) https://web.ifzq.gtimg.cn/appstock/app/fqkline/get?param=sz161725,day,,,15,qfq: HTTP Error 501: Not Implemented
    [价格] 腾讯K线无数据，改用新浪K线兜底(sz161725)
    [价格] 腾讯K线失败(sz160415) https://web.ifzq.gtimg.cn/appstock/app/fqkline/get?param=sz160415,day,,,15,qfq: HTTP Error 501: Not Implemented
    [价格] 腾讯K线无数据，改用新浪K线兜底(sz160415)
    [价格] 腾讯K线失败(sz160644) https://web.ifzq.gtimg.cn/appstock/app/fqkline/get?param=sz160644,day,,,15,qfq: HTTP Error 501: Not Implemented
    [价格] 腾讯K线无数据，改用新浪K线兜底(sz160644)
    [价格] 腾讯K线失败(sz161127) https://web.ifzq.gtimg.cn/appstock/app/fqkline/get?param=sz161127,day,,,15,qfq: HTTP Error 501: Not Implemented
    [价格] 腾讯K线无数据，改用新浪K线兜底(sz161127)
    [价格] 腾讯K线失败(sh501025) https://web.ifzq.gtimg.cn/appstock/app/fqkline/get?param=sh501025,day,,,15,qfq: HTTP Error 501: Not Implemented
    [价格] 腾讯K线无数据，改用新浪K线兜底(sh501025)
    [价格] 腾讯K线失败(sz162719) https://web.ifzq.gtimg.cn/appstock/app/fqkline/get?param=sz162719,day,,,15,qfq: HTTP Error 501: Not Implemented
    [价格] 腾讯K线无数据，改用新浪K线兜底(sz162719)
    [价格] 腾讯K线失败(sh501012) https://web.ifzq.gtimg.cn/appstock/app/fqkline/get?param=sh501012,day,,,15,qfq: HTTP Error 501: Not Implemented
    [价格] 腾讯K线无数据，改用新浪K线兜底(sh501012)
    [价格] 腾讯K线失败(sz161812) https://web.ifzq.gtimg.cn/appstock/app/fqkline/get?param=sz161812,day,,,15,qfq: HTTP Error 501: Not Implemented
    [价格] 腾讯K线无数据，改用新浪K线兜底(sz161812)
    [价格] 腾讯K线失败(sz161040) https://web.ifzq.gtimg.cn/appstock/app/fqkline/get?param=sz161040,day,,,15,qfq: HTTP Error 501: Not Implemented
    [价格] 腾讯K线无数据，改用新浪K线兜底(sz161040)
    [价格] 腾讯K线失败(sz161125) https://web.ifzq.gtimg.cn/appstock/app/fqkline/get?param=sz161125,day,,,15,qfq: HTTP Error 501: Not Implemented
    [价格] 腾讯K线无数据，改用新浪K线兜底(sz161125)
    [价格] 腾讯K线失败(sz161128) https://web.ifzq.gtimg.cn/appstock/app/fqkline/get?param=sz161128,day,,,15,qfq: HTTP Error 501: Not Implemented
    [价格] 腾讯K线无数据，改用新浪K线兜底(sz161128)
    [价格] 腾讯K线失败(sz161129) https://web.ifzq.gtimg.cn/appstock/app/fqkline/get?param=sz161129,day,,,15,qfq: HTTP Error 501: Not Implemented
    [价格] 腾讯K线无数据，改用新浪K线兜底(sz161129)
    [价格] 腾讯K线失败(sh501018) https://web.ifzq.gtimg.cn/appstock/app/fqkline/get?param=sh501018,day,,,15,qfq: HTTP Error 501: Not Implemented
    [价格] 腾讯K线无数据，改用新浪K线兜底(sh501018)
    [价格] 腾讯K线失败(sh501225) https://web.ifzq.gtimg.cn/appstock/app/fqkline/get?param=sh501225,day,,,15,qfq: HTTP Error 501: Not Implemented
    [价格] 腾讯K线无数据，改用新浪K线兜底(sh501225)
    [价格] 腾讯K线失败(sz160723) https://web.ifzq.gtimg.cn/appstock/app/fqkline/get?param=sz160723,day,,,15,qfq: HTTP Error 501: Not Implemented
    [价格] 腾讯K线无数据，改用新浪K线兜底(sz160723)
>>> [162411] 华宝标普油气上游股票人民币A · 计算30日/显示10日 ｜ 标的=XOP ｜ 模式=index
    净值 35 条，最新: ('2026-07-24', 0.9195)
    [兜底] 东财价格失败：Remote end closed connection without response
    价格 [新浪财经] 35 条，最新: ('2026-07-27', 0.888)
    汇率 281 天，最新: ('2026-07-28', 6.76615)
    标的 [stockanalysis.com] 35 条，最新: ('2026-07-24', 174.05)
    最近 10 个交易日 -> 命中 10 个
    [价格] 腾讯K线失败(sz164906) https://web.ifzq.gtimg.cn/appstock/app/fqkline/get?param=sz164906,day,,,15,qfq: HTTP Error 501: Not Implemented
    [价格] 腾讯K线无数据，改用新浪K线兜底(sz164906)
    [价格] 腾讯K线失败(sz160719) https://web.ifzq.gtimg.cn/appstock/app/fqkline/get?param=sz160719,day,,,15,qfq: HTTP Error 501: Not Implemented
    [价格] 腾讯K线无数据，改用新浪K线兜底(sz160719)
    [价格] 腾讯K线失败(sz164705) https://web.ifzq.gtimg.cn/appstock/app/fqkline/get?param=sz164705,day,,,15,qfq: HTTP Error 501: Not Implemented
    [价格] 腾讯K线无数据，改用新浪K线兜底(sz164705)
    [价格] 腾讯K线失败(sz164824) https://web.ifzq.gtimg.cn/appstock/app/fqkline/get?param=sz164824,day,,,15,qfq: HTTP Error 501: Not Implemented
    [价格] 腾讯K线无数据，改用新浪K线兜底(sz164824)
    [价格] 腾讯K线失败(sz160140) https://web.ifzq.gtimg.cn/appstock/app/fqkline/get?param=sz160140,day,,,15,qfq: HTTP Error 501: Not Implemented
    [价格] 腾讯K线无数据，改用新浪K线兜底(sz160140)
    [价格] 腾讯K线失败(sh501312) https://web.ifzq.gtimg.cn/appstock/app/fqkline/get?param=sh501312,day,,,15,qfq: HTTP Error 501: Not Implemented
    [价格] 腾讯K线无数据，改用新浪K线兜底(sh501312)
    [价格] 腾讯K线失败(sz160717) https://web.ifzq.gtimg.cn/appstock/app/fqkline/get?param=sz160717,day,,,15,qfq: HTTP Error 501: Not Implemented
    [价格] 腾讯K线无数据，改用新浪K线兜底(sz160717)
    [价格] 腾讯K线失败(sh501300) https://web.ifzq.gtimg.cn/appstock/app/fqkline/get?param=sh501300,day,,,15,qfq: HTTP Error 501: Not Implemented
    [价格] 腾讯K线无数据，改用新浪K线兜底(sh501300)
    [价格] 腾讯K线失败(sz161126) https://web.ifzq.gtimg.cn/appstock/app/fqkline/get?param=sz161126,day,,,15,qfq: HTTP Error 501: Not Implemented
    [价格] 腾讯K线无数据，改用新浪K线兜底(sz161126)
    [价格] 腾讯K线失败(sz160632) https://web.ifzq.gtimg.cn/appstock/app/fqkline/get?param=sz160632,day,,,15,qfq: HTTP Error 501: Not Implemented
    [价格] 腾讯K线无数据，改用新浪K线兜底(sz160632)
    [价格] 腾讯K线失败(sz167301) https://web.ifzq.gtimg.cn/appstock/app/fqkline/get?param=sz167301,day,,,15,qfq: HTTP Error 501: Not Implemented
    [价格] 腾讯K线无数据，改用新浪K线兜底(sz167301)
    [价格] 腾讯K线失败(sz161116) https://web.ifzq.gtimg.cn/appstock/app/fqkline/get?param=sz161116,day,,,15,qfq: HTTP Error 501: Not Implemented
    [价格] 腾讯K线无数据，改用新浪K线兜底(sz161116)
    [价格] 腾讯K线失败(sz160924) https://web.ifzq.gtimg.cn/appstock/app/fqkline/get?param=sz160924,day,,,15,qfq: HTTP Error 501: Not Implemented
    [价格] 腾讯K线无数据，改用新浪K线兜底(sz160924)
    [价格] 腾讯K线失败(sz161831) https://web.ifzq.gtimg.cn/appstock/app/fqkline/get?param=sz161831,day,,,15,qfq: HTTP Error 501: Not Implemented
    [价格] 腾讯K线无数据，改用新浪K线兜底(sz161831)
    [价格] 腾讯K线失败(sz161124) https://web.ifzq.gtimg.cn/appstock/app/fqkline/get?param=sz161124,day,,,15,qfq: HTTP Error 501: Not Implemented
    [价格] 腾讯K线无数据，改用新浪K线兜底(sz161124)
    [价格] 腾讯K线失败(sz164701) https://web.ifzq.gtimg.cn/appstock/app/fqkline/get?param=sz164701,day,,,15,qfq: HTTP Error 501: Not Implemented
    [价格] 腾讯K线无数据，改用新浪K线兜底(sz164701)
    [价格] 腾讯K线失败(sz160639) https://web.ifzq.gtimg.cn/appstock/app/fqkline/get?param=sz160639,day,,,15,qfq: HTTP Error 501: Not Implemented
    [价格] 腾讯K线无数据，改用新浪K线兜底(sz160639)
    [价格] 腾讯K线失败(sz163208) https://web.ifzq.gtimg.cn/appstock/app/fqkline/get?param=sz163208,day,,,15,qfq: HTTP Error 501: Not Implemented
    [价格] 腾讯K线无数据，改用新浪K线兜底(sz163208)
    [价格] 腾讯K线失败(sz161032) https://web.ifzq.gtimg.cn/appstock/app/fqkline/get?param=sz161032,day,,,15,qfq: HTTP Error 501: Not Implemented
    [价格] 腾讯K线无数据，改用新浪K线兜底(sz161032)
    [价格] 腾讯K线失败(sz160216) https://web.ifzq.gtimg.cn/appstock/app/fqkline/get?param=sz160216,day,,,15,qfq: HTTP Error 501: Not Implemented
    [价格] 腾讯K线无数据，改用新浪K线兜底(sz160216)
    [价格] 腾讯K线失败(sz164812) https://web.ifzq.gtimg.cn/appstock/app/fqkline/get?param=sz164812,day,,,15,qfq: HTTP Error 501: Not Implemented
    [价格] 腾讯K线无数据，改用新浪K线兜底(sz164812)
    [价格] 腾讯K线失败(sz160225) https://web.ifzq.gtimg.cn/appstock/app/fqkline/get?param=sz160225,day,,,15,qfq: HTTP Error 501: Not Implemented
    [价格] 腾讯K线无数据，改用新浪K线兜底(sz160225)
    [价格] 腾讯K线失败(sz160416) https://web.ifzq.gtimg.cn/appstock/app/fqkline/get?param=sz160416,day,,,15,qfq: HTTP Error 501: Not Implemented
    [价格] 腾讯K线无数据，改用新浪K线兜底(sz160416)
    [价格] 腾讯K线失败(sz160143) https://web.ifzq.gtimg.cn/appstock/app/fqkline/get?param=sz160143,day,,,15,qfq: HTTP Error 501: Not Implemented
    [价格] 腾讯K线无数据，改用新浪K线兜底(sz160143)
    [价格] 腾讯K线失败(sz161130) https://web.ifzq.gtimg.cn/appstock/app/fqkline/get?param=sz161130,day,,,15,qfq: HTTP Error 501: Not Implemented
    [价格] 腾讯K线无数据，改用新浪K线兜底(sz161130)
    [价格] 腾讯K线失败(sz160922) https://web.ifzq.gtimg.cn/appstock/app/fqkline/get?param=sz160922,day,,,15,qfq: HTTP Error 501: Not Implemented
    [价格] 腾讯K线无数据，改用新浪K线兜底(sz160922)
    [价格] 腾讯K线失败(sz161226) https://web.ifzq.gtimg.cn/appstock/app/fqkline/get?param=sz161226,day,,,15,qfq: HTTP Error 501: Not Implemented
    [价格] 腾讯K线无数据，改用新浪K线兜底(sz161226)
    [价格] 腾讯K线失败(sz161127) https://web.ifzq.gtimg.cn/appstock/app/fqkline/get?param=sz161127,day,,,15,qfq: HTTP Error 501: Not Implemented
    [价格] 腾讯K线无数据，改用新浪K线兜底(sz161127)
    [价格] 腾讯K线失败(sz161725) https://web.ifzq.gtimg.cn/appstock/app/fqkline/get?param=sz161725,day,,,15,qfq: HTTP Error 501: Not Implemented
    [价格] 腾讯K线无数据，改用新浪K线兜底(sz161725)
    [价格] 腾讯K线失败(sz160415) https://web.ifzq.gtimg.cn/appstock/app/fqkline/get?param=sz160415,day,,,15,qfq: HTTP Error 501: Not Implemented
    [价格] 腾讯K线无数据，改用新浪K线兜底(sz160415)
    [价格] 腾讯K线失败(sz160644) https://web.ifzq.gtimg.cn/appstock/app/fqkline/get?param=sz160644,day,,,15,qfq: HTTP Error 501: Not Implemented
    [价格] 腾讯K线无数据，改用新浪K线兜底(sz160644)
    [价格] 腾讯K线失败(sh501025) https://web.ifzq.gtimg.cn/appstock/app/fqkline/get?param=sh501025,day,,,15,qfq: HTTP Error 501: Not Implemented
    [价格] 腾讯K线无数据，改用新浪K线兜底(sh501025)
    [价格] 腾讯K线失败(sz162719) https://web.ifzq.gtimg.cn/appstock/app/fqkline/get?param=sz162719,day,,,15,qfq: HTTP Error 501: Not Implemented
    [价格] 腾讯K线无数据，改用新浪K线兜底(sz162719)
    [价格] 腾讯K线失败(sz161040) https://web.ifzq.gtimg.cn/appstock/app/fqkline/get?param=sz161040,day,,,15,qfq: HTTP Error 501: Not Implemented
    [价格] 腾讯K线无数据，改用新浪K线兜底(sz161040)
    [价格] 腾讯K线失败(sh501012) https://web.ifzq.gtimg.cn/appstock/app/fqkline/get?param=sh501012,day,,,15,qfq: HTTP Error 501: Not Implemented
    [价格] 腾讯K线无数据，改用新浪K线兜底(sh501012)
    [价格] 腾讯K线失败(sz161125) https://web.ifzq.gtimg.cn/appstock/app/fqkline/get?param=sz161125,day,,,15,qfq: HTTP Error 501: Not Implemented
    [价格] 腾讯K线无数据，改用新浪K线兜底(sz161125)
    [价格] 腾讯K线失败(sz161812) https://web.ifzq.gtimg.cn/appstock/app/fqkline/get?param=sz161812,day,,,15,qfq: HTTP Error 501: Not Implemented
    [价格] 腾讯K线无数据，改用新浪K线兜底(sz161812)
    [价格] 腾讯K线失败(sz161128) https://web.ifzq.gtimg.cn/appstock/app/fqkline/get?param=sz161128,day,,,15,qfq: HTTP Error 501: Not Implemented
    [价格] 腾讯K线无数据，改用新浪K线兜底(sz161128)
    [价格] 腾讯K线失败(sh501018) https://web.ifzq.gtimg.cn/appstock/app/fqkline/get?param=sh501018,day,,,15,qfq: HTTP Error 501: Not Implemented
    [价格] 腾讯K线无数据，改用新浪K线兜底(sh501018)
    [价格] 腾讯K线失败(sz160723) https://web.ifzq.gtimg.cn/appstock/app/fqkline/get?param=sz160723,day,,,15,qfq: HTTP Error 501: Not Implemented
    [价格] 腾讯K线无数据，改用新浪K线兜底(sz160723)
    [价格] 腾讯K线失败(sz161129) https://web.ifzq.gtimg.cn/appstock/app/fqkline/get?param=sz161129,day,,,15,qfq: HTTP Error 501: Not Implemented
    [价格] 腾讯K线无数据，改用新浪K线兜底(sz161129)
    [价格] 腾讯K线失败(sh501225) https://web.ifzq.gtimg.cn/appstock/app/fqkline/get?param=sh501225,day,,,15,qfq: HTTP Error 501: Not Implemented
    [价格] 腾讯K线无数据，改用新浪K线兜底(sh501225)
>>> [162411] 华宝标普油气上游股票人民币A · 计算30日/显示10日 ｜ 标的=XOP ｜ 模式=index
    净值 35 条，最新: ('2026-07-24', 0.9195)
    [兜底] 东财价格失败：Remote end closed connection without response
    价格 [新浪财经] 35 条，最新: ('2026-07-27', 0.888)
    汇率 281 天，最新: ('2026-07-28', 6.76615)
    标的 [stockanalysis.com] 35 条，最新: ('2026-07-24', 174.05)
    最近 10 个交易日 -> 命中 10 个
    [价格] 腾讯K线失败(sz160717) https://web.ifzq.gtimg.cn/appstock/app/fqkline/get?param=sz160717,day,,,15,qfq: HTTP Error 501: Not Implemented
    [价格] 腾讯K线无数据，改用新浪K线兜底(sz160717)
    [价格] 腾讯K线失败(sz164906) https://web.ifzq.gtimg.cn/appstock/app/fqkline/get?param=sz164906,day,,,15,qfq: HTTP Error 501: Not Implemented
    [价格] 腾讯K线无数据，改用新浪K线兜底(sz164906)
    [价格] 腾讯K线失败(sh501300) https://web.ifzq.gtimg.cn/appstock/app/fqkline/get?param=sh501300,day,,,15,qfq: HTTP Error 501: Not Implemented
    [价格] 腾讯K线无数据，改用新浪K线兜底(sh501300)
    [价格] 腾讯K线失败(sz164705) https://web.ifzq.gtimg.cn/appstock/app/fqkline/get?param=sz164705,day,,,15,qfq: HTTP Error 501: Not Implemented
    [价格] 腾讯K线无数据，改用新浪K线兜底(sz164705)
    [价格] 腾讯K线失败(sz160140) https://web.ifzq.gtimg.cn/appstock/app/fqkline/get?param=sz160140,day,,,15,qfq: HTTP Error 501: Not Implemented
    [价格] 腾讯K线无数据，改用新浪K线兜底(sz160140)
    [价格] 腾讯K线失败(sh501312) https://web.ifzq.gtimg.cn/appstock/app/fqkline/get?param=sh501312,day,,,15,qfq: HTTP Error 501: Not Implemented
    [价格] 腾讯K线无数据，改用新浪K线兜底(sh501312)
    [价格] 腾讯K线失败(sz164824) https://web.ifzq.gtimg.cn/appstock/app/fqkline/get?param=sz164824,day,,,15,qfq: HTTP Error 501: Not Implemented
    [价格] 腾讯K线无数据，改用新浪K线兜底(sz164824)
    [价格] 腾讯K线失败(sz160719) https://web.ifzq.gtimg.cn/appstock/app/fqkline/get?param=sz160719,day,,,15,qfq: HTTP Error 501: Not Implemented
    [价格] 腾讯K线无数据，改用新浪K线兜底(sz160719)
    [价格] 腾讯K线失败(sz161126) https://web.ifzq.gtimg.cn/appstock/app/fqkline/get?param=sz161126,day,,,15,qfq: HTTP Error 501: Not Implemented
    [价格] 腾讯K线无数据，改用新浪K线兜底(sz161126)
    [价格] 腾讯K线失败(sz161831) https://web.ifzq.gtimg.cn/appstock/app/fqkline/get?param=sz161831,day,,,15,qfq: HTTP Error 501: Not Implemented
    [价格] 腾讯K线无数据，改用新浪K线兜底(sz161831)
    [价格] 腾讯K线失败(sz161116) https://web.ifzq.gtimg.cn/appstock/app/fqkline/get?param=sz161116,day,,,15,qfq: HTTP Error 501: Not Implemented
    [价格] 腾讯K线无数据，改用新浪K线兜底(sz161116)
    [价格] 腾讯K线失败(sz164701) https://web.ifzq.gtimg.cn/appstock/app/fqkline/get?param=sz164701,day,,,15,qfq: HTTP Error 501: Not Implemented
    [价格] 腾讯K线无数据，改用新浪K线兜底(sz164701)
    [价格] 腾讯K线失败(sz160632) https://web.ifzq.gtimg.cn/appstock/app/fqkline/get?param=sz160632,day,,,15,qfq: HTTP Error 501: Not Implemented
    [价格] 腾讯K线无数据，改用新浪K线兜底(sz160632)
    [价格] 腾讯K线失败(sz160924) https://web.ifzq.gtimg.cn/appstock/app/fqkline/get?param=sz160924,day,,,15,qfq: HTTP Error 501: Not Implemented
    [价格] 腾讯K线无数据，改用新浪K线兜底(sz160924)
    [价格] 腾讯K线失败(sz167301) https://web.ifzq.gtimg.cn/appstock/app/fqkline/get?param=sz167301,day,,,15,qfq: HTTP Error 501: Not Implemented
    [价格] 腾讯K线无数据，改用新浪K线兜底(sz167301)
    [价格] 腾讯K线失败(sz161124) https://web.ifzq.gtimg.cn/appstock/app/fqkline/get?param=sz161124,day,,,15,qfq: HTTP Error 501: Not Implemented
    [价格] 腾讯K线无数据，改用新浪K线兜底(sz161124)
    [价格] 腾讯K线失败(sz160639) https://web.ifzq.gtimg.cn/appstock/app/fqkline/get?param=sz160639,day,,,15,qfq: HTTP Error 501: Not Implemented
    [价格] 腾讯K线无数据，改用新浪K线兜底(sz160639)
    [价格] 腾讯K线失败(sz163208) https://web.ifzq.gtimg.cn/appstock/app/fqkline/get?param=sz163208,day,,,15,qfq: HTTP Error 501: Not Implemented
    [价格] 腾讯K线无数据，改用新浪K线兜底(sz163208)
    [价格] 腾讯K线失败(sz160216) https://web.ifzq.gtimg.cn/appstock/app/fqkline/get?param=sz160216,day,,,15,qfq: HTTP Error 501: Not Implemented
    [价格] 腾讯K线无数据，改用新浪K线兜底(sz160216)
    [价格] 腾讯K线失败(sz161032) https://web.ifzq.gtimg.cn/appstock/app/fqkline/get?param=sz161032,day,,,15,qfq: HTTP Error 501: Not Implemented
    [价格] 腾讯K线无数据，改用新浪K线兜底(sz161032)
    [价格] 腾讯K线失败(sz164812) https://web.ifzq.gtimg.cn/appstock/app/fqkline/get?param=sz164812,day,,,15,qfq: HTTP Error 501: Not Implemented
    [价格] 腾讯K线无数据，改用新浪K线兜底(sz164812)
    [价格] 腾讯K线失败(sz160225) https://web.ifzq.gtimg.cn/appstock/app/fqkline/get?param=sz160225,day,,,15,qfq: HTTP Error 501: Not Implemented
    [价格] 腾讯K线无数据，改用新浪K线兜底(sz160225)
    [价格] 腾讯K线失败(sz160416) https://web.ifzq.gtimg.cn/appstock/app/fqkline/get?param=sz160416,day,,,15,qfq: HTTP Error 501: Not Implemented
    [价格] 腾讯K线无数据，改用新浪K线兜底(sz160416)
    [价格] 腾讯K线失败(sz160143) https://web.ifzq.gtimg.cn/appstock/app/fqkline/get?param=sz160143,day,,,15,qfq: HTTP Error 501: Not Implemented
    [价格] 腾讯K线无数据，改用新浪K线兜底(sz160143)
    [价格] 腾讯K线失败(sz160922) https://web.ifzq.gtimg.cn/appstock/app/fqkline/get?param=sz160922,day,,,15,qfq: HTTP Error 501: Not Implemented
    [价格] 腾讯K线无数据，改用新浪K线兜底(sz160922)
    [价格] 腾讯K线失败(sz161130) https://web.ifzq.gtimg.cn/appstock/app/fqkline/get?param=sz161130,day,,,15,qfq: HTTP Error 501: Not Implemented
    [价格] 腾讯K线无数据，改用新浪K线兜底(sz161130)
    [价格] 腾讯K线失败(sz161226) https://web.ifzq.gtimg.cn/appstock/app/fqkline/get?param=sz161226,day,,,15,qfq: HTTP Error 501: Not Implemented
    [价格] 腾讯K线无数据，改用新浪K线兜底(sz161226)
    [价格] 腾讯K线失败(sz161127) https://web.ifzq.gtimg.cn/appstock/app/fqkline/get?param=sz161127,day,,,15,qfq: HTTP Error 501: Not Implemented
    [价格] 腾讯K线无数据，改用新浪K线兜底(sz161127)
    [价格] 腾讯K线失败(sz161725) https://web.ifzq.gtimg.cn/appstock/app/fqkline/get?param=sz161725,day,,,15,qfq: HTTP Error 501: Not Implemented
    [价格] 腾讯K线无数据，改用新浪K线兜底(sz161725)
    [价格] 腾讯K线失败(sz160415) https://web.ifzq.gtimg.cn/appstock/app/fqkline/get?param=sz160415,day,,,15,qfq: HTTP Error 501: Not Implemented
    [价格] 腾讯K线无数据，改用新浪K线兜底(sz160415)
    [价格] 腾讯K线失败(sz160644) https://web.ifzq.gtimg.cn/appstock/app/fqkline/get?param=sz160644,day,,,15,qfq: HTTP Error 501: Not Implemented
    [价格] 腾讯K线无数据，改用新浪K线兜底(sz160644)
    [价格] 腾讯K线失败(sh501025) https://web.ifzq.gtimg.cn/appstock/app/fqkline/get?param=sh501025,day,,,15,qfq: HTTP Error 501: Not Implemented
    [价格] 腾讯K线无数据，改用新浪K线兜底(sh501025)
    [价格] 腾讯K线失败(sz162719) https://web.ifzq.gtimg.cn/appstock/app/fqkline/get?param=sz162719,day,,,15,qfq: HTTP Error 501: Not Implemented
    [价格] 腾讯K线无数据，改用新浪K线兜底(sz162719)
    [价格] 腾讯K线失败(sh501012) https://web.ifzq.gtimg.cn/appstock/app/fqkline/get?param=sh501012,day,,,15,qfq: HTTP Error 501: Not Implemented
    [价格] 腾讯K线无数据，改用新浪K线兜底(sh501012)
    [价格] 腾讯K线失败(sz161812) https://web.ifzq.gtimg.cn/appstock/app/fqkline/get?param=sz161812,day,,,15,qfq: HTTP Error 501: Not Implemented
    [价格] 腾讯K线无数据，改用新浪K线兜底(sz161812)
    [价格] 腾讯K线失败(sz161040) https://web.ifzq.gtimg.cn/appstock/app/fqkline/get?param=sz161040,day,,,15,qfq: HTTP Error 501: Not Implemented
    [价格] 腾讯K线无数据，改用新浪K线兜底(sz161040)
    [价格] 腾讯K线失败(sz161125) https://web.ifzq.gtimg.cn/appstock/app/fqkline/get?param=sz161125,day,,,15,qfq: HTTP Error 501: Not Implemented
    [价格] 腾讯K线无数据，改用新浪K线兜底(sz161125)
    [价格] 腾讯K线失败(sz160723) https://web.ifzq.gtimg.cn/appstock/app/fqkline/get?param=sz160723,day,,,15,qfq: HTTP Error 501: Not Implemented
    [价格] 腾讯K线无数据，改用新浪K线兜底(sz160723)
    [价格] 腾讯K线失败(sz161128) https://web.ifzq.gtimg.cn/appstock/app/fqkline/get?param=sz161128,day,,,15,qfq: HTTP Error 501: Not Implemented
    [价格] 腾讯K线无数据，改用新浪K线兜底(sz161128)
    [价格] 腾讯K线失败(sh501018) https://web.ifzq.gtimg.cn/appstock/app/fqkline/get?param=sh501018,day,,,15,qfq: HTTP Error 501: Not Implemented
    [价格] 腾讯K线无数据，改用新浪K线兜底(sh501018)
    [价格] 腾讯K线失败(sh501225) https://web.ifzq.gtimg.cn/appstock/app/fqkline/get?param=sh501225,day,,,15,qfq: HTTP Error 501: Not Implemented
    [价格] 腾讯K线无数据，改用新浪K线兜底(sh501225)
    [价格] 腾讯K线失败(sz161129) https://web.ifzq.gtimg.cn/appstock/app/fqkline/get?param=sz161129,day,,,15,qfq: HTTP Error 501: Not Implemented
    [价格] 腾讯K线无数据，改用新浪K线兜底(sz161129)
>>> [162411] 华宝标普油气上游股票人民币A · 计算30日/显示10日 ｜ 标的=XOP ｜ 模式=index
    净值 35 条，最新: ('2026-07-24', 0.9195)
    [兜底] 东财价格失败：Remote end closed connection without response
    价格 [新浪财经] 35 条，最新: ('2026-07-27', 0.888)
    汇率 281 天，最新: ('2026-07-28', 6.76615)
    标的 [stockanalysis.com] 35 条，最新: ('2026-07-24', 174.05)
    最近 10 个交易日 -> 命中 10 个
    [价格] 腾讯K线失败(sz164824) https://web.ifzq.gtimg.cn/appstock/app/fqkline/get?param=sz164824,day,,,15,qfq: HTTP Error 501: Not Implemented
    [价格] 腾讯K线无数据，改用新浪K线兜底(sz164824)
    [价格] 腾讯K线失败(sh501312) https://web.ifzq.gtimg.cn/appstock/app/fqkline/get?param=sh501312,day,,,15,qfq: HTTP Error 501: Not Implemented
    [价格] 腾讯K线无数据，改用新浪K线兜底(sh501312)
    [价格] 腾讯K线失败(sz160140) https://web.ifzq.gtimg.cn/appstock/app/fqkline/get?param=sz160140,day,,,15,qfq: HTTP Error 501: Not Implemented
    [价格] 腾讯K线无数据，改用新浪K线兜底(sz160140)
    [价格] 腾讯K线失败(sh501300) https://web.ifzq.gtimg.cn/appstock/app/fqkline/get?param=sh501300,day,,,15,qfq: HTTP Error 501: Not Implemented
    [价格] 腾讯K线无数据，改用新浪K线兜底(sh501300)
    [价格] 腾讯K线失败(sz164705) https://web.ifzq.gtimg.cn/appstock/app/fqkline/get?param=sz164705,day,,,15,qfq: HTTP Error 501: Not Implemented
    [价格] 腾讯K线无数据，改用新浪K线兜底(sz164705)
    [价格] 腾讯K线失败(sz160719) https://web.ifzq.gtimg.cn/appstock/app/fqkline/get?param=sz160719,day,,,15,qfq: HTTP Error 501: Not Implemented
    [价格] 腾讯K线无数据，改用新浪K线兜底(sz160719)
    [价格] 腾讯K线失败(sz164906) https://web.ifzq.gtimg.cn/appstock/app/fqkline/get?param=sz164906,day,,,15,qfq: HTTP Error 501: Not Implemented
    [价格] 腾讯K线无数据，改用新浪K线兜底(sz164906)
    [价格] 腾讯K线失败(sz160717) https://web.ifzq.gtimg.cn/appstock/app/fqkline/get?param=sz160717,day,,,15,qfq: HTTP Error 501: Not Implemented
    [价格] 腾讯K线无数据，改用新浪K线兜底(sz160717)
    [价格] 腾讯K线失败(sz160632) https://web.ifzq.gtimg.cn/appstock/app/fqkline/get?param=sz160632,day,,,15,qfq: HTTP Error 501: Not Implemented
    [价格] 腾讯K线无数据，改用新浪K线兜底(sz160632)
    [价格] 腾讯K线失败(sz161831) https://web.ifzq.gtimg.cn/appstock/app/fqkline/get?param=sz161831,day,,,15,qfq: HTTP Error 501: Not Implemented
    [价格] 腾讯K线无数据，改用新浪K线兜底(sz161831)
    [价格] 腾讯K线失败(sz167301) https://web.ifzq.gtimg.cn/appstock/app/fqkline/get?param=sz167301,day,,,15,qfq: HTTP Error 501: Not Implemented
    [价格] 腾讯K线无数据，改用新浪K线兜底(sz167301)
    [价格] 腾讯K线失败(sz161126) https://web.ifzq.gtimg.cn/appstock/app/fqkline/get?param=sz161126,day,,,15,qfq: HTTP Error 501: Not Implemented
    [价格] 腾讯K线无数据，改用新浪K线兜底(sz161126)
    [价格] 腾讯K线失败(sz160924) https://web.ifzq.gtimg.cn/appstock/app/fqkline/get?param=sz160924,day,,,15,qfq: HTTP Error 501: Not Implemented
    [价格] 腾讯K线无数据，改用新浪K线兜底(sz160924)
    [价格] 腾讯K线失败(sz161116) https://web.ifzq.gtimg.cn/appstock/app/fqkline/get?param=sz161116,day,,,15,qfq: HTTP Error 501: Not Implemented
    [价格] 腾讯K线无数据，改用新浪K线兜底(sz161116)
    [价格] 腾讯K线失败(sz161124) https://web.ifzq.gtimg.cn/appstock/app/fqkline/get?param=sz161124,day,,,15,qfq: HTTP Error 501: Not Implemented
    [价格] 腾讯K线无数据，改用新浪K线兜底(sz161124)
    [价格] 腾讯K线失败(sz164701) https://web.ifzq.gtimg.cn/appstock/app/fqkline/get?param=sz164701,day,,,15,qfq: HTTP Error 501: Not Implemented
    [价格] 腾讯K线无数据，改用新浪K线兜底(sz164701)
    [价格] 腾讯K线失败(sz160639) https://web.ifzq.gtimg.cn/appstock/app/fqkline/get?param=sz160639,day,,,15,qfq: HTTP Error 501: Not Implemented
    [价格] 腾讯K线无数据，改用新浪K线兜底(sz160639)
    [价格] 腾讯K线失败(sz161032) https://web.ifzq.gtimg.cn/appstock/app/fqkline/get?param=sz161032,day,,,15,qfq: HTTP Error 501: Not Implemented
    [价格] 腾讯K线无数据，改用新浪K线兜底(sz161032)
    [价格] 腾讯K线失败(sz160143) https://web.ifzq.gtimg.cn/appstock/app/fqkline/get?param=sz160143,day,,,15,qfq: HTTP Error 501: Not Implemented
    [价格] 腾讯K线无数据，改用新浪K线兜底(sz160143)
    [价格] 腾讯K线失败(sz164812) https://web.ifzq.gtimg.cn/appstock/app/fqkline/get?param=sz164812,day,,,15,qfq: HTTP Error 501: Not Implemented
    [价格] 腾讯K线无数据，改用新浪K线兜底(sz164812)
    [价格] 腾讯K线失败(sz160216) https://web.ifzq.gtimg.cn/appstock/app/fqkline/get?param=sz160216,day,,,15,qfq: HTTP Error 501: Not Implemented
    [价格] 腾讯K线无数据，改用新浪K线兜底(sz160216)
    [价格] 腾讯K线失败(sz160225) https://web.ifzq.gtimg.cn/appstock/app/fqkline/get?param=sz160225,day,,,15,qfq: HTTP Error 501: Not Implemented
    [价格] 腾讯K线无数据，改用新浪K线兜底(sz160225)
    [价格] 腾讯K线失败(sz163208) https://web.ifzq.gtimg.cn/appstock/app/fqkline/get?param=sz163208,day,,,15,qfq: HTTP Error 501: Not Implemented
    [价格] 腾讯K线无数据，改用新浪K线兜底(sz163208)
    [价格] 腾讯K线失败(sz160416) https://web.ifzq.gtimg.cn/appstock/app/fqkline/get?param=sz160416,day,,,15,qfq: HTTP Error 501: Not Implemented
    [价格] 腾讯K线无数据，改用新浪K线兜底(sz160416)
    [价格] 腾讯K线失败(sz160922) https://web.ifzq.gtimg.cn/appstock/app/fqkline/get?param=sz160922,day,,,15,qfq: HTTP Error 501: Not Implemented
    [价格] 腾讯K线无数据，改用新浪K线兜底(sz160922)
    [价格] 腾讯K线失败(sz161226) https://web.ifzq.gtimg.cn/appstock/app/fqkline/get?param=sz161226,day,,,15,qfq: HTTP Error 501: Not Implemented
    [价格] 腾讯K线无数据，改用新浪K线兜底(sz161226)
    [价格] 腾讯K线失败(sz161130) https://web.ifzq.gtimg.cn/appstock/app/fqkline/get?param=sz161130,day,,,15,qfq: HTTP Error 501: Not Implemented
    [价格] 腾讯K线无数据，改用新浪K线兜底(sz161130)
    [价格] 腾讯K线失败(sz161725) https://web.ifzq.gtimg.cn/appstock/app/fqkline/get?param=sz161725,day,,,15,qfq: HTTP Error 501: Not Implemented
    [价格] 腾讯K线无数据，改用新浪K线兜底(sz161725)
    [价格] 腾讯K线失败(sz160415) https://web.ifzq.gtimg.cn/appstock/app/fqkline/get?param=sz160415,day,,,15,qfq: HTTP Error 501: Not Implemented
    [价格] 腾讯K线无数据，改用新浪K线兜底(sz160415)
    [价格] 腾讯K线失败(sz160644) https://web.ifzq.gtimg.cn/appstock/app/fqkline/get?param=sz160644,day,,,15,qfq: HTTP Error 501: Not Implemented
    [价格] 腾讯K线无数据，改用新浪K线兜底(sz160644)
    [价格] 腾讯K线失败(sz162719) https://web.ifzq.gtimg.cn/appstock/app/fqkline/get?param=sz162719,day,,,15,qfq: HTTP Error 501: Not Implemented
    [价格] 腾讯K线无数据，改用新浪K线兜底(sz162719)
    [价格] 腾讯K线失败(sh501025) https://web.ifzq.gtimg.cn/appstock/app/fqkline/get?param=sh501025,day,,,15,qfq: HTTP Error 501: Not Implemented
    [价格] 腾讯K线无数据，改用新浪K线兜底(sh501025)
    [价格] 腾讯K线失败(sz161127) https://web.ifzq.gtimg.cn/appstock/app/fqkline/get?param=sz161127,day,,,15,qfq: HTTP Error 501: Not Implemented
    [价格] 腾讯K线无数据，改用新浪K线兜底(sz161127)
    [价格] 腾讯K线失败(sz161040) https://web.ifzq.gtimg.cn/appstock/app/fqkline/get?param=sz161040,day,,,15,qfq: HTTP Error 501: Not Implemented
    [价格] 腾讯K线无数据，改用新浪K线兜底(sz161040)
    [价格] 腾讯K线失败(sh501012) https://web.ifzq.gtimg.cn/appstock/app/fqkline/get?param=sh501012,day,,,15,qfq: HTTP Error 501: Not Implemented
    [价格] 腾讯K线无数据，改用新浪K线兜底(sh501012)
    [价格] 腾讯K线失败(sz161812) https://web.ifzq.gtimg.cn/appstock/app/fqkline/get?param=sz161812,day,,,15,qfq: HTTP Error 501: Not Implemented
    [价格] 腾讯K线无数据，改用新浪K线兜底(sz161812)
    [价格] 腾讯K线失败(sz161125) https://web.ifzq.gtimg.cn/appstock/app/fqkline/get?param=sz161125,day,,,15,qfq: HTTP Error 501: Not Implemented
    [价格] 腾讯K线无数据，改用新浪K线兜底(sz161125)
    [价格] 腾讯K线失败(sz161128) https://web.ifzq.gtimg.cn/appstock/app/fqkline/get?param=sz161128,day,,,15,qfq: HTTP Error 501: Not Implemented
    [价格] 腾讯K线无数据，改用新浪K线兜底(sz161128)
    [价格] 腾讯K线失败(sh501018) https://web.ifzq.gtimg.cn/appstock/app/fqkline/get?param=sh501018,day,,,15,qfq: HTTP Error 501: Not Implemented
    [价格] 腾讯K线无数据，改用新浪K线兜底(sh501018)
    [价格] 腾讯K线失败(sz161129) https://web.ifzq.gtimg.cn/appstock/app/fqkline/get?param=sz161129,day,,,15,qfq: HTTP Error 501: Not Implemented
    [价格] 腾讯K线无数据，改用新浪K线兜底(sz161129)
    [持仓] hk01888 行情获取失败：HTTP Error 501: Not Implemented
    [价格] 腾讯K线失败(sz160723) https://web.ifzq.gtimg.cn/appstock/app/fqkline/get?param=sz160723,day,,,15,qfq: HTTP Error 501: Not Implemented
    [价格] 腾讯K线无数据，改用新浪K线兜底(sz160723)
    [价格] 腾讯K线失败(sh501225) https://web.ifzq.gtimg.cn/appstock/app/fqkline/get?param=sh501225,day,,,15,qfq: HTTP Error 501: Not Implemented
    [价格] 腾讯K线无数据，改用新浪K线兜底(sh501225)
    [持仓] hk00992 行情获取失败：HTTP Error 501: Not Implemented
    [持仓] hk00148 行情获取失败：HTTP Error 501: Not Implemented
    [持仓] hk03690 行情获取失败：HTTP Error 501: Not Implemented
    [持仓] hk09988 行情获取失败：HTTP Error 501: Not Implemented
    [持仓] 160644 合成指数完成，覆盖 78.2%（10 只）
>>> [162411] 华宝标普油气上游股票人民币A · 计算30日/显示10日 ｜ 标的=XOP ｜ 模式=index
    净值 35 条，最新: ('2026-07-24', 0.9195)
    [兜底] 东财价格失败：Remote end closed connection without response
    价格 [新浪财经] 35 条，最新: ('2026-07-27', 0.888)
    汇率 281 天，最新: ('2026-07-28', 6.76615)
    标的 [stockanalysis.com] 35 条，最新: ('2026-07-24', 174.05)
    最近 10 个交易日 -> 命中 10 个
>>> [501312] 华宝海外科技股票(QDII-LOF)A · 计算30日/显示10日 ｜ 标的=QQQ ｜ 模式=auto
    净值 35 条，最新: ('2026-07-24', 2.1592)
    [兜底] 东财价格失败：Remote end closed connection without response
    价格 [新浪财经] 35 条，最新: ('2026-07-27', 2.192)
    汇率 281 天，最新: ('2026-07-28', 6.76615)
    标的 [stockanalysis.com] 15 条，最新: ('2026-07-24', 684.23)
    最近 10 个交易日 -> 命中 10 个
    [价格] 腾讯K线失败(sh501312) https://web.ifzq.gtimg.cn/appstock/app/fqkline/get?param=sh501312,day,,,15,qfq: HTTP Error 501: Not Implemented
    [价格] 腾讯K线无数据，改用新浪K线兜底(sh501312)
    [价格] 腾讯K线失败(sz160140) https://web.ifzq.gtimg.cn/appstock/app/fqkline/get?param=sz160140,day,,,15,qfq: HTTP Error 501: Not Implemented
    [价格] 腾讯K线无数据，改用新浪K线兜底(sz160140)
    [价格] 腾讯K线失败(sz164824) https://web.ifzq.gtimg.cn/appstock/app/fqkline/get?param=sz164824,day,,,15,qfq: HTTP Error 501: Not Implemented
    [价格] 腾讯K线无数据，改用新浪K线兜底(sz164824)
    [价格] 腾讯K线失败(sh501300) https://web.ifzq.gtimg.cn/appstock/app/fqkline/get?param=sh501300,day,,,15,qfq: HTTP Error 501: Not Implemented
    [价格] 腾讯K线无数据，改用新浪K线兜底(sh501300)
    [价格] 腾讯K线失败(sz164906) https://web.ifzq.gtimg.cn/appstock/app/fqkline/get?param=sz164906,day,,,15,qfq: HTTP Error 501: Not Implemented
    [价格] 腾讯K线无数据，改用新浪K线兜底(sz164906)
    [价格] 腾讯K线失败(sz160717) https://web.ifzq.gtimg.cn/appstock/app/fqkline/get?param=sz160717,day,,,15,qfq: HTTP Error 501: Not Implemented
    [价格] 腾讯K线无数据，改用新浪K线兜底(sz160717)
    [价格] 腾讯K线失败(sz160719) https://web.ifzq.gtimg.cn/appstock/app/fqkline/get?param=sz160719,day,,,15,qfq: HTTP Error 501: Not Implemented
    [价格] 腾讯K线无数据，改用新浪K线兜底(sz160719)
    [价格] 腾讯K线失败(sz164705) https://web.ifzq.gtimg.cn/appstock/app/fqkline/get?param=sz164705,day,,,15,qfq: HTTP Error 501: Not Implemented
    [价格] 腾讯K线无数据，改用新浪K线兜底(sz164705)
    [价格] 腾讯K线失败(sz167301) https://web.ifzq.gtimg.cn/appstock/app/fqkline/get?param=sz167301,day,,,15,qfq: HTTP Error 501: Not Implemented
    [价格] 腾讯K线无数据，改用新浪K线兜底(sz167301)
    [价格] 腾讯K线失败(sz161116) https://web.ifzq.gtimg.cn/appstock/app/fqkline/get?param=sz161116,day,,,15,qfq: HTTP Error 501: Not Implemented
    [价格] 腾讯K线无数据，改用新浪K线兜底(sz161116)
    [价格] 腾讯K线失败(sz161126) https://web.ifzq.gtimg.cn/appstock/app/fqkline/get?param=sz161126,day,,,15,qfq: HTTP Error 501: Not Implemented
    [价格] 腾讯K线无数据，改用新浪K线兜底(sz161126)
    [价格] 腾讯K线失败(sz161124) https://web.ifzq.gtimg.cn/appstock/app/fqkline/get?param=sz161124,day,,,15,qfq: HTTP Error 501: Not Implemented
    [价格] 腾讯K线无数据，改用新浪K线兜底(sz161124)
    [价格] 腾讯K线失败(sz160924) https://web.ifzq.gtimg.cn/appstock/app/fqkline/get?param=sz160924,day,,,15,qfq: HTTP Error 501: Not Implemented
    [价格] 腾讯K线无数据，改用新浪K线兜底(sz160924)
    [价格] 腾讯K线失败(sz164701) https://web.ifzq.gtimg.cn/appstock/app/fqkline/get?param=sz164701,day,,,15,qfq: HTTP Error 501: Not Implemented
    [价格] 腾讯K线无数据，改用新浪K线兜底(sz164701)
    [价格] 腾讯K线失败(sz160632) https://web.ifzq.gtimg.cn/appstock/app/fqkline/get?param=sz160632,day,,,15,qfq: HTTP Error 501: Not Implemented
    [价格] 腾讯K线无数据，改用新浪K线兜底(sz160632)
    [价格] 腾讯K线失败(sz163208) https://web.ifzq.gtimg.cn/appstock/app/fqkline/get?param=sz163208,day,,,15,qfq: HTTP Error 501: Not Implemented
    [价格] 腾讯K线无数据，改用新浪K线兜底(sz163208)
    [价格] 腾讯K线失败(sz164812) https://web.ifzq.gtimg.cn/appstock/app/fqkline/get?param=sz164812,day,,,15,qfq: HTTP Error 501: Not Implemented
    [价格] 腾讯K线无数据，改用新浪K线兜底(sz164812)
    [价格] 腾讯K线失败(sz161831) https://web.ifzq.gtimg.cn/appstock/app/fqkline/get?param=sz161831,day,,,15,qfq: HTTP Error 501: Not Implemented
    [价格] 腾讯K线无数据，改用新浪K线兜底(sz161831)
    [价格] 腾讯K线失败(sz160143) https://web.ifzq.gtimg.cn/appstock/app/fqkline/get?param=sz160143,day,,,15,qfq: HTTP Error 501: Not Implemented
    [价格] 腾讯K线无数据，改用新浪K线兜底(sz160143)
    [价格] 腾讯K线失败(sz160216) https://web.ifzq.gtimg.cn/appstock/app/fqkline/get?param=sz160216,day,,,15,qfq: HTTP Error 501: Not Implemented
    [价格] 腾讯K线无数据，改用新浪K线兜底(sz160216)
    [价格] 腾讯K线失败(sz161032) https://web.ifzq.gtimg.cn/appstock/app/fqkline/get?param=sz161032,day,,,15,qfq: HTTP Error 501: Not Implemented
    [价格] 腾讯K线无数据，改用新浪K线兜底(sz161032)
    [价格] 腾讯K线失败(sz160639) https://web.ifzq.gtimg.cn/appstock/app/fqkline/get?param=sz160639,day,,,15,qfq: HTTP Error 501: Not Implemented
    [价格] 腾讯K线无数据，改用新浪K线兜底(sz160639)
    [价格] 腾讯K线失败(sz160225) https://web.ifzq.gtimg.cn/appstock/app/fqkline/get?param=sz160225,day,,,15,qfq: HTTP Error 501: Not Implemented
    [价格] 腾讯K线无数据，改用新浪K线兜底(sz160225)
    [价格] 腾讯K线失败(sz161130) https://web.ifzq.gtimg.cn/appstock/app/fqkline/get?param=sz161130,day,,,15,qfq: HTTP Error 501: Not Implemented
    [价格] 腾讯K线无数据，改用新浪K线兜底(sz161130)
    [价格] 腾讯K线失败(sz160416) https://web.ifzq.gtimg.cn/appstock/app/fqkline/get?param=sz160416,day,,,15,qfq: HTTP Error 501: Not Implemented
    [价格] 腾讯K线无数据，改用新浪K线兜底(sz160416)
    [价格] 腾讯K线失败(sz160922) https://web.ifzq.gtimg.cn/appstock/app/fqkline/get?param=sz160922,day,,,15,qfq: HTTP Error 501: Not Implemented
    [价格] 腾讯K线无数据，改用新浪K线兜底(sz160922)
    [价格] 腾讯K线失败(sz161127) https://web.ifzq.gtimg.cn/appstock/app/fqkline/get?param=sz161127,day,,,15,qfq: HTTP Error 501: Not Implemented
    [价格] 腾讯K线无数据，改用新浪K线兜底(sz161127)
    [价格] 腾讯K线失败(sz161226) https://web.ifzq.gtimg.cn/appstock/app/fqkline/get?param=sz161226,day,,,15,qfq: HTTP Error 501: Not Implemented
    [价格] 腾讯K线无数据，改用新浪K线兜底(sz161226)
    [价格] 腾讯K线失败(sz161725) https://web.ifzq.gtimg.cn/appstock/app/fqkline/get?param=sz161725,day,,,15,qfq: HTTP Error 501: Not Implemented
    [价格] 腾讯K线无数据，改用新浪K线兜底(sz161725)
    [价格] 腾讯K线失败(sz160415) https://web.ifzq.gtimg.cn/appstock/app/fqkline/get?param=sz160415,day,,,15,qfq: HTTP Error 501: Not Implemented
    [价格] 腾讯K线无数据，改用新浪K线兜底(sz160415)
    [价格] 腾讯K线失败(sz162719) https://web.ifzq.gtimg.cn/appstock/app/fqkline/get?param=sz162719,day,,,15,qfq: HTTP Error 501: Not Implemented
    [价格] 腾讯K线无数据，改用新浪K线兜底(sz162719)
    [价格] 腾讯K线失败(sz160644) https://web.ifzq.gtimg.cn/appstock/app/fqkline/get?param=sz160644,day,,,15,qfq: HTTP Error 501: Not Implemented
    [价格] 腾讯K线无数据，改用新浪K线兜底(sz160644)
    [价格] 腾讯K线失败(sh501025) https://web.ifzq.gtimg.cn/appstock/app/fqkline/get?param=sh501025,day,,,15,qfq: HTTP Error 501: Not Implemented
    [价格] 腾讯K线无数据，改用新浪K线兜底(sh501025)
    [价格] 腾讯K线失败(sh501012) https://web.ifzq.gtimg.cn/appstock/app/fqkline/get?param=sh501012,day,,,15,qfq: HTTP Error 501: Not Implemented
    [价格] 腾讯K线无数据，改用新浪K线兜底(sh501012)
    [价格] 腾讯K线失败(sz161125) https://web.ifzq.gtimg.cn/appstock/app/fqkline/get?param=sz161125,day,,,15,qfq: HTTP Error 501: Not Implemented
    [价格] 腾讯K线无数据，改用新浪K线兜底(sz161125)
    [价格] 腾讯K线失败(sz161128) https://web.ifzq.gtimg.cn/appstock/app/fqkline/get?param=sz161128,day,,,15,qfq: HTTP Error 501: Not Implemented
    [价格] 腾讯K线无数据，改用新浪K线兜底(sz161128)
    [价格] 腾讯K线失败(sz161040) https://web.ifzq.gtimg.cn/appstock/app/fqkline/get?param=sz161040,day,,,15,qfq: HTTP Error 501: Not Implemented
    [价格] 腾讯K线无数据，改用新浪K线兜底(sz161040)
    [价格] 腾讯K线失败(sz161812) https://web.ifzq.gtimg.cn/appstock/app/fqkline/get?param=sz161812,day,,,15,qfq: HTTP Error 501: Not Implemented
    [价格] 腾讯K线无数据，改用新浪K线兜底(sz161812)
    [价格] 腾讯K线失败(sz160723) https://web.ifzq.gtimg.cn/appstock/app/fqkline/get?param=sz160723,day,,,15,qfq: HTTP Error 501: Not Implemented
    [价格] 腾讯K线无数据，改用新浪K线兜底(sz160723)
    [价格] 腾讯K线失败(sh501018) https://web.ifzq.gtimg.cn/appstock/app/fqkline/get?param=sh501018,day,,,15,qfq: HTTP Error 501: Not Implemented
    [价格] 腾讯K线无数据，改用新浪K线兜底(sh501018)
    [价格] 腾讯K线失败(sz161129) https://web.ifzq.gtimg.cn/appstock/app/fqkline/get?param=sz161129,day,,,15,qfq: HTTP Error 501: Not Implemented
    [价格] 腾讯K线无数据，改用新浪K线兜底(sz161129)
    [价格] 腾讯K线失败(sh501225) https://web.ifzq.gtimg.cn/appstock/app/fqkline/get?param=sh501225,day,,,15,qfq: HTTP Error 501: Not Implemented
    [价格] 腾讯K线无数据，改用新浪K线兜底(sh501225)
    [价格] 腾讯K线失败(sh501018) https://web.ifzq.gtimg.cn/appstock/app/fqkline/get?param=sh501018,day,,,15,qfq: HTTP Error 501: Not Implemented
    [价格] 腾讯K线无数据，改用新浪K线兜底(sh501018)
    [价格] 腾讯K线失败(sh518850) https://web.ifzq.gtimg.cn/appstock/app/fqkline/get?param=sh518850,day,,,15,qfq: HTTP Error 501: Not Implemented
    [价格] 腾讯K线无数据，改用新浪K线兜底(sh518850)
    [价格] 腾讯K线失败(sz161226) https://web.ifzq.gtimg.cn/appstock/app/fqkline/get?param=sz161226,day,,,15,qfq: HTTP Error 501: Not Implemented
    [价格] 腾讯K线无数据，改用新浪K线兜底(sz161226)
    [价格] 腾讯K线失败(sh513310) https://web.ifzq.gtimg.cn/appstock/app/fqkline/get?param=sh513310,day,,,15,qfq: HTTP Error 501: Not Implemented
    [价格] 腾讯K线无数据，改用新浪K线兜底(sh513310)
    [价格] 腾讯K线失败(sz159501) https://web.ifzq.gtimg.cn/appstock/app/fqkline/get?param=sz159501,day,,,15,qfq: HTTP Error 501: Not Implemented
    [价格] 腾讯K线无数据，改用新浪K线兜底(sz159501)
    [价格] 腾讯K线失败(sh513520) https://web.ifzq.gtimg.cn/appstock/app/fqkline/get?param=sh513520,day,,,15,qfq: HTTP Error 501: Not Implemented
    [价格] 腾讯K线无数据，改用新浪K线兜底(sh513520)
    [价格] 腾讯K线失败(sh513290) https://web.ifzq.gtimg.cn/appstock/app/fqkline/get?param=sh513290,day,,,15,qfq: HTTP Error 501: Not Implemented
    [价格] 腾讯K线无数据，改用新浪K线兜底(sh513290)
    [价格] 腾讯K线失败(sh513120) https://web.ifzq.gtimg.cn/appstock/app/fqkline/get?param=sh513120,day,,,15,qfq: HTTP Error 501: Not Implemented
    [价格] 腾讯K线无数据，改用新浪K线兜底(sh513120)
    [价格] 腾讯K线失败(sh513130) https://web.ifzq.gtimg.cn/appstock/app/fqkline/get?param=sh513130,day,,,15,qfq: HTTP Error 501: Not Implemented
    [价格] 腾讯K线无数据，改用新浪K线兜底(sh513130)
    [价格] 腾讯K线失败(sz160644) https://web.ifzq.gtimg.cn/appstock/app/fqkline/get?param=sz160644,day,,,15,qfq: HTTP Error 501: Not Implemented
    [价格] 腾讯K线无数据，改用新浪K线兜底(sz160644)
    [价格] 腾讯K线失败(sz159985) https://web.ifzq.gtimg.cn/appstock/app/fqkline/get?param=sz159985,day,,,15,qfq: HTTP Error 501: Not Implemented
    [价格] 腾讯K线无数据，改用新浪K线兜底(sz159985)
    [价格] 腾讯K线失败(sz159545) https://web.ifzq.gtimg.cn/appstock/app/fqkline/get?param=sz159545,day,,,15,qfq: HTTP Error 501: Not Implemented
    [价格] 腾讯K线无数据，改用新浪K线兜底(sz159545)
    [价格] 腾讯K线失败(sh515880) https://web.ifzq.gtimg.cn/appstock/app/fqkline/get?param=sh515880,day,,,15,qfq: HTTP Error 501: Not Implemented
    [价格] 腾讯K线无数据，改用新浪K线兜底(sh515880)
    [价格] 腾讯K线失败(sh511130) https://web.ifzq.gtimg.cn/appstock/app/fqkline/get?param=sh511130,day,,,15,qfq: HTTP Error 501: Not Implemented
    [价格] 腾讯K线无数据，改用新浪K线兜底(sh511130)
    [价格] 腾讯K线失败(sz159516) https://web.ifzq.gtimg.cn/appstock/app/fqkline/get?param=sz159516,day,,,15,qfq: HTTP Error 501: Not Implemented
    [价格] 腾讯K线无数据，改用新浪K线兜底(sz159516)
    [价格] 腾讯K线失败(sz159819) https://web.ifzq.gtimg.cn/appstock/app/fqkline/get?param=sz159819,day,,,15,qfq: HTTP Error 501: Not Implemented
    [价格] 腾讯K线无数据，改用新浪K线兜底(sz159819)
    [价格] 腾讯K线失败(sz159201) https://web.ifzq.gtimg.cn/appstock/app/fqkline/get?param=sz159201,day,,,15,qfq: HTTP Error 501: Not Implemented
    [价格] 腾讯K线无数据，改用新浪K线兜底(sz159201)
    [价格] 腾讯K线失败(sz159509) https://web.ifzq.gtimg.cn/appstock/app/fqkline/get?param=sz159509,day,,,15,qfq: HTTP Error 501: Not Implemented
    [价格] 腾讯K线无数据，改用新浪K线兜底(sz159509)
    [价格] 腾讯K线失败(sz161128) https://web.ifzq.gtimg.cn/appstock/app/fqkline/get?param=sz161128,day,,,15,qfq: HTTP Error 501: Not Implemented
    [价格] 腾讯K线无数据，改用新浪K线兜底(sz161128)
    [价格] 腾讯K线失败(sh588200) https://web.ifzq.gtimg.cn/appstock/app/fqkline/get?param=sh588200,day,,,15,qfq: HTTP Error 501: Not Implemented
    [价格] 腾讯K线无数据，改用新浪K线兜底(sh588200)
    [价格] 腾讯K线失败(sz159552) https://web.ifzq.gtimg.cn/appstock/app/fqkline/get?param=sz159552,day,,,15,qfq: HTTP Error 501: Not Implemented
    [价格] 腾讯K线无数据，改用新浪K线兜底(sz159552)
    [价格] 腾讯K线失败(sh561550) https://web.ifzq.gtimg.cn/appstock/app/fqkline/get?param=sh561550,day,,,15,qfq: HTTP Error 501: Not Implemented
    [价格] 腾讯K线无数据，改用新浪K线兜底(sh561550)
    [价格] 腾讯K线失败(sh562800) https://web.ifzq.gtimg.cn/appstock/app/fqkline/get?param=sh562800,day,,,15,qfq: HTTP Error 501: Not Implemented
    [价格] 腾讯K线无数据，改用新浪K线兜底(sh562800)
    [价格] 腾讯K线失败(sh511380) https://web.ifzq.gtimg.cn/appstock/app/fqkline/get?param=sh511380,day,,,15,qfq: HTTP Error 501: Not Implemented
    [价格] 腾讯K线无数据，改用新浪K线兜底(sh511380)
    [价格] 腾讯K线失败(sz159530) https://web.ifzq.gtimg.cn/appstock/app/fqkline/get?param=sz159530,day,,,15,qfq: HTTP Error 501: Not Implemented
    [价格] 腾讯K线无数据，改用新浪K线兜底(sz159530)
    [价格] 腾讯K线失败(sh520870) https://web.ifzq.gtimg.cn/appstock/app/fqkline/get?param=sh520870,day,,,15,qfq: HTTP Error 501: Not Implemented
    [价格] 腾讯K线无数据，改用新浪K线兜底(sh520870)
    [价格] 腾讯K线失败(sz159326) https://web.ifzq.gtimg.cn/appstock/app/fqkline/get?param=sz159326,day,,,15,qfq: HTTP Error 501: Not Implemented
    [价格] 腾讯K线无数据，改用新浪K线兜底(sz159326)
    [价格] 腾讯K线失败(sh515030) https://web.ifzq.gtimg.cn/appstock/app/fqkline/get?param=sh515030,day,,,15,qfq: HTTP Error 501: Not Implemented
    [价格] 腾讯K线无数据，改用新浪K线兜底(sh515030)
    [价格] 腾讯K线失败(sz159218) https://web.ifzq.gtimg.cn/appstock/app/fqkline/get?param=sz159218,day,,,15,qfq: HTTP Error 501: Not Implemented
    [价格] 腾讯K线无数据，改用新浪K线兜底(sz159218)
    [价格] 腾讯K线失败(sh513750) https://web.ifzq.gtimg.cn/appstock/app/fqkline/get?param=sh513750,day,,,15,qfq: HTTP Error 501: Not Implemented
    [价格] 腾讯K线无数据，改用新浪K线兜底(sh513750)
    [价格] 腾讯K线失败(sz162411) https://web.ifzq.gtimg.cn/appstock/app/fqkline/get?param=sz162411,day,,,15,qfq: HTTP Error 501: Not Implemented
    [价格] 腾讯K线无数据，改用新浪K线兜底(sz162411)
    [价格] 腾讯K线失败(sh513690) https://web.ifzq.gtimg.cn/appstock/app/fqkline/get?param=sh513690,day,,,15,qfq: HTTP Error 501: Not Implemented
    [价格] 腾讯K线无数据，改用新浪K线兜底(sh513690)
    [价格] 腾讯K线失败(sh501312) https://web.ifzq.gtimg.cn/appstock/app/fqkline/get?param=sh501312,day,,,15,qfq: HTTP Error 501: Not Implemented
    [价格] 腾讯K线无数据，改用新浪K线兜底(sh501312)
    [价格] 腾讯K线失败(sz161129) https://web.ifzq.gtimg.cn/appstock/app/fqkline/get?param=sz161129,day,,,15,qfq: HTTP Error 501: Not Implemented
    [价格] 腾讯K线无数据，改用新浪K线兜底(sz161129)
    [价格] 腾讯K线失败(sz161130) https://web.ifzq.gtimg.cn/appstock/app/fqkline/get?param=sz161130,day,,,15,qfq: HTTP Error 501: Not Implemented
    [价格] 腾讯K线无数据，改用新浪K线兜底(sz161130)
    [价格] 腾讯K线失败(sz160719) https://web.ifzq.gtimg.cn/appstock/app/fqkline/get?param=sz160719,day,,,15,qfq: HTTP Error 501: Not Implemented
    [价格] 腾讯K线无数据，改用新浪K线兜底(sz160719)
    [价格] 腾讯K线失败(sz161124) https://web.ifzq.gtimg.cn/appstock/app/fqkline/get?param=sz161124,day,,,15,qfq: HTTP Error 501: Not Implemented
    [价格] 腾讯K线无数据，改用新浪K线兜底(sz161124)
    [价格] 腾讯K线失败(sh515220) https://web.ifzq.gtimg.cn/appstock/app/fqkline/get?param=sh515220,day,,,15,qfq: HTTP Error 501: Not Implemented
    [价格] 腾讯K线无数据，改用新浪K线兜底(sh515220)
    [价格] 腾讯K线失败(sz160216) https://web.ifzq.gtimg.cn/appstock/app/fqkline/get?param=sz160216,day,,,15,qfq: HTTP Error 501: Not Implemented
    [价格] 腾讯K线无数据，改用新浪K线兜底(sz160216)
    [价格] 腾讯K线失败(sz160723) https://web.ifzq.gtimg.cn/appstock/app/fqkline/get?param=sz160723,day,,,15,qfq: HTTP Error 501: Not Implemented
    [价格] 腾讯K线无数据，改用新浪K线兜底(sz160723)
    [价格] 腾讯K线失败(sh501012) https://web.ifzq.gtimg.cn/appstock/app/fqkline/get?param=sh501012,day,,,15,qfq: HTTP Error 501: Not Implemented
    [价格] 腾讯K线无数据，改用新浪K线兜底(sh501012)
    [价格] 腾讯K线失败(sz161125) https://web.ifzq.gtimg.cn/appstock/app/fqkline/get?param=sz161125,day,,,15,qfq: HTTP Error 501: Not Implemented
    [价格] 腾讯K线无数据，改用新浪K线兜底(sz161125)
    [价格] 腾讯K线失败(sh501025) https://web.ifzq.gtimg.cn/appstock/app/fqkline/get?param=sh501025,day,,,15,qfq: HTTP Error 501: Not Implemented
    [价格] 腾讯K线无数据，改用新浪K线兜底(sh501025)
    [价格] 腾讯K线失败(sh501225) https://web.ifzq.gtimg.cn/appstock/app/fqkline/get?param=sh501225,day,,,15,qfq: HTTP Error 501: Not Implemented
    [价格] 腾讯K线无数据，改用新浪K线兜底(sh501225)
    [价格] 腾讯K线失败(sz160140) https://web.ifzq.gtimg.cn/appstock/app/fqkline/get?param=sz160140,day,,,15,qfq: HTTP Error 501: Not Implemented
    [价格] 腾讯K线无数据，改用新浪K线兜底(sz160140)
>>> [162411] 华宝标普油气上游股票人民币A · 计算30日/显示10日 ｜ 标的=XOP ｜ 模式=index
    净值 35 条，最新: ('2026-07-24', 0.9195)
    [兜底] 东财价格失败：Remote end closed connection without response
    价格 [新浪财经] 35 条，最新: ('2026-07-27', 0.888)
    汇率 281 天，最新: ('2026-07-28', 6.76615)
    标的 [stockanalysis.com] 35 条，最新: ('2026-07-24', 174.05)
    最近 10 个交易日 -> 命中 10 个
    [价格] 腾讯K线失败(sz160140) https://web.ifzq.gtimg.cn/appstock/app/fqkline/get?param=sz160140,day,,,15,qfq: HTTP Error 501: Not Implemented
    [价格] 腾讯K线无数据，改用新浪K线兜底(sz160140)
    [价格] 腾讯K线失败(sh501312) https://web.ifzq.gtimg.cn/appstock/app/fqkline/get?param=sh501312,day,,,15,qfq: HTTP Error 501: Not Implemented
    [价格] 腾讯K线无数据，改用新浪K线兜底(sh501312)
    [价格] 腾讯K线失败(sz164906) https://web.ifzq.gtimg.cn/appstock/app/fqkline/get?param=sz164906,day,,,15,qfq: HTTP Error 501: Not Implemented
    [价格] 腾讯K线无数据，改用新浪K线兜底(sz164906)
    [价格] 腾讯K线失败(sz160719) https://web.ifzq.gtimg.cn/appstock/app/fqkline/get?param=sz160719,day,,,15,qfq: HTTP Error 501: Not Implemented
    [价格] 腾讯K线无数据，改用新浪K线兜底(sz160719)
    [价格] 腾讯K线失败(sz164705) https://web.ifzq.gtimg.cn/appstock/app/fqkline/get?param=sz164705,day,,,15,qfq: HTTP Error 501: Not Implemented
    [价格] 腾讯K线无数据，改用新浪K线兜底(sz164705)
    [价格] 腾讯K线失败(sh501300) https://web.ifzq.gtimg.cn/appstock/app/fqkline/get?param=sh501300,day,,,15,qfq: HTTP Error 501: Not Implemented
    [价格] 腾讯K线无数据，改用新浪K线兜底(sh501300)
    [价格] 腾讯K线失败(sz164824) https://web.ifzq.gtimg.cn/appstock/app/fqkline/get?param=sz164824,day,,,15,qfq: HTTP Error 501: Not Implemented
    [价格] 腾讯K线无数据，改用新浪K线兜底(sz164824)
    [价格] 腾讯K线失败(sz160717) https://web.ifzq.gtimg.cn/appstock/app/fqkline/get?param=sz160717,day,,,15,qfq: HTTP Error 501: Not Implemented
    [价格] 腾讯K线无数据，改用新浪K线兜底(sz160717)
    [价格] 腾讯K线失败(sz161831) https://web.ifzq.gtimg.cn/appstock/app/fqkline/get?param=sz161831,day,,,15,qfq: HTTP Error 501: Not Implemented
    [价格] 腾讯K线无数据，改用新浪K线兜底(sz161831)
    [价格] 腾讯K线失败(sz160632) https://web.ifzq.gtimg.cn/appstock/app/fqkline/get?param=sz160632,day,,,15,qfq: HTTP Error 501: Not Implemented
    [价格] 腾讯K线无数据，改用新浪K线兜底(sz160632)
    [价格] 腾讯K线失败(sz161116) https://web.ifzq.gtimg.cn/appstock/app/fqkline/get?param=sz161116,day,,,15,qfq: HTTP Error 501: Not Implemented
    [价格] 腾讯K线无数据，改用新浪K线兜底(sz161116)
    [价格] 腾讯K线失败(sz167301) https://web.ifzq.gtimg.cn/appstock/app/fqkline/get?param=sz167301,day,,,15,qfq: HTTP Error 501: Not Implemented
    [价格] 腾讯K线无数据，改用新浪K线兜底(sz167301)
    [价格] 腾讯K线失败(sz160924) https://web.ifzq.gtimg.cn/appstock/app/fqkline/get?param=sz160924,day,,,15,qfq: HTTP Error 501: Not Implemented
    [价格] 腾讯K线无数据，改用新浪K线兜底(sz160924)
    [价格] 腾讯K线失败(sz161124) https://web.ifzq.gtimg.cn/appstock/app/fqkline/get?param=sz161124,day,,,15,qfq: HTTP Error 501: Not Implemented
    [价格] 腾讯K线无数据，改用新浪K线兜底(sz161124)
    [价格] 腾讯K线失败(sz164701) https://web.ifzq.gtimg.cn/appstock/app/fqkline/get?param=sz164701,day,,,15,qfq: HTTP Error 501: Not Implemented
    [价格] 腾讯K线无数据，改用新浪K线兜底(sz164701)
    [价格] 腾讯K线失败(sz161126) https://web.ifzq.gtimg.cn/appstock/app/fqkline/get?param=sz161126,day,,,15,qfq: HTTP Error 501: Not Implemented
    [价格] 腾讯K线无数据，改用新浪K线兜底(sz161126)
    [价格] 腾讯K线失败(sz164812) https://web.ifzq.gtimg.cn/appstock/app/fqkline/get?param=sz164812,day,,,15,qfq: HTTP Error 501: Not Implemented
    [价格] 腾讯K线无数据，改用新浪K线兜底(sz164812)
    [价格] 腾讯K线失败(sz163208) https://web.ifzq.gtimg.cn/appstock/app/fqkline/get?param=sz163208,day,,,15,qfq: HTTP Error 501: Not Implemented
    [价格] 腾讯K线无数据，改用新浪K线兜底(sz163208)
    [价格] 腾讯K线失败(sz160216) https://web.ifzq.gtimg.cn/appstock/app/fqkline/get?param=sz160216,day,,,15,qfq: HTTP Error 501: Not Implemented
    [价格] 腾讯K线无数据，改用新浪K线兜底(sz160216)
    [价格] 腾讯K线失败(sz160639) https://web.ifzq.gtimg.cn/appstock/app/fqkline/get?param=sz160639,day,,,15,qfq: HTTP Error 501: Not Implemented
    [价格] 腾讯K线无数据，改用新浪K线兜底(sz160639)
    [价格] 腾讯K线失败(sz160143) https://web.ifzq.gtimg.cn/appstock/app/fqkline/get?param=sz160143,day,,,15,qfq: HTTP Error 501: Not Implemented
    [价格] 腾讯K线无数据，改用新浪K线兜底(sz160143)
    [价格] 腾讯K线失败(sz160225) https://web.ifzq.gtimg.cn/appstock/app/fqkline/get?param=sz160225,day,,,15,qfq: HTTP Error 501: Not Implemented
    [价格] 腾讯K线无数据，改用新浪K线兜底(sz160225)
    [价格] 腾讯K线失败(sz160416) https://web.ifzq.gtimg.cn/appstock/app/fqkline/get?param=sz160416,day,,,15,qfq: HTTP Error 501: Not Implemented
    [价格] 腾讯K线无数据，改用新浪K线兜底(sz160416)
    [价格] 腾讯K线失败(sz161032) https://web.ifzq.gtimg.cn/appstock/app/fqkline/get?param=sz161032,day,,,15,qfq: HTTP Error 501: Not Implemented
    [价格] 腾讯K线无数据，改用新浪K线兜底(sz161032)
    [价格] 腾讯K线失败(sz161130) https://web.ifzq.gtimg.cn/appstock/app/fqkline/get?param=sz161130,day,,,15,qfq: HTTP Error 501: Not Implemented
    [价格] 腾讯K线无数据，改用新浪K线兜底(sz161130)
    [价格] 腾讯K线失败(sz160922) https://web.ifzq.gtimg.cn/appstock/app/fqkline/get?param=sz160922,day,,,15,qfq: HTTP Error 501: Not Implemented
    [价格] 腾讯K线无数据，改用新浪K线兜底(sz160922)
    [价格] 腾讯K线失败(sz161127) https://web.ifzq.gtimg.cn/appstock/app/fqkline/get?param=sz161127,day,,,15,qfq: HTTP Error 501: Not Implemented
    [价格] 腾讯K线无数据，改用新浪K线兜底(sz161127)
    [价格] 腾讯K线失败(sz161226) https://web.ifzq.gtimg.cn/appstock/app/fqkline/get?param=sz161226,day,,,15,qfq: HTTP Error 501: Not Implemented
    [价格] 腾讯K线无数据，改用新浪K线兜底(sz161226)
    [价格] 腾讯K线失败(sz161725) https://web.ifzq.gtimg.cn/appstock/app/fqkline/get?param=sz161725,day,,,15,qfq: HTTP Error 501: Not Implemented
    [价格] 腾讯K线无数据，改用新浪K线兜底(sz161725)
    [价格] 腾讯K线失败(sz160415) https://web.ifzq.gtimg.cn/appstock/app/fqkline/get?param=sz160415,day,,,15,qfq: HTTP Error 501: Not Implemented
    [价格] 腾讯K线无数据，改用新浪K线兜底(sz160415)
    [价格] 腾讯K线失败(sz160644) https://web.ifzq.gtimg.cn/appstock/app/fqkline/get?param=sz160644,day,,,15,qfq: HTTP Error 501: Not Implemented
    [价格] 腾讯K线无数据，改用新浪K线兜底(sz160644)
    [价格] 腾讯K线失败(sh501025) https://web.ifzq.gtimg.cn/appstock/app/fqkline/get?param=sh501025,day,,,15,qfq: HTTP Error 501: Not Implemented
    [价格] 腾讯K线无数据，改用新浪K线兜底(sh501025)
    [价格] 腾讯K线失败(sh501012) https://web.ifzq.gtimg.cn/appstock/app/fqkline/get?param=sh501012,day,,,15,qfq: HTTP Error 501: Not Implemented
    [价格] 腾讯K线无数据，改用新浪K线兜底(sh501012)
    [价格] 腾讯K线失败(sz161040) https://web.ifzq.gtimg.cn/appstock/app/fqkline/get?param=sz161040,day,,,15,qfq: HTTP Error 501: Not Implemented
    [价格] 腾讯K线无数据，改用新浪K线兜底(sz161040)
    [价格] 腾讯K线失败(sz161125) https://web.ifzq.gtimg.cn/appstock/app/fqkline/get?param=sz161125,day,,,15,qfq: HTTP Error 501: Not Implemented
    [价格] 腾讯K线无数据，改用新浪K线兜底(sz161125)
    [价格] 腾讯K线失败(sh501018) https://web.ifzq.gtimg.cn/appstock/app/fqkline/get?param=sh501018,day,,,15,qfq: HTTP Error 501: Not Implemented
    [价格] 腾讯K线无数据，改用新浪K线兜底(sh501018)
    [价格] 腾讯K线失败(sz161812) https://web.ifzq.gtimg.cn/appstock/app/fqkline/get?param=sz161812,day,,,15,qfq: HTTP Error 501: Not Implemented
    [价格] 腾讯K线无数据，改用新浪K线兜底(sz161812)
    [价格] 腾讯K线失败(sz161128) https://web.ifzq.gtimg.cn/appstock/app/fqkline/get?param=sz161128,day,,,15,qfq: HTTP Error 501: Not Implemented
    [价格] 腾讯K线无数据，改用新浪K线兜底(sz161128)
    [价格] 腾讯K线失败(sz162719) https://web.ifzq.gtimg.cn/appstock/app/fqkline/get?param=sz162719,day,,,15,qfq: HTTP Error 501: Not Implemented
    [价格] 腾讯K线无数据，改用新浪K线兜底(sz162719)
    [价格] 腾讯K线失败(sz160723) https://web.ifzq.gtimg.cn/appstock/app/fqkline/get?param=sz160723,day,,,15,qfq: HTTP Error 501: Not Implemented
    [价格] 腾讯K线无数据，改用新浪K线兜底(sz160723)
    [价格] 腾讯K线失败(sz161129) https://web.ifzq.gtimg.cn/appstock/app/fqkline/get?param=sz161129,day,,,15,qfq: HTTP Error 501: Not Implemented
    [价格] 腾讯K线无数据，改用新浪K线兜底(sz161129)
    [价格] 腾讯K线失败(sh501225) https://web.ifzq.gtimg.cn/appstock/app/fqkline/get?param=sh501225,day,,,15,qfq: HTTP Error 501: Not Implemented
    [价格] 腾讯K线无数据，改用新浪K线兜底(sh501225)
>>> [162411] 华宝标普油气上游股票人民币A · 计算30日/显示10日 ｜ 标的=XOP ｜ 模式=index
    净值 35 条，最新: ('2026-07-24', 0.9195)
    [兜底] 东财价格失败：Remote end closed connection without response
    价格 [新浪财经] 35 条，最新: ('2026-07-27', 0.888)
    汇率 281 天，最新: ('2026-07-28', 6.76615)
    标的 [stockanalysis.com] 35 条，最新: ('2026-07-24', 174.05)
    最近 10 个交易日 -> 命中 10 个
    [价格] 腾讯K线失败(sz160140) https://web.ifzq.gtimg.cn/appstock/app/fqkline/get?param=sz160140,day,,,15,qfq: HTTP Error 501: Not Implemented
    [价格] 腾讯K线无数据，改用新浪K线兜底(sz160140)
    [价格] 腾讯K线失败(sz160717) https://web.ifzq.gtimg.cn/appstock/app/fqkline/get?param=sz160717,day,,,15,qfq: HTTP Error 501: Not Implemented
    [价格] 腾讯K线无数据，改用新浪K线兜底(sz160717)
    [价格] 腾讯K线失败(sz164705) https://web.ifzq.gtimg.cn/appstock/app/fqkline/get?param=sz164705,day,,,15,qfq: HTTP Error 501: Not Implemented
    [价格] 腾讯K线无数据，改用新浪K线兜底(sz164705)
    [价格] 腾讯K线失败(sh501300) https://web.ifzq.gtimg.cn/appstock/app/fqkline/get?param=sh501300,day,,,15,qfq: HTTP Error 501: Not Implemented
    [价格] 腾讯K线无数据，改用新浪K线兜底(sh501300)
    [价格] 腾讯K线失败(sh501312) https://web.ifzq.gtimg.cn/appstock/app/fqkline/get?param=sh501312,day,,,15,qfq: HTTP Error 501: Not Implemented    [价格] 腾讯K线失败(sz164824) https://web.ifzq.gtimg.cn/appstock/app/fqkline/get?param=sz164824,day,,,15,qfq: HTTP Error 501: Not Implemented
    [价格] 腾讯K线无数据，改用新浪K线兜底(sz164824)

    [价格] 腾讯K线无数据，改用新浪K线兜底(sh501312)
    [价格] 腾讯K线失败(sz160719) https://web.ifzq.gtimg.cn/appstock/app/fqkline/get?param=sz160719,day,,,15,qfq: HTTP Error 501: Not Implemented
    [价格] 腾讯K线无数据，改用新浪K线兜底(sz160719)
    [价格] 腾讯K线失败(sz164906) https://web.ifzq.gtimg.cn/appstock/app/fqkline/get?param=sz164906,day,,,15,qfq: HTTP Error 501: Not Implemented
    [价格] 腾讯K线无数据，改用新浪K线兜底(sz164906)
    [价格] 腾讯K线失败(sz161116) https://web.ifzq.gtimg.cn/appstock/app/fqkline/get?param=sz161116,day,,,15,qfq: HTTP Error 501: Not Implemented
    [价格] 腾讯K线无数据，改用新浪K线兜底(sz161116)
    [价格] 腾讯K线失败(sz160632) https://web.ifzq.gtimg.cn/appstock/app/fqkline/get?param=sz160632,day,,,15,qfq: HTTP Error 501: Not Implemented
    [价格] 腾讯K线无数据，改用新浪K线兜底(sz160632)
    [价格] 腾讯K线失败(sz161831) https://web.ifzq.gtimg.cn/appstock/app/fqkline/get?param=sz161831,day,,,15,qfq: HTTP Error 501: Not Implemented
    [价格] 腾讯K线无数据，改用新浪K线兜底(sz161831)
    [价格] 腾讯K线失败(sz161124) https://web.ifzq.gtimg.cn/appstock/app/fqkline/get?param=sz161124,day,,,15,qfq: HTTP Error 501: Not Implemented
    [价格] 腾讯K线无数据，改用新浪K线兜底(sz161124)
    [价格] 腾讯K线失败(sz160924) https://web.ifzq.gtimg.cn/appstock/app/fqkline/get?param=sz160924,day,,,15,qfq: HTTP Error 501: Not Implemented
    [价格] 腾讯K线无数据，改用新浪K线兜底(sz160924)
    [价格] 腾讯K线失败(sz167301) https://web.ifzq.gtimg.cn/appstock/app/fqkline/get?param=sz167301,day,,,15,qfq: HTTP Error 501: Not Implemented
    [价格] 腾讯K线无数据，改用新浪K线兜底(sz167301)
    [价格] 腾讯K线失败(sz161126) https://web.ifzq.gtimg.cn/appstock/app/fqkline/get?param=sz161126,day,,,15,qfq: HTTP Error 501: Not Implemented
    [价格] 腾讯K线无数据，改用新浪K线兜底(sz161126)
    [价格] 腾讯K线失败(sz164701) https://web.ifzq.gtimg.cn/appstock/app/fqkline/get?param=sz164701,day,,,15,qfq: HTTP Error 501: Not Implemented
    [价格] 腾讯K线无数据，改用新浪K线兜底(sz164701)
    [价格] 腾讯K线失败(sz160639) https://web.ifzq.gtimg.cn/appstock/app/fqkline/get?param=sz160639,day,,,15,qfq: HTTP Error 501: Not Implemented
    [价格] 腾讯K线无数据，改用新浪K线兜底(sz160639)
    [价格] 腾讯K线失败(sz163208) https://web.ifzq.gtimg.cn/appstock/app/fqkline/get?param=sz163208,day,,,15,qfq: HTTP Error 501: Not Implemented
    [价格] 腾讯K线无数据，改用新浪K线兜底(sz163208)
    [价格] 腾讯K线失败(sz160216) https://web.ifzq.gtimg.cn/appstock/app/fqkline/get?param=sz160216,day,,,15,qfq: HTTP Error 501: Not Implemented
    [价格] 腾讯K线无数据，改用新浪K线兜底(sz160216)
    [价格] 腾讯K线失败(sz160143) https://web.ifzq.gtimg.cn/appstock/app/fqkline/get?param=sz160143,day,,,15,qfq: HTTP Error 501: Not Implemented
    [价格] 腾讯K线无数据，改用新浪K线兜底(sz160143)
    [价格] 腾讯K线失败(sz160225) https://web.ifzq.gtimg.cn/appstock/app/fqkline/get?param=sz160225,day,,,15,qfq: HTTP Error 501: Not Implemented
    [价格] 腾讯K线无数据，改用新浪K线兜底(sz160225)
    [价格] 腾讯K线失败(sz161032) https://web.ifzq.gtimg.cn/appstock/app/fqkline/get?param=sz161032,day,,,15,qfq: HTTP Error 501: Not Implemented
    [价格] 腾讯K线无数据，改用新浪K线兜底(sz161032)
    [价格] 腾讯K线失败(sz164812) https://web.ifzq.gtimg.cn/appstock/app/fqkline/get?param=sz164812,day,,,15,qfq: HTTP Error 501: Not Implemented
    [价格] 腾讯K线无数据，改用新浪K线兜底(sz164812)
    [价格] 腾讯K线失败(sz160922) https://web.ifzq.gtimg.cn/appstock/app/fqkline/get?param=sz160922,day,,,15,qfq: HTTP Error 501: Not Implemented
    [价格] 腾讯K线无数据，改用新浪K线兜底(sz160922)
    [价格] 腾讯K线失败(sz161127) https://web.ifzq.gtimg.cn/appstock/app/fqkline/get?param=sz161127,day,,,15,qfq: HTTP Error 501: Not Implemented
    [价格] 腾讯K线无数据，改用新浪K线兜底(sz161127)
    [价格] 腾讯K线失败(sz160415) https://web.ifzq.gtimg.cn/appstock/app/fqkline/get?param=sz160415,day,,,15,qfq: HTTP Error 501: Not Implemented
    [价格] 腾讯K线无数据，改用新浪K线兜底(sz160415)
    [价格] 腾讯K线失败(sz160416) https://web.ifzq.gtimg.cn/appstock/app/fqkline/get?param=sz160416,day,,,15,qfq: HTTP Error 501: Not Implemented
    [价格] 腾讯K线无数据，改用新浪K线兜底(sz160416)
    [价格] 腾讯K线失败(sz161226) https://web.ifzq.gtimg.cn/appstock/app/fqkline/get?param=sz161226,day,,,15,qfq: HTTP Error 501: Not Implemented
    [价格] 腾讯K线无数据，改用新浪K线兜底(sz161226)
    [价格] 腾讯K线失败(sz160644) https://web.ifzq.gtimg.cn/appstock/app/fqkline/get?param=sz160644,day,,,15,qfq: HTTP Error 501: Not Implemented
    [价格] 腾讯K线无数据，改用新浪K线兜底(sz160644)
    [价格] 腾讯K线失败(sz161130) https://web.ifzq.gtimg.cn/appstock/app/fqkline/get?param=sz161130,day,,,15,qfq: HTTP Error 501: Not Implemented
    [价格] 腾讯K线无数据，改用新浪K线兜底(sz161130)
    [价格] 腾讯K线失败(sz161725) https://web.ifzq.gtimg.cn/appstock/app/fqkline/get?param=sz161725,day,,,15,qfq: HTTP Error 501: Not Implemented
    [价格] 腾讯K线无数据，改用新浪K线兜底(sz161725)
    [价格] 腾讯K线失败(sh501025) https://web.ifzq.gtimg.cn/appstock/app/fqkline/get?param=sh501025,day,,,15,qfq: HTTP Error 501: Not Implemented
    [价格] 腾讯K线无数据，改用新浪K线兜底(sh501025)
    [价格] 腾讯K线失败(sz162719) https://web.ifzq.gtimg.cn/appstock/app/fqkline/get?param=sz162719,day,,,15,qfq: HTTP Error 501: Not Implemented
    [价格] 腾讯K线无数据，改用新浪K线兜底(sz162719)
    [价格] 腾讯K线失败(sh501012) https://web.ifzq.gtimg.cn/appstock/app/fqkline/get?param=sh501012,day,,,15,qfq: HTTP Error 501: Not Implemented
    [价格] 腾讯K线无数据，改用新浪K线兜底(sh501012)
    [价格] 腾讯K线失败(sz161812) https://web.ifzq.gtimg.cn/appstock/app/fqkline/get?param=sz161812,day,,,15,qfq: HTTP Error 501: Not Implemented
    [价格] 腾讯K线无数据，改用新浪K线兜底(sz161812)
    [价格] 腾讯K线失败(sz161128) https://web.ifzq.gtimg.cn/appstock/app/fqkline/get?param=sz161128,day,,,15,qfq: HTTP Error 501: Not Implemented
    [价格] 腾讯K线无数据，改用新浪K线兜底(sz161128)
    [价格] 腾讯K线失败(sz161040) https://web.ifzq.gtimg.cn/appstock/app/fqkline/get?param=sz161040,day,,,15,qfq: HTTP Error 501: Not Implemented
    [价格] 腾讯K线无数据，改用新浪K线兜底(sz161040)
    [价格] 腾讯K线失败(sh501018) https://web.ifzq.gtimg.cn/appstock/app/fqkline/get?param=sh501018,day,,,15,qfq: HTTP Error 501: Not Implemented
    [价格] 腾讯K线无数据，改用新浪K线兜底(sh501018)
    [价格] 腾讯K线失败(sz161125) https://web.ifzq.gtimg.cn/appstock/app/fqkline/get?param=sz161125,day,,,15,qfq: HTTP Error 501: Not Implemented
    [价格] 腾讯K线无数据，改用新浪K线兜底(sz161125)
    [价格] 腾讯K线失败(sz160723) https://web.ifzq.gtimg.cn/appstock/app/fqkline/get?param=sz160723,day,,,15,qfq: HTTP Error 501: Not Implemented
    [价格] 腾讯K线无数据，改用新浪K线兜底(sz160723)
    [价格] 腾讯K线失败(sz161129) https://web.ifzq.gtimg.cn/appstock/app/fqkline/get?param=sz161129,day,,,15,qfq: HTTP Error 501: Not Implemented
    [价格] 腾讯K线无数据，改用新浪K线兜底(sz161129)
    [价格] 腾讯K线失败(sh501225) https://web.ifzq.gtimg.cn/appstock/app/fqkline/get?param=sh501225,day,,,15,qfq: HTTP Error 501: Not Implemented
    [价格] 腾讯K线无数据，改用新浪K线兜底(sh501225)
>>> [162411] 华宝标普油气上游股票人民币A · 计算30日/显示10日 ｜ 标的=XOP ｜ 模式=index
    净值 35 条，最新: ('2026-07-24', 0.9195)
    [兜底] 东财价格失败：Remote end closed connection without response
    价格 [新浪财经] 35 条，最新: ('2026-07-27', 0.888)
    汇率 281 天，最新: ('2026-07-28', 6.76615)
    标的 [stockanalysis.com] 35 条，最新: ('2026-07-24', 174.05)
    最近 10 个交易日 -> 命中 10 个
    [价格] 腾讯K线失败(sz164906) https://web.ifzq.gtimg.cn/appstock/app/fqkline/get?param=sz164906,day,,,15,qfq: HTTP Error 501: Not Implemented
    [价格] 腾讯K线无数据，改用新浪K线兜底(sz164906)
    [价格] 腾讯K线失败(sz164824) https://web.ifzq.gtimg.cn/appstock/app/fqkline/get?param=sz164824,day,,,15,qfq: HTTP Error 501: Not Implemented
    [价格] 腾讯K线无数据，改用新浪K线兜底(sz164824)
    [价格] 腾讯K线失败(sz160140) https://web.ifzq.gtimg.cn/appstock/app/fqkline/get?param=sz160140,day,,,15,qfq: HTTP Error 501: Not Implemented
    [价格] 腾讯K线无数据，改用新浪K线兜底(sz160140)
    [价格] 腾讯K线失败(sz160719) https://web.ifzq.gtimg.cn/appstock/app/fqkline/get?param=sz160719,day,,,15,qfq: HTTP Error 501: Not Implemented
    [价格] 腾讯K线无数据，改用新浪K线兜底(sz160719)
    [价格] 腾讯K线失败(sz164705) https://web.ifzq.gtimg.cn/appstock/app/fqkline/get?param=sz164705,day,,,15,qfq: HTTP Error 501: Not Implemented
    [价格] 腾讯K线无数据，改用新浪K线兜底(sz164705)
    [价格] 腾讯K线失败(sh501300) https://web.ifzq.gtimg.cn/appstock/app/fqkline/get?param=sh501300,day,,,15,qfq: HTTP Error 501: Not Implemented
    [价格] 腾讯K线无数据，改用新浪K线兜底(sh501300)
    [价格] 腾讯K线失败(sh501312) https://web.ifzq.gtimg.cn/appstock/app/fqkline/get?param=sh501312,day,,,15,qfq: HTTP Error 501: Not Implemented
    [价格] 腾讯K线无数据，改用新浪K线兜底(sh501312)
    [价格] 腾讯K线失败(sz160717) https://web.ifzq.gtimg.cn/appstock/app/fqkline/get?param=sz160717,day,,,15,qfq: HTTP Error 501: Not Implemented
    [价格] 腾讯K线无数据，改用新浪K线兜底(sz160717)
    [价格] 腾讯K线失败(sz161126) https://web.ifzq.gtimg.cn/appstock/app/fqkline/get?param=sz161126,day,,,15,qfq: HTTP Error 501: Not Implemented
    [价格] 腾讯K线无数据，改用新浪K线兜底(sz161126)
    [价格] 腾讯K线失败(sz161116) https://web.ifzq.gtimg.cn/appstock/app/fqkline/get?param=sz161116,day,,,15,qfq: HTTP Error 501: Not Implemented
    [价格] 腾讯K线无数据，改用新浪K线兜底(sz161116)
    [价格] 腾讯K线失败(sz161831) https://web.ifzq.gtimg.cn/appstock/app/fqkline/get?param=sz161831,day,,,15,qfq: HTTP Error 501: Not Implemented
    [价格] 腾讯K线无数据，改用新浪K线兜底(sz161831)
    [价格] 腾讯K线失败(sz161124) https://web.ifzq.gtimg.cn/appstock/app/fqkline/get?param=sz161124,day,,,15,qfq: HTTP Error 501: Not Implemented
    [价格] 腾讯K线无数据，改用新浪K线兜底(sz161124)
    [价格] 腾讯K线失败(sz160924) https://web.ifzq.gtimg.cn/appstock/app/fqkline/get?param=sz160924,day,,,15,qfq: HTTP Error 501: Not Implemented
    [价格] 腾讯K线无数据，改用新浪K线兜底(sz160924)
    [价格] 腾讯K线失败(sz164701) https://web.ifzq.gtimg.cn/appstock/app/fqkline/get?param=sz164701,day,,,15,qfq: HTTP Error 501: Not Implemented
    [价格] 腾讯K线无数据，改用新浪K线兜底(sz164701)
    [价格] 腾讯K线失败(sz167301) https://web.ifzq.gtimg.cn/appstock/app/fqkline/get?param=sz167301,day,,,15,qfq: HTTP Error 501: Not Implemented
    [价格] 腾讯K线无数据，改用新浪K线兜底(sz167301)
    [价格] 腾讯K线失败(sz160632) https://web.ifzq.gtimg.cn/appstock/app/fqkline/get?param=sz160632,day,,,15,qfq: HTTP Error 501: Not Implemented
    [价格] 腾讯K线无数据，改用新浪K线兜底(sz160632)
    [价格] 腾讯K线失败(sz160639) https://web.ifzq.gtimg.cn/appstock/app/fqkline/get?param=sz160639,day,,,15,qfq: HTTP Error 501: Not Implemented
    [价格] 腾讯K线无数据，改用新浪K线兜底(sz160639)
    [价格] 腾讯K线失败(sz160216) https://web.ifzq.gtimg.cn/appstock/app/fqkline/get?param=sz160216,day,,,15,qfq: HTTP Error 501: Not Implemented
    [价格] 腾讯K线无数据，改用新浪K线兜底(sz160216)
    [价格] 腾讯K线失败(sz160225) https://web.ifzq.gtimg.cn/appstock/app/fqkline/get?param=sz160225,day,,,15,qfq: HTTP Error 501: Not Implemented
    [价格] 腾讯K线无数据，改用新浪K线兜底(sz160225)
    [价格] 腾讯K线失败(sz163208) https://web.ifzq.gtimg.cn/appstock/app/fqkline/get?param=sz163208,day,,,15,qfq: HTTP Error 501: Not Implemented
    [价格] 腾讯K线无数据，改用新浪K线兜底(sz163208)
    [价格] 腾讯K线失败(sz160143) https://web.ifzq.gtimg.cn/appstock/app/fqkline/get?param=sz160143,day,,,15,qfq: HTTP Error 501: Not Implemented
    [价格] 腾讯K线无数据，改用新浪K线兜底(sz160143)
    [价格] 腾讯K线失败(sz161032) https://web.ifzq.gtimg.cn/appstock/app/fqkline/get?param=sz161032,day,,,15,qfq: HTTP Error 501: Not Implemented
    [价格] 腾讯K线无数据，改用新浪K线兜底(sz161032)
    [价格] 腾讯K线失败(sz164812) https://web.ifzq.gtimg.cn/appstock/app/fqkline/get?param=sz164812,day,,,15,qfq: HTTP Error 501: Not Implemented
    [价格] 腾讯K线无数据，改用新浪K线兜底(sz164812)
    [价格] 腾讯K线失败(sz160416) https://web.ifzq.gtimg.cn/appstock/app/fqkline/get?param=sz160416,day,,,15,qfq: HTTP Error 501: Not Implemented
    [价格] 腾讯K线无数据，改用新浪K线兜底(sz160416)
    [价格] 腾讯K线失败(sz160922) https://web.ifzq.gtimg.cn/appstock/app/fqkline/get?param=sz160922,day,,,15,qfq: HTTP Error 501: Not Implemented
    [价格] 腾讯K线无数据，改用新浪K线兜底(sz160922)
    [价格] 腾讯K线失败(sz161130) https://web.ifzq.gtimg.cn/appstock/app/fqkline/get?param=sz161130,day,,,15,qfq: HTTP Error 501: Not Implemented
    [价格] 腾讯K线无数据，改用新浪K线兜底(sz161130)
    [价格] 腾讯K线失败(sh501025) https://web.ifzq.gtimg.cn/appstock/app/fqkline/get?param=sh501025,day,,,15,qfq: HTTP Error 501: Not Implemented
    [价格] 腾讯K线无数据，改用新浪K线兜底(sh501025)
    [价格] 腾讯K线失败(sz161127) https://web.ifzq.gtimg.cn/appstock/app/fqkline/get?param=sz161127,day,,,15,qfq: HTTP Error 501: Not Implemented
    [价格] 腾讯K线无数据，改用新浪K线兜底(sz161127)
    [价格] 腾讯K线失败(sz161725) https://web.ifzq.gtimg.cn/appstock/app/fqkline/get?param=sz161725,day,,,15,qfq: HTTP Error 501: Not Implemented
    [价格] 腾讯K线无数据，改用新浪K线兜底(sz161725)
    [价格] 腾讯K线失败(sz161226) https://web.ifzq.gtimg.cn/appstock/app/fqkline/get?param=sz161226,day,,,15,qfq: HTTP Error 501: Not Implemented
    [价格] 腾讯K线无数据，改用新浪K线兜底(sz161226)
    [价格] 腾讯K线失败(sz160644) https://web.ifzq.gtimg.cn/appstock/app/fqkline/get?param=sz160644,day,,,15,qfq: HTTP Error 501: Not Implemented
    [价格] 腾讯K线无数据，改用新浪K线兜底(sz160644)
    [价格] 腾讯K线失败(sz162719) https://web.ifzq.gtimg.cn/appstock/app/fqkline/get?param=sz162719,day,,,15,qfq: HTTP Error 501: Not Implemented
    [价格] 腾讯K线无数据，改用新浪K线兜底(sz162719)
    [价格] 腾讯K线失败(sz161040) https://web.ifzq.gtimg.cn/appstock/app/fqkline/get?param=sz161040,day,,,15,qfq: HTTP Error 501: Not Implemented
    [价格] 腾讯K线无数据，改用新浪K线兜底(sz161040)
    [价格] 腾讯K线失败(sh501012) https://web.ifzq.gtimg.cn/appstock/app/fqkline/get?param=sh501012,day,,,15,qfq: HTTP Error 501: Not Implemented
    [价格] 腾讯K线无数据，改用新浪K线兜底(sh501012)
    [价格] 腾讯K线失败(sz161125) https://web.ifzq.gtimg.cn/appstock/app/fqkline/get?param=sz161125,day,,,15,qfq: HTTP Error 501: Not Implemented
    [价格] 腾讯K线无数据，改用新浪K线兜底(sz161125)
    [价格] 腾讯K线失败(sz160415) https://web.ifzq.gtimg.cn/appstock/app/fqkline/get?param=sz160415,day,,,15,qfq: HTTP Error 501: Not Implemented
    [价格] 腾讯K线无数据，改用新浪K线兜底(sz160415)
    [价格] 腾讯K线失败(sz161812) https://web.ifzq.gtimg.cn/appstock/app/fqkline/get?param=sz161812,day,,,15,qfq: HTTP Error 501: Not Implemented
    [价格] 腾讯K线无数据，改用新浪K线兜底(sz161812)
    [价格] 腾讯K线失败(sz161128) https://web.ifzq.gtimg.cn/appstock/app/fqkline/get?param=sz161128,day,,,15,qfq: HTTP Error 501: Not Implemented
    [价格] 腾讯K线无数据，改用新浪K线兜底(sz161128)
    [价格] 腾讯K线失败(sz160723) https://web.ifzq.gtimg.cn/appstock/app/fqkline/get?param=sz160723,day,,,15,qfq: HTTP Error 501: Not Implemented
    [价格] 腾讯K线无数据，改用新浪K线兜底(sz160723)
    [价格] 腾讯K线失败(sh501018) https://web.ifzq.gtimg.cn/appstock/app/fqkline/get?param=sh501018,day,,,15,qfq: HTTP Error 501: Not Implemented
    [价格] 腾讯K线无数据，改用新浪K线兜底(sh501018)
    [价格] 腾讯K线失败(sz161129) https://web.ifzq.gtimg.cn/appstock/app/fqkline/get?param=sz161129,day,,,15,qfq: HTTP Error 501: Not Implemented
    [价格] 腾讯K线无数据，改用新浪K线兜底(sz161129)
    [价格] 腾讯K线失败(sh501225) https://web.ifzq.gtimg.cn/appstock/app/fqkline/get?param=sh501225,day,,,15,qfq: HTTP Error 501: Not Implemented
    [价格] 腾讯K线无数据，改用新浪K线兜底(sh501225)
>>> [162411] 华宝标普油气上游股票人民币A · 计算30日/显示10日 ｜ 标的=XOP ｜ 模式=index
    净值 35 条，最新: ('2026-07-24', 0.9195)
    [兜底] 东财价格失败：Remote end closed connection without response
    价格 [新浪财经] 35 条，最新: ('2026-07-27', 0.888)
    汇率 281 天，最新: ('2026-07-28', 6.76615)
    标的 [stockanalysis.com] 35 条，最新: ('2026-07-24', 174.05)
    最近 10 个交易日 -> 命中 10 个
    [价格] 腾讯K线失败(sh501312) https://web.ifzq.gtimg.cn/appstock/app/fqkline/get?param=sh501312,day,,,15,qfq: HTTP Error 501: Not Implemented
    [价格] 腾讯K线无数据，改用新浪K线兜底(sh501312)
    [价格] 腾讯K线失败(sh501300) https://web.ifzq.gtimg.cn/appstock/app/fqkline/get?param=sh501300,day,,,15,qfq: HTTP Error 501: Not Implemented
    [价格] 腾讯K线无数据，改用新浪K线兜底(sh501300)
    [价格] 腾讯K线失败(sz160717) https://web.ifzq.gtimg.cn/appstock/app/fqkline/get?param=sz160717,day,,,15,qfq: HTTP Error 501: Not Implemented
    [价格] 腾讯K线无数据，改用新浪K线兜底(sz160717)
    [价格] 腾讯K线失败(sz164906) https://web.ifzq.gtimg.cn/appstock/app/fqkline/get?param=sz164906,day,,,15,qfq: HTTP Error 501: Not Implemented
    [价格] 腾讯K线无数据，改用新浪K线兜底(sz164906)
    [价格] 腾讯K线失败(sz164705) https://web.ifzq.gtimg.cn/appstock/app/fqkline/get?param=sz164705,day,,,15,qfq: HTTP Error 501: Not Implemented
    [价格] 腾讯K线无数据，改用新浪K线兜底(sz164705)
    [价格] 腾讯K线失败(sz160719) https://web.ifzq.gtimg.cn/appstock/app/fqkline/get?param=sz160719,day,,,15,qfq: HTTP Error 501: Not Implemented
    [价格] 腾讯K线无数据，改用新浪K线兜底(sz160719)
    [价格] 腾讯K线失败(sz160140) https://web.ifzq.gtimg.cn/appstock/app/fqkline/get?param=sz160140,day,,,15,qfq: HTTP Error 501: Not Implemented
    [价格] 腾讯K线无数据，改用新浪K线兜底(sz160140)
    [价格] 腾讯K线失败(sz164824) https://web.ifzq.gtimg.cn/appstock/app/fqkline/get?param=sz164824,day,,,15,qfq: HTTP Error 501: Not Implemented
    [价格] 腾讯K线无数据，改用新浪K线兜底(sz164824)
    [价格] 腾讯K线失败(sz161116) https://web.ifzq.gtimg.cn/appstock/app/fqkline/get?param=sz161116,day,,,15,qfq: HTTP Error 501: Not Implemented
    [价格] 腾讯K线无数据，改用新浪K线兜底(sz161116)
    [价格] 腾讯K线失败(sz167301) https://web.ifzq.gtimg.cn/appstock/app/fqkline/get?param=sz167301,day,,,15,qfq: HTTP Error 501: Not Implemented
    [价格] 腾讯K线无数据，改用新浪K线兜底(sz167301)
    [价格] 腾讯K线失败(sz161124) https://web.ifzq.gtimg.cn/appstock/app/fqkline/get?param=sz161124,day,,,15,qfq: HTTP Error 501: Not Implemented
    [价格] 腾讯K线无数据，改用新浪K线兜底(sz161124)
    [价格] 腾讯K线失败(sz161126) https://web.ifzq.gtimg.cn/appstock/app/fqkline/get?param=sz161126,day,,,15,qfq: HTTP Error 501: Not Implemented
    [价格] 腾讯K线无数据，改用新浪K线兜底(sz161126)
    [价格] 腾讯K线失败(sz160924) https://web.ifzq.gtimg.cn/appstock/app/fqkline/get?param=sz160924,day,,,15,qfq: HTTP Error 501: Not Implemented
    [价格] 腾讯K线无数据，改用新浪K线兜底(sz160924)
    [价格] 腾讯K线失败(sz161831) https://web.ifzq.gtimg.cn/appstock/app/fqkline/get?param=sz161831,day,,,15,qfq: HTTP Error 501: Not Implemented
    [价格] 腾讯K线无数据，改用新浪K线兜底(sz161831)
    [价格] 腾讯K线失败(sz164701) https://web.ifzq.gtimg.cn/appstock/app/fqkline/get?param=sz164701,day,,,15,qfq: HTTP Error 501: Not Implemented
    [价格] 腾讯K线无数据，改用新浪K线兜底(sz164701)
    [价格] 腾讯K线失败(sz160632) https://web.ifzq.gtimg.cn/appstock/app/fqkline/get?param=sz160632,day,,,15,qfq: HTTP Error 501: Not Implemented
    [价格] 腾讯K线无数据，改用新浪K线兜底(sz160632)
    [价格] 腾讯K线失败(sz160639) https://web.ifzq.gtimg.cn/appstock/app/fqkline/get?param=sz160639,day,,,15,qfq: HTTP Error 501: Not Implemented
    [价格] 腾讯K线无数据，改用新浪K线兜底(sz160639)
    [价格] 腾讯K线失败(sz163208) https://web.ifzq.gtimg.cn/appstock/app/fqkline/get?param=sz163208,day,,,15,qfq: HTTP Error 501: Not Implemented
    [价格] 腾讯K线无数据，改用新浪K线兜底(sz163208)
    [价格] 腾讯K线失败(sz160216) https://web.ifzq.gtimg.cn/appstock/app/fqkline/get?param=sz160216,day,,,15,qfq: HTTP Error 501: Not Implemented
    [价格] 腾讯K线无数据，改用新浪K线兜底(sz160216)
    [价格] 腾讯K线失败(sz164812) https://web.ifzq.gtimg.cn/appstock/app/fqkline/get?param=sz164812,day,,,15,qfq: HTTP Error 501: Not Implemented
    [价格] 腾讯K线无数据，改用新浪K线兜底(sz164812)
    [价格] 腾讯K线失败(sz161032) https://web.ifzq.gtimg.cn/appstock/app/fqkline/get?param=sz161032,day,,,15,qfq: HTTP Error 501: Not Implemented
    [价格] 腾讯K线无数据，改用新浪K线兜底(sz161032)
    [价格] 腾讯K线失败(sz160143) https://web.ifzq.gtimg.cn/appstock/app/fqkline/get?param=sz160143,day,,,15,qfq: HTTP Error 501: Not Implemented
    [价格] 腾讯K线无数据，改用新浪K线兜底(sz160143)
    [价格] 腾讯K线失败(sz160225) https://web.ifzq.gtimg.cn/appstock/app/fqkline/get?param=sz160225,day,,,15,qfq: HTTP Error 501: Not Implemented
    [价格] 腾讯K线无数据，改用新浪K线兜底(sz160225)
    [价格] 腾讯K线失败(sz160416) https://web.ifzq.gtimg.cn/appstock/app/fqkline/get?param=sz160416,day,,,15,qfq: HTTP Error 501: Not Implemented
    [价格] 腾讯K线无数据，改用新浪K线兜底(sz160416)
    [价格] 腾讯K线失败(sz161130) https://web.ifzq.gtimg.cn/appstock/app/fqkline/get?param=sz161130,day,,,15,qfq: HTTP Error 501: Not Implemented
    [价格] 腾讯K线无数据，改用新浪K线兜底(sz161130)
    [价格] 腾讯K线失败(sz160922) https://web.ifzq.gtimg.cn/appstock/app/fqkline/get?param=sz160922,day,,,15,qfq: HTTP Error 501: Not Implemented
    [价格] 腾讯K线无数据，改用新浪K线兜底(sz160922)
    [价格] 腾讯K线失败(sz161127) https://web.ifzq.gtimg.cn/appstock/app/fqkline/get?param=sz161127,day,,,15,qfq: HTTP Error 501: Not Implemented
    [价格] 腾讯K线无数据，改用新浪K线兜底(sz161127)
    [价格] 腾讯K线失败(sz161226) https://web.ifzq.gtimg.cn/appstock/app/fqkline/get?param=sz161226,day,,,15,qfq: HTTP Error 501: Not Implemented
    [价格] 腾讯K线无数据，改用新浪K线兜底(sz161226)
    [价格] 腾讯K线失败(sz160415) https://web.ifzq.gtimg.cn/appstock/app/fqkline/get?param=sz160415,day,,,15,qfq: HTTP Error 501: Not Implemented
    [价格] 腾讯K线无数据，改用新浪K线兜底(sz160415)
    [价格] 腾讯K线失败(sz161725) https://web.ifzq.gtimg.cn/appstock/app/fqkline/get?param=sz161725,day,,,15,qfq: HTTP Error 501: Not Implemented
    [价格] 腾讯K线无数据，改用新浪K线兜底(sz161725)
    [价格] 腾讯K线失败(sz160644) https://web.ifzq.gtimg.cn/appstock/app/fqkline/get?param=sz160644,day,,,15,qfq: HTTP Error 501: Not Implemented
    [价格] 腾讯K线无数据，改用新浪K线兜底(sz160644)
    [价格] 腾讯K线失败(sz162719) https://web.ifzq.gtimg.cn/appstock/app/fqkline/get?param=sz162719,day,,,15,qfq: HTTP Error 501: Not Implemented
    [价格] 腾讯K线无数据，改用新浪K线兜底(sz162719)
    [价格] 腾讯K线失败(sh501025) https://web.ifzq.gtimg.cn/appstock/app/fqkline/get?param=sh501025,day,,,15,qfq: HTTP Error 501: Not Implemented
    [价格] 腾讯K线无数据，改用新浪K线兜底(sh501025)
    [价格] 腾讯K线失败(sz161812) https://web.ifzq.gtimg.cn/appstock/app/fqkline/get?param=sz161812,day,,,15,qfq: HTTP Error 501: Not Implemented
    [价格] 腾讯K线无数据，改用新浪K线兜底(sz161812)
    [价格] 腾讯K线失败(sz161125) https://web.ifzq.gtimg.cn/appstock/app/fqkline/get?param=sz161125,day,,,15,qfq: HTTP Error 501: Not Implemented
    [价格] 腾讯K线无数据，改用新浪K线兜底(sz161125)
    [价格] 腾讯K线失败(sz161040) https://web.ifzq.gtimg.cn/appstock/app/fqkline/get?param=sz161040,day,,,15,qfq: HTTP Error 501: Not Implemented
    [价格] 腾讯K线无数据，改用新浪K线兜底(sz161040)
    [价格] 腾讯K线失败(sz161128) https://web.ifzq.gtimg.cn/appstock/app/fqkline/get?param=sz161128,day,,,15,qfq: HTTP Error 501: Not Implemented
    [价格] 腾讯K线无数据，改用新浪K线兜底(sz161128)
    [价格] 腾讯K线失败(sh501012) https://web.ifzq.gtimg.cn/appstock/app/fqkline/get?param=sh501012,day,,,15,qfq: HTTP Error 501: Not Implemented
    [价格] 腾讯K线无数据，改用新浪K线兜底(sh501012)
    [价格] 腾讯K线失败(sh501018) https://web.ifzq.gtimg.cn/appstock/app/fqkline/get?param=sh501018,day,,,15,qfq: HTTP Error 501: Not Implemented
    [价格] 腾讯K线无数据，改用新浪K线兜底(sh501018)
    [价格] 腾讯K线失败(sz160723) https://web.ifzq.gtimg.cn/appstock/app/fqkline/get?param=sz160723,day,,,15,qfq: HTTP Error 501: Not Implemented
    [价格] 腾讯K线无数据，改用新浪K线兜底(sz160723)
    [价格] 腾讯K线失败(sh501225) https://web.ifzq.gtimg.cn/appstock/app/fqkline/get?param=sh501225,day,,,15,qfq: HTTP Error 501: Not Implemented
    [价格] 腾讯K线无数据，改用新浪K线兜底(sh501225)
    [价格] 腾讯K线失败(sz161129) https://web.ifzq.gtimg.cn/appstock/app/fqkline/get?param=sz161129,day,,,15,qfq: HTTP Error 501: Not Implemented
    [价格] 腾讯K线无数据，改用新浪K线兜底(sz161129)
>>> [162411] 华宝标普油气上游股票人民币A · 计算30日/显示10日 ｜ 标的=XOP ｜ 模式=index
    净值 35 条，最新: ('2026-07-24', 0.9195)
    [兜底] 东财价格失败：Remote end closed connection without response
    价格 [新浪财经] 35 条，最新: ('2026-07-27', 0.888)
    汇率 281 天，最新: ('2026-07-28', 6.76615)
    标的 [stockanalysis.com] 35 条，最新: ('2026-07-24', 174.05)
    最近 10 个交易日 -> 命中 10 个
    [价格] 腾讯K线失败(sz160719) https://web.ifzq.gtimg.cn/appstock/app/fqkline/get?param=sz160719,day,,,15,qfq: HTTP Error 501: Not Implemented
    [价格] 腾讯K线无数据，改用新浪K线兜底(sz160719)
    [价格] 腾讯K线失败(sz160717) https://web.ifzq.gtimg.cn/appstock/app/fqkline/get?param=sz160717,day,,,15,qfq: HTTP Error 501: Not Implemented
    [价格] 腾讯K线无数据，改用新浪K线兜底(sz160717)
    [价格] 腾讯K线失败(sz160140) https://web.ifzq.gtimg.cn/appstock/app/fqkline/get?param=sz160140,day,,,15,qfq: HTTP Error 501: Not Implemented
    [价格] 腾讯K线无数据，改用新浪K线兜底(sz160140)
    [价格] 腾讯K线失败(sz164824) https://web.ifzq.gtimg.cn/appstock/app/fqkline/get?param=sz164824,day,,,15,qfq: HTTP Error 501: Not Implemented
    [价格] 腾讯K线无数据，改用新浪K线兜底(sz164824)
    [价格] 腾讯K线失败(sh501300) https://web.ifzq.gtimg.cn/appstock/app/fqkline/get?param=sh501300,day,,,15,qfq: HTTP Error 501: Not Implemented
    [价格] 腾讯K线无数据，改用新浪K线兜底(sh501300)
    [价格] 腾讯K线失败(sz164705) https://web.ifzq.gtimg.cn/appstock/app/fqkline/get?param=sz164705,day,,,15,qfq: HTTP Error 501: Not Implemented
    [价格] 腾讯K线无数据，改用新浪K线兜底(sz164705)
    [价格] 腾讯K线失败(sz164906) https://web.ifzq.gtimg.cn/appstock/app/fqkline/get?param=sz164906,day,,,15,qfq: HTTP Error 501: Not Implemented
    [价格] 腾讯K线无数据，改用新浪K线兜底(sz164906)
    [价格] 腾讯K线失败(sh501312) https://web.ifzq.gtimg.cn/appstock/app/fqkline/get?param=sh501312,day,,,15,qfq: HTTP Error 501: Not Implemented
    [价格] 腾讯K线无数据，改用新浪K线兜底(sh501312)
    [价格] 腾讯K线失败(sz167301) https://web.ifzq.gtimg.cn/appstock/app/fqkline/get?param=sz167301,day,,,15,qfq: HTTP Error 501: Not Implemented
    [价格] 腾讯K线无数据，改用新浪K线兜底(sz167301)
    [价格] 腾讯K线失败(sz161126) https://web.ifzq.gtimg.cn/appstock/app/fqkline/get?param=sz161126,day,,,15,qfq: HTTP Error 501: Not Implemented
    [价格] 腾讯K线无数据，改用新浪K线兜底(sz161126)
    [价格] 腾讯K线失败(sz160632) https://web.ifzq.gtimg.cn/appstock/app/fqkline/get?param=sz160632,day,,,15,qfq: HTTP Error 501: Not Implemented
    [价格] 腾讯K线无数据，改用新浪K线兜底(sz160632)
    [价格] 腾讯K线失败(sz161116) https://web.ifzq.gtimg.cn/appstock/app/fqkline/get?param=sz161116,day,,,15,qfq: HTTP Error 501: Not Implemented
    [价格] 腾讯K线无数据，改用新浪K线兜底(sz161116)
    [价格] 腾讯K线失败(sz160924) https://web.ifzq.gtimg.cn/appstock/app/fqkline/get?param=sz160924,day,,,15,qfq: HTTP Error 501: Not Implemented
    [价格] 腾讯K线无数据，改用新浪K线兜底(sz160924)
    [价格] 腾讯K线失败(sz161831) https://web.ifzq.gtimg.cn/appstock/app/fqkline/get?param=sz161831,day,,,15,qfq: HTTP Error 501: Not Implemented
    [价格] 腾讯K线无数据，改用新浪K线兜底(sz161831)
    [价格] 腾讯K线失败(sz164701) https://web.ifzq.gtimg.cn/appstock/app/fqkline/get?param=sz164701,day,,,15,qfq: HTTP Error 501: Not Implemented
    [价格] 腾讯K线无数据，改用新浪K线兜底(sz164701)
    [价格] 腾讯K线失败(sz161124) https://web.ifzq.gtimg.cn/appstock/app/fqkline/get?param=sz161124,day,,,15,qfq: HTTP Error 501: Not Implemented
    [价格] 腾讯K线无数据，改用新浪K线兜底(sz161124)
    [价格] 腾讯K线失败(sz160639) https://web.ifzq.gtimg.cn/appstock/app/fqkline/get?param=sz160639,day,,,15,qfq: HTTP Error 501: Not Implemented
    [价格] 腾讯K线无数据，改用新浪K线兜底(sz160639)
    [价格] 腾讯K线失败(sz163208) https://web.ifzq.gtimg.cn/appstock/app/fqkline/get?param=sz163208,day,,,15,qfq: HTTP Error 501: Not Implemented
    [价格] 腾讯K线无数据，改用新浪K线兜底(sz163208)
    [价格] 腾讯K线失败(sz160216) https://web.ifzq.gtimg.cn/appstock/app/fqkline/get?param=sz160216,day,,,15,qfq: HTTP Error 501: Not Implemented
    [价格] 腾讯K线无数据，改用新浪K线兜底(sz160216)
    [价格] 腾讯K线失败(sz164812) https://web.ifzq.gtimg.cn/appstock/app/fqkline/get?param=sz164812,day,,,15,qfq: HTTP Error 501: Not Implemented
    [价格] 腾讯K线无数据，改用新浪K线兜底(sz164812)
    [价格] 腾讯K线失败(sz160143) https://web.ifzq.gtimg.cn/appstock/app/fqkline/get?param=sz160143,day,,,15,qfq: HTTP Error 501: Not Implemented
    [价格] 腾讯K线无数据，改用新浪K线兜底(sz160143)
    [价格] 腾讯K线失败(sz161032) https://web.ifzq.gtimg.cn/appstock/app/fqkline/get?param=sz161032,day,,,15,qfq: HTTP Error 501: Not Implemented
    [价格] 腾讯K线无数据，改用新浪K线兜底(sz161032)
    [价格] 腾讯K线失败(sz160225) https://web.ifzq.gtimg.cn/appstock/app/fqkline/get?param=sz160225,day,,,15,qfq: HTTP Error 501: Not Implemented
    [价格] 腾讯K线无数据，改用新浪K线兜底(sz160225)
    [价格] 腾讯K线失败(sz160416) https://web.ifzq.gtimg.cn/appstock/app/fqkline/get?param=sz160416,day,,,15,qfq: HTTP Error 501: Not Implemented
    [价格] 腾讯K线无数据，改用新浪K线兜底(sz160416)
    [价格] 腾讯K线失败(sz160922) https://web.ifzq.gtimg.cn/appstock/app/fqkline/get?param=sz160922,day,,,15,qfq: HTTP Error 501: Not Implemented
    [价格] 腾讯K线无数据，改用新浪K线兜底(sz160922)
    [价格] 腾讯K线失败(sz161127) https://web.ifzq.gtimg.cn/appstock/app/fqkline/get?param=sz161127,day,,,15,qfq: HTTP Error 501: Not Implemented
    [价格] 腾讯K线无数据，改用新浪K线兜底(sz161127)
    [价格] 腾讯K线失败(sz161725) https://web.ifzq.gtimg.cn/appstock/app/fqkline/get?param=sz161725,day,,,15,qfq: HTTP Error 501: Not Implemented
    [价格] 腾讯K线无数据，改用新浪K线兜底(sz161725)
    [价格] 腾讯K线失败(sz161226) https://web.ifzq.gtimg.cn/appstock/app/fqkline/get?param=sz161226,day,,,15,qfq: HTTP Error 501: Not Implemented
    [价格] 腾讯K线无数据，改用新浪K线兜底(sz161226)
    [价格] 腾讯K线失败(sz160415) https://web.ifzq.gtimg.cn/appstock/app/fqkline/get?param=sz160415,day,,,15,qfq: HTTP Error 501: Not Implemented
    [价格] 腾讯K线无数据，改用新浪K线兜底(sz160415)
    [价格] 腾讯K线失败(sz160644) https://web.ifzq.gtimg.cn/appstock/app/fqkline/get?param=sz160644,day,,,15,qfq: HTTP Error 501: Not Implemented
    [价格] 腾讯K线无数据，改用新浪K线兜底(sz160644)
    [价格] 腾讯K线失败(sz161130) https://web.ifzq.gtimg.cn/appstock/app/fqkline/get?param=sz161130,day,,,15,qfq: HTTP Error 501: Not Implemented
    [价格] 腾讯K线无数据，改用新浪K线兜底(sz161130)
    [价格] 腾讯K线失败(sh501025) https://web.ifzq.gtimg.cn/appstock/app/fqkline/get?param=sh501025,day,,,15,qfq: HTTP Error 501: Not Implemented
    [价格] 腾讯K线无数据，改用新浪K线兜底(sh501025)
    [价格] 腾讯K线失败(sh501012) https://web.ifzq.gtimg.cn/appstock/app/fqkline/get?param=sh501012,day,,,15,qfq: HTTP Error 501: Not Implemented
    [价格] 腾讯K线无数据，改用新浪K线兜底(sh501012)
    [价格] 腾讯K线失败(sz162719) https://web.ifzq.gtimg.cn/appstock/app/fqkline/get?param=sz162719,day,,,15,qfq: HTTP Error 501: Not Implemented
    [价格] 腾讯K线无数据，改用新浪K线兜底(sz162719)
    [价格] 腾讯K线失败(sz161040) https://web.ifzq.gtimg.cn/appstock/app/fqkline/get?param=sz161040,day,,,15,qfq: HTTP Error 501: Not Implemented
    [价格] 腾讯K线无数据，改用新浪K线兜底(sz161040)
    [价格] 腾讯K线失败(sz161812) https://web.ifzq.gtimg.cn/appstock/app/fqkline/get?param=sz161812,day,,,15,qfq: HTTP Error 501: Not Implemented
    [价格] 腾讯K线无数据，改用新浪K线兜底(sz161812)
    [价格] 腾讯K线失败(sz161125) https://web.ifzq.gtimg.cn/appstock/app/fqkline/get?param=sz161125,day,,,15,qfq: HTTP Error 501: Not Implemented
    [价格] 腾讯K线无数据，改用新浪K线兜底(sz161125)
    [价格] 腾讯K线失败(sh501018) https://web.ifzq.gtimg.cn/appstock/app/fqkline/get?param=sh501018,day,,,15,qfq: HTTP Error 501: Not Implemented
    [价格] 腾讯K线无数据，改用新浪K线兜底(sh501018)
    [价格] 腾讯K线失败(sz161128) https://web.ifzq.gtimg.cn/appstock/app/fqkline/get?param=sz161128,day,,,15,qfq: HTTP Error 501: Not Implemented
    [价格] 腾讯K线无数据，改用新浪K线兜底(sz161128)
    [价格] 腾讯K线失败(sz160723) https://web.ifzq.gtimg.cn/appstock/app/fqkline/get?param=sz160723,day,,,15,qfq: HTTP Error 501: Not Implemented
    [价格] 腾讯K线无数据，改用新浪K线兜底(sz160723)
    [价格] 腾讯K线失败(sz161129) https://web.ifzq.gtimg.cn/appstock/app/fqkline/get?param=sz161129,day,,,15,qfq: HTTP Error 501: Not Implemented
    [价格] 腾讯K线无数据，改用新浪K线兜底(sz161129)
    [价格] 腾讯K线失败(sh501225) https://web.ifzq.gtimg.cn/appstock/app/fqkline/get?param=sh501225,day,,,15,qfq: HTTP Error 501: Not Implemented
    [价格] 腾讯K线无数据，改用新浪K线兜底(sh501225)
>>> [162411] 华宝标普油气上游股票人民币A · 计算30日/显示10日 ｜ 标的=XOP ｜ 模式=index
    净值 35 条，最新: ('2026-07-24', 0.9195)
    [兜底] 东财价格失败：Remote end closed connection without response
    价格 [新浪财经] 35 条，最新: ('2026-07-27', 0.888)
    汇率 281 天，最新: ('2026-07-28', 6.76615)
    标的 [stockanalysis.com] 35 条，最新: ('2026-07-24', 174.05)
    最近 10 个交易日 -> 命中 10 个
    [价格] 腾讯K线失败(sz164705) https://web.ifzq.gtimg.cn/appstock/app/fqkline/get?param=sz164705,day,,,15,qfq: HTTP Error 501: Not Implemented
    [价格] 腾讯K线无数据，改用新浪K线兜底(sz164705)
    [价格] 腾讯K线失败(sz164906) https://web.ifzq.gtimg.cn/appstock/app/fqkline/get?param=sz164906,day,,,15,qfq: HTTP Error 501: Not Implemented
    [价格] 腾讯K线无数据，改用新浪K线兜底(sz164906)
    [价格] 腾讯K线失败(sz164824) https://web.ifzq.gtimg.cn/appstock/app/fqkline/get?param=sz164824,day,,,15,qfq: HTTP Error 501: Not Implemented
    [价格] 腾讯K线无数据，改用新浪K线兜底(sz164824)
    [价格] 腾讯K线失败(sz160717) https://web.ifzq.gtimg.cn/appstock/app/fqkline/get?param=sz160717,day,,,15,qfq: HTTP Error 501: Not Implemented
    [价格] 腾讯K线无数据，改用新浪K线兜底(sz160717)
    [价格] 腾讯K线失败(sh501312) https://web.ifzq.gtimg.cn/appstock/app/fqkline/get?param=sh501312,day,,,15,qfq: HTTP Error 501: Not Implemented
    [价格] 腾讯K线无数据，改用新浪K线兜底(sh501312)
    [价格] 腾讯K线失败(sh501300) https://web.ifzq.gtimg.cn/appstock/app/fqkline/get?param=sh501300,day,,,15,qfq: HTTP Error 501: Not Implemented
    [价格] 腾讯K线无数据，改用新浪K线兜底(sh501300)
    [价格] 腾讯K线失败(sz160140) https://web.ifzq.gtimg.cn/appstock/app/fqkline/get?param=sz160140,day,,,15,qfq: HTTP Error 501: Not Implemented
    [价格] 腾讯K线无数据，改用新浪K线兜底(sz160140)
    [价格] 腾讯K线失败(sz160719) https://web.ifzq.gtimg.cn/appstock/app/fqkline/get?param=sz160719,day,,,15,qfq: HTTP Error 501: Not Implemented
    [价格] 腾讯K线无数据，改用新浪K线兜底(sz160719)
    [价格] 腾讯K线失败(sz161116) https://web.ifzq.gtimg.cn/appstock/app/fqkline/get?param=sz161116,day,,,15,qfq: HTTP Error 501: Not Implemented
    [价格] 腾讯K线无数据，改用新浪K线兜底(sz161116)
    [价格] 腾讯K线失败(sz160924) https://web.ifzq.gtimg.cn/appstock/app/fqkline/get?param=sz160924,day,,,15,qfq: HTTP Error 501: Not Implemented
    [价格] 腾讯K线无数据，改用新浪K线兜底(sz160924)
    [价格] 腾讯K线失败(sz160632) https://web.ifzq.gtimg.cn/appstock/app/fqkline/get?param=sz160632,day,,,15,qfq: HTTP Error 501: Not Implemented
    [价格] 腾讯K线无数据，改用新浪K线兜底(sz160632)
    [价格] 腾讯K线失败(sz161831) https://web.ifzq.gtimg.cn/appstock/app/fqkline/get?param=sz161831,day,,,15,qfq: HTTP Error 501: Not Implemented
    [价格] 腾讯K线无数据，改用新浪K线兜底(sz161831)
    [价格] 腾讯K线失败(sz161124) https://web.ifzq.gtimg.cn/appstock/app/fqkline/get?param=sz161124,day,,,15,qfq: HTTP Error 501: Not Implemented
    [价格] 腾讯K线无数据，改用新浪K线兜底(sz161124)
    [价格] 腾讯K线失败(sz161126) https://web.ifzq.gtimg.cn/appstock/app/fqkline/get?param=sz161126,day,,,15,qfq: HTTP Error 501: Not Implemented
    [价格] 腾讯K线无数据，改用新浪K线兜底(sz161126)
    [价格] 腾讯K线失败(sz164701) https://web.ifzq.gtimg.cn/appstock/app/fqkline/get?param=sz164701,day,,,15,qfq: HTTP Error 501: Not Implemented
    [价格] 腾讯K线无数据，改用新浪K线兜底(sz164701)
    [价格] 腾讯K线失败(sz167301) https://web.ifzq.gtimg.cn/appstock/app/fqkline/get?param=sz167301,day,,,15,qfq: HTTP Error 501: Not Implemented
    [价格] 腾讯K线无数据，改用新浪K线兜底(sz167301)
    [价格] 腾讯K线失败(sz161032) https://web.ifzq.gtimg.cn/appstock/app/fqkline/get?param=sz161032,day,,,15,qfq: HTTP Error 501: Not Implemented
    [价格] 腾讯K线无数据，改用新浪K线兜底(sz161032)
    [价格] 腾讯K线失败(sz160216) https://web.ifzq.gtimg.cn/appstock/app/fqkline/get?param=sz160216,day,,,15,qfq: HTTP Error 501: Not Implemented
    [价格] 腾讯K线无数据，改用新浪K线兜底(sz160216)
    [价格] 腾讯K线失败(sz163208) https://web.ifzq.gtimg.cn/appstock/app/fqkline/get?param=sz163208,day,,,15,qfq: HTTP Error 501: Not Implemented
    [价格] 腾讯K线无数据，改用新浪K线兜底(sz163208)
    [价格] 腾讯K线失败(sz160143) https://web.ifzq.gtimg.cn/appstock/app/fqkline/get?param=sz160143,day,,,15,qfq: HTTP Error 501: Not Implemented
    [价格] 腾讯K线无数据，改用新浪K线兜底(sz160143)
    [价格] 腾讯K线失败(sz160225) https://web.ifzq.gtimg.cn/appstock/app/fqkline/get?param=sz160225,day,,,15,qfq: HTTP Error 501: Not Implemented
    [价格] 腾讯K线无数据，改用新浪K线兜底(sz160225)
    [价格] 腾讯K线失败(sz160639) https://web.ifzq.gtimg.cn/appstock/app/fqkline/get?param=sz160639,day,,,15,qfq: HTTP Error 501: Not Implemented
    [价格] 腾讯K线无数据，改用新浪K线兜底(sz160639)
    [价格] 腾讯K线失败(sz164812) https://web.ifzq.gtimg.cn/appstock/app/fqkline/get?param=sz164812,day,,,15,qfq: HTTP Error 501: Not Implemented
    [价格] 腾讯K线无数据，改用新浪K线兜底(sz164812)
    [价格] 腾讯K线失败(sz160416) https://web.ifzq.gtimg.cn/appstock/app/fqkline/get?param=sz160416,day,,,15,qfq: HTTP Error 501: Not Implemented
    [价格] 腾讯K线无数据，改用新浪K线兜底(sz160416)
    [价格] 腾讯K线失败(sz161130) https://web.ifzq.gtimg.cn/appstock/app/fqkline/get?param=sz161130,day,,,15,qfq: HTTP Error 501: Not Implemented
    [价格] 腾讯K线无数据，改用新浪K线兜底(sz161130)
    [价格] 腾讯K线失败(sz160922) https://web.ifzq.gtimg.cn/appstock/app/fqkline/get?param=sz160922,day,,,15,qfq: HTTP Error 501: Not Implemented
    [价格] 腾讯K线无数据，改用新浪K线兜底(sz160922)
    [价格] 腾讯K线失败(sz161725) https://web.ifzq.gtimg.cn/appstock/app/fqkline/get?param=sz161725,day,,,15,qfq: HTTP Error 501: Not Implemented
    [价格] 腾讯K线无数据，改用新浪K线兜底(sz161725)
    [价格] 腾讯K线失败(sz161127) https://web.ifzq.gtimg.cn/appstock/app/fqkline/get?param=sz161127,day,,,15,qfq: HTTP Error 501: Not Implemented
    [价格] 腾讯K线无数据，改用新浪K线兜底(sz161127)
    [价格] 腾讯K线失败(sz160415) https://web.ifzq.gtimg.cn/appstock/app/fqkline/get?param=sz160415,day,,,15,qfq: HTTP Error 501: Not Implemented
    [价格] 腾讯K线无数据，改用新浪K线兜底(sz160415)
    [价格] 腾讯K线失败(sz161226) https://web.ifzq.gtimg.cn/appstock/app/fqkline/get?param=sz161226,day,,,15,qfq: HTTP Error 501: Not Implemented
    [价格] 腾讯K线无数据，改用新浪K线兜底(sz161226)
    [价格] 腾讯K线失败(sz160644) https://web.ifzq.gtimg.cn/appstock/app/fqkline/get?param=sz160644,day,,,15,qfq: HTTP Error 501: Not Implemented
    [价格] 腾讯K线无数据，改用新浪K线兜底(sz160644)
    [价格] 腾讯K线失败(sh501025) https://web.ifzq.gtimg.cn/appstock/app/fqkline/get?param=sh501025,day,,,15,qfq: HTTP Error 501: Not Implemented
    [价格] 腾讯K线无数据，改用新浪K线兜底(sh501025)
    [价格] 腾讯K线失败(sz162719) https://web.ifzq.gtimg.cn/appstock/app/fqkline/get?param=sz162719,day,,,15,qfq: HTTP Error 501: Not Implemented
    [价格] 腾讯K线无数据，改用新浪K线兜底(sz162719)
    [价格] 腾讯K线失败(sh501012) https://web.ifzq.gtimg.cn/appstock/app/fqkline/get?param=sh501012,day,,,15,qfq: HTTP Error 501: Not Implemented
    [价格] 腾讯K线无数据，改用新浪K线兜底(sh501012)
    [价格] 腾讯K线失败(sz161125) https://web.ifzq.gtimg.cn/appstock/app/fqkline/get?param=sz161125,day,,,15,qfq: HTTP Error 501: Not Implemented
    [价格] 腾讯K线无数据，改用新浪K线兜底(sz161125)
    [价格] 腾讯K线失败(sz161812) https://web.ifzq.gtimg.cn/appstock/app/fqkline/get?param=sz161812,day,,,15,qfq: HTTP Error 501: Not Implemented
    [价格] 腾讯K线无数据，改用新浪K线兜底(sz161812)
    [价格] 腾讯K线失败(sz161040) https://web.ifzq.gtimg.cn/appstock/app/fqkline/get?param=sz161040,day,,,15,qfq: HTTP Error 501: Not Implemented
    [价格] 腾讯K线无数据，改用新浪K线兜底(sz161040)
    [价格] 腾讯K线失败(sz161128) https://web.ifzq.gtimg.cn/appstock/app/fqkline/get?param=sz161128,day,,,15,qfq: HTTP Error 501: Not Implemented
    [价格] 腾讯K线无数据，改用新浪K线兜底(sz161128)
    [价格] 腾讯K线失败(sh501018) https://web.ifzq.gtimg.cn/appstock/app/fqkline/get?param=sh501018,day,,,15,qfq: HTTP Error 501: Not Implemented
    [价格] 腾讯K线无数据，改用新浪K线兜底(sh501018)
    [价格] 腾讯K线失败(sz161129) https://web.ifzq.gtimg.cn/appstock/app/fqkline/get?param=sz161129,day,,,15,qfq: HTTP Error 501: Not Implemented
    [价格] 腾讯K线无数据，改用新浪K线兜底(sz161129)
    [价格] 腾讯K线失败(sh501225) https://web.ifzq.gtimg.cn/appstock/app/fqkline/get?param=sh501225,day,,,15,qfq: HTTP Error 501: Not Implemented
    [价格] 腾讯K线无数据，改用新浪K线兜底(sh501225)
    [价格] 腾讯K线失败(sz160723) https://web.ifzq.gtimg.cn/appstock/app/fqkline/get?param=sz160723,day,,,15,qfq: HTTP Error 501: Not Implemented
    [价格] 腾讯K线无数据，改用新浪K线兜底(sz160723)
    [持仓] hk01888 行情获取失败：HTTP Error 501: Not Implemented
    [持仓] hk00992 行情获取失败：HTTP Error 501: Not Implemented
    [持仓] hk00148 行情获取失败：HTTP Error 501: Not Implemented
    [持仓] hk03690 行情获取失败：HTTP Error 501: Not Implemented
    [持仓] hk09988 行情获取失败：HTTP Error 501: Not Implemented
    [持仓] 160644 合成指数完成，覆盖 78.2%（10 只）
>>> [162411] 华宝标普油气上游股票人民币A · 计算30日/显示10日 ｜ 标的=XOP ｜ 模式=index
    净值 35 条，最新: ('2026-07-24', 0.9195)
    [兜底] 东财价格失败：Remote end closed connection without response
    价格 [新浪财经] 35 条，最新: ('2026-07-27', 0.888)
    汇率 281 天，最新: ('2026-07-28', 6.76615)
    标的 [stockanalysis.com] 35 条，最新: ('2026-07-24', 174.05)
    最近 10 个交易日 -> 命中 10 个
    [价格] 腾讯K线失败(sh501312) https://web.ifzq.gtimg.cn/appstock/app/fqkline/get?param=sh501312,day,,,15,qfq: HTTP Error 501: Not Implemented
    [价格] 腾讯K线无数据，改用新浪K线兜底(sh501312)
    [价格] 腾讯K线失败(sz164705) https://web.ifzq.gtimg.cn/appstock/app/fqkline/get?param=sz164705,day,,,15,qfq: HTTP Error 501: Not Implemented
    [价格] 腾讯K线无数据，改用新浪K线兜底(sz164705)
    [价格] 腾讯K线失败(sz164906) https://web.ifzq.gtimg.cn/appstock/app/fqkline/get?param=sz164906,day,,,15,qfq: HTTP Error 501: Not Implemented
    [价格] 腾讯K线无数据，改用新浪K线兜底(sz164906)
    [价格] 腾讯K线失败(sz160717) https://web.ifzq.gtimg.cn/appstock/app/fqkline/get?param=sz160717,day,,,15,qfq: HTTP Error 501: Not Implemented
    [价格] 腾讯K线无数据，改用新浪K线兜底(sz160717)
    [价格] 腾讯K线失败(sz160719) https://web.ifzq.gtimg.cn/appstock/app/fqkline/get?param=sz160719,day,,,15,qfq: HTTP Error 501: Not Implemented
    [价格] 腾讯K线无数据，改用新浪K线兜底(sz160719)
    [价格] 腾讯K线失败(sz164824) https://web.ifzq.gtimg.cn/appstock/app/fqkline/get?param=sz164824,day,,,15,qfq: HTTP Error 501: Not Implemented
    [价格] 腾讯K线无数据，改用新浪K线兜底(sz164824)
    [价格] 腾讯K线失败(sz160140) https://web.ifzq.gtimg.cn/appstock/app/fqkline/get?param=sz160140,day,,,15,qfq: HTTP Error 501: Not Implemented
    [价格] 腾讯K线无数据，改用新浪K线兜底(sz160140)
    [价格] 腾讯K线失败(sh501300) https://web.ifzq.gtimg.cn/appstock/app/fqkline/get?param=sh501300,day,,,15,qfq: HTTP Error 501: Not Implemented
    [价格] 腾讯K线无数据，改用新浪K线兜底(sh501300)
    [价格] 腾讯K线失败(sz160632) https://web.ifzq.gtimg.cn/appstock/app/fqkline/get?param=sz160632,day,,,15,qfq: HTTP Error 501: Not Implemented
    [价格] 腾讯K线无数据，改用新浪K线兜底(sz160632)
    [价格] 腾讯K线失败(sz161126) https://web.ifzq.gtimg.cn/appstock/app/fqkline/get?param=sz161126,day,,,15,qfq: HTTP Error 501: Not Implemented
    [价格] 腾讯K线无数据，改用新浪K线兜底(sz161126)
    [价格] 腾讯K线失败(sz161116) https://web.ifzq.gtimg.cn/appstock/app/fqkline/get?param=sz161116,day,,,15,qfq: HTTP Error 501: Not Implemented
    [价格] 腾讯K线无数据，改用新浪K线兜底(sz161116)
    [价格] 腾讯K线失败(sz161831) https://web.ifzq.gtimg.cn/appstock/app/fqkline/get?param=sz161831,day,,,15,qfq: HTTP Error 501: Not Implemented
    [价格] 腾讯K线无数据，改用新浪K线兜底(sz161831)
    [价格] 腾讯K线失败(sz160924) https://web.ifzq.gtimg.cn/appstock/app/fqkline/get?param=sz160924,day,,,15,qfq: HTTP Error 501: Not Implemented
    [价格] 腾讯K线无数据，改用新浪K线兜底(sz160924)
    [价格] 腾讯K线失败(sz167301) https://web.ifzq.gtimg.cn/appstock/app/fqkline/get?param=sz167301,day,,,15,qfq: HTTP Error 501: Not Implemented
    [价格] 腾讯K线无数据，改用新浪K线兜底(sz167301)
    [价格] 腾讯K线失败(sz161124) https://web.ifzq.gtimg.cn/appstock/app/fqkline/get?param=sz161124,day,,,15,qfq: HTTP Error 501: Not Implemented
    [价格] 腾讯K线无数据，改用新浪K线兜底(sz161124)
    [价格] 腾讯K线失败(sz164701) https://web.ifzq.gtimg.cn/appstock/app/fqkline/get?param=sz164701,day,,,15,qfq: HTTP Error 501: Not Implemented
    [价格] 腾讯K线无数据，改用新浪K线兜底(sz164701)
    [价格] 腾讯K线失败(sz163208) https://web.ifzq.gtimg.cn/appstock/app/fqkline/get?param=sz163208,day,,,15,qfq: HTTP Error 501: Not Implemented
    [价格] 腾讯K线无数据，改用新浪K线兜底(sz163208)
    [价格] 腾讯K线失败(sz160216) https://web.ifzq.gtimg.cn/appstock/app/fqkline/get?param=sz160216,day,,,15,qfq: HTTP Error 501: Not Implemented
    [价格] 腾讯K线无数据，改用新浪K线兜底(sz160216)
    [价格] 腾讯K线失败(sz160143) https://web.ifzq.gtimg.cn/appstock/app/fqkline/get?param=sz160143,day,,,15,qfq: HTTP Error 501: Not Implemented
    [价格] 腾讯K线无数据，改用新浪K线兜底(sz160143)
    [价格] 腾讯K线失败(sz161032) https://web.ifzq.gtimg.cn/appstock/app/fqkline/get?param=sz161032,day,,,15,qfq: HTTP Error 501: Not Implemented
    [价格] 腾讯K线无数据，改用新浪K线兜底(sz161032)
    [价格] 腾讯K线失败(sz160225) https://web.ifzq.gtimg.cn/appstock/app/fqkline/get?param=sz160225,day,,,15,qfq: HTTP Error 501: Not Implemented
    [价格] 腾讯K线无数据，改用新浪K线兜底(sz160225)
    [价格] 腾讯K线失败(sz164812) https://web.ifzq.gtimg.cn/appstock/app/fqkline/get?param=sz164812,day,,,15,qfq: HTTP Error 501: Not Implemented
    [价格] 腾讯K线无数据，改用新浪K线兜底(sz164812)
    [价格] 腾讯K线失败(sz160639) https://web.ifzq.gtimg.cn/appstock/app/fqkline/get?param=sz160639,day,,,15,qfq: HTTP Error 501: Not Implemented
    [价格] 腾讯K线无数据，改用新浪K线兜底(sz160639)
    [价格] 腾讯K线失败(sz160416) https://web.ifzq.gtimg.cn/appstock/app/fqkline/get?param=sz160416,day,,,15,qfq: HTTP Error 501: Not Implemented
    [价格] 腾讯K线无数据，改用新浪K线兜底(sz160416)
    [价格] 腾讯K线失败(sz160922) https://web.ifzq.gtimg.cn/appstock/app/fqkline/get?param=sz160922,day,,,15,qfq: HTTP Error 501: Not Implemented
    [价格] 腾讯K线无数据，改用新浪K线兜底(sz160922)
    [价格] 腾讯K线失败(sz161725) https://web.ifzq.gtimg.cn/appstock/app/fqkline/get?param=sz161725,day,,,15,qfq: HTTP Error 501: Not Implemented
    [价格] 腾讯K线无数据，改用新浪K线兜底(sz161725)
    [价格] 腾讯K线失败(sz161130) https://web.ifzq.gtimg.cn/appstock/app/fqkline/get?param=sz161130,day,,,15,qfq: HTTP Error 501: Not Implemented
    [价格] 腾讯K线无数据，改用新浪K线兜底(sz161130)
    [价格] 腾讯K线失败(sh501025) https://web.ifzq.gtimg.cn/appstock/app/fqkline/get?param=sh501025,day,,,15,qfq: HTTP Error 501: Not Implemented
    [价格] 腾讯K线无数据，改用新浪K线兜底(sh501025)
    [价格] 腾讯K线失败(sz161127) https://web.ifzq.gtimg.cn/appstock/app/fqkline/get?param=sz161127,day,,,15,qfq: HTTP Error 501: Not Implemented
    [价格] 腾讯K线无数据，改用新浪K线兜底(sz161127)
    [价格] 腾讯K线失败(sz160415) https://web.ifzq.gtimg.cn/appstock/app/fqkline/get?param=sz160415,day,,,15,qfq: HTTP Error 501: Not Implemented
    [价格] 腾讯K线无数据，改用新浪K线兜底(sz160415)
    [价格] 腾讯K线失败(sz160644) https://web.ifzq.gtimg.cn/appstock/app/fqkline/get?param=sz160644,day,,,15,qfq: HTTP Error 501: Not Implemented
    [价格] 腾讯K线无数据，改用新浪K线兜底(sz160644)
    [价格] 腾讯K线失败(sz161226) https://web.ifzq.gtimg.cn/appstock/app/fqkline/get?param=sz161226,day,,,15,qfq: HTTP Error 501: Not Implemented
    [价格] 腾讯K线无数据，改用新浪K线兜底(sz161226)
    [价格] 腾讯K线失败(sz161040) https://web.ifzq.gtimg.cn/appstock/app/fqkline/get?param=sz161040,day,,,15,qfq: HTTP Error 501: Not Implemented
    [价格] 腾讯K线无数据，改用新浪K线兜底(sz161040)
    [价格] 腾讯K线失败(sz161812) https://web.ifzq.gtimg.cn/appstock/app/fqkline/get?param=sz161812,day,,,15,qfq: HTTP Error 501: Not Implemented
    [价格] 腾讯K线无数据，改用新浪K线兜底(sz161812)
    [价格] 腾讯K线失败(sh501012) https://web.ifzq.gtimg.cn/appstock/app/fqkline/get?param=sh501012,day,,,15,qfq: HTTP Error 501: Not Implemented
    [价格] 腾讯K线无数据，改用新浪K线兜底(sh501012)
    [价格] 腾讯K线失败(sz161125) https://web.ifzq.gtimg.cn/appstock/app/fqkline/get?param=sz161125,day,,,15,qfq: HTTP Error 501: Not Implemented
    [价格] 腾讯K线无数据，改用新浪K线兜底(sz161125)
    [价格] 腾讯K线失败(sh501018) https://web.ifzq.gtimg.cn/appstock/app/fqkline/get?param=sh501018,day,,,15,qfq: HTTP Error 501: Not Implemented
    [价格] 腾讯K线无数据，改用新浪K线兜底(sh501018)
    [价格] 腾讯K线失败(sz161128) https://web.ifzq.gtimg.cn/appstock/app/fqkline/get?param=sz161128,day,,,15,qfq: HTTP Error 501: Not Implemented
    [价格] 腾讯K线无数据，改用新浪K线兜底(sz161128)
    [价格] 腾讯K线失败(sz160723) https://web.ifzq.gtimg.cn/appstock/app/fqkline/get?param=sz160723,day,,,15,qfq: HTTP Error 501: Not Implemented
    [价格] 腾讯K线无数据，改用新浪K线兜底(sz160723)
    [价格] 腾讯K线失败(sz162719) https://web.ifzq.gtimg.cn/appstock/app/fqkline/get?param=sz162719,day,,,15,qfq: HTTP Error 501: Not Implemented
    [价格] 腾讯K线无数据，改用新浪K线兜底(sz162719)
    [价格] 腾讯K线失败(sh501225) https://web.ifzq.gtimg.cn/appstock/app/fqkline/get?param=sh501225,day,,,15,qfq: HTTP Error 501: Not Implemented
    [价格] 腾讯K线无数据，改用新浪K线兜底(sh501225)
    [价格] 腾讯K线失败(sz161129) https://web.ifzq.gtimg.cn/appstock/app/fqkline/get?param=sz161129,day,,,15,qfq: HTTP Error 501: Not Implemented
    [价格] 腾讯K线无数据，改用新浪K线兜底(sz161129)
>>> [162411] 华宝标普油气上游股票人民币A · 计算30日/显示10日 ｜ 标的=XOP ｜ 模式=index
    净值 35 条，最新: ('2026-07-24', 0.9195)
    [兜底] 东财价格失败：Remote end closed connection without response
    价格 [新浪财经] 35 条，最新: ('2026-07-27', 0.888)
    汇率 281 天，最新: ('2026-07-28', 6.76615)
    标的 [stockanalysis.com] 35 条，最新: ('2026-07-24', 174.05)
    最近 10 个交易日 -> 命中 10 个
    [价格] 腾讯K线失败(sz160140) https://web.ifzq.gtimg.cn/appstock/app/fqkline/get?param=sz160140,day,,,15,qfq: HTTP Error 501: Not Implemented
    [价格] 腾讯K线无数据，改用新浪K线兜底(sz160140)
    [价格] 腾讯K线失败(sz164824) https://web.ifzq.gtimg.cn/appstock/app/fqkline/get?param=sz164824,day,,,15,qfq: HTTP Error 501: Not Implemented
    [价格] 腾讯K线无数据，改用新浪K线兜底(sz164824)
    [价格] 腾讯K线失败(sh501312) https://web.ifzq.gtimg.cn/appstock/app/fqkline/get?param=sh501312,day,,,15,qfq: HTTP Error 501: Not Implemented
    [价格] 腾讯K线无数据，改用新浪K线兜底(sh501312)
    [价格] 腾讯K线失败(sz160717) https://web.ifzq.gtimg.cn/appstock/app/fqkline/get?param=sz160717,day,,,15,qfq: HTTP Error 501: Not Implemented
    [价格] 腾讯K线无数据，改用新浪K线兜底(sz160717)
    [价格] 腾讯K线失败(sh501300) https://web.ifzq.gtimg.cn/appstock/app/fqkline/get?param=sh501300,day,,,15,qfq: HTTP Error 501: Not Implemented
    [价格] 腾讯K线无数据，改用新浪K线兜底(sh501300)
    [价格] 腾讯K线失败(sz160719) https://web.ifzq.gtimg.cn/appstock/app/fqkline/get?param=sz160719,day,,,15,qfq: HTTP Error 501: Not Implemented
    [价格] 腾讯K线无数据，改用新浪K线兜底(sz160719)
    [价格] 腾讯K线失败(sz164906) https://web.ifzq.gtimg.cn/appstock/app/fqkline/get?param=sz164906,day,,,15,qfq: HTTP Error 501: Not Implemented
    [价格] 腾讯K线无数据，改用新浪K线兜底(sz164906)
    [价格] 腾讯K线失败(sz164705) https://web.ifzq.gtimg.cn/appstock/app/fqkline/get?param=sz164705,day,,,15,qfq: HTTP Error 501: Not Implemented
    [价格] 腾讯K线无数据，改用新浪K线兜底(sz164705)
    [价格] 腾讯K线失败(sz160632) https://web.ifzq.gtimg.cn/appstock/app/fqkline/get?param=sz160632,day,,,15,qfq: HTTP Error 501: Not Implemented
    [价格] 腾讯K线无数据，改用新浪K线兜底(sz160632)
    [价格] 腾讯K线失败(sz167301) https://web.ifzq.gtimg.cn/appstock/app/fqkline/get?param=sz167301,day,,,15,qfq: HTTP Error 501: Not Implemented
    [价格] 腾讯K线无数据，改用新浪K线兜底(sz167301)
    [价格] 腾讯K线失败(sz161126) https://web.ifzq.gtimg.cn/appstock/app/fqkline/get?param=sz161126,day,,,15,qfq: HTTP Error 501: Not Implemented
    [价格] 腾讯K线无数据，改用新浪K线兜底(sz161126)
    [价格] 腾讯K线失败(sz161831) https://web.ifzq.gtimg.cn/appstock/app/fqkline/get?param=sz161831,day,,,15,qfq: HTTP Error 501: Not Implemented
    [价格] 腾讯K线无数据，改用新浪K线兜底(sz161831)
    [价格] 腾讯K线失败(sz160924) https://web.ifzq.gtimg.cn/appstock/app/fqkline/get?param=sz160924,day,,,15,qfq: HTTP Error 501: Not Implemented
    [价格] 腾讯K线无数据，改用新浪K线兜底(sz160924)
    [价格] 腾讯K线失败(sz164701) https://web.ifzq.gtimg.cn/appstock/app/fqkline/get?param=sz164701,day,,,15,qfq: HTTP Error 501: Not Implemented
    [价格] 腾讯K线无数据，改用新浪K线兜底(sz164701)
    [价格] 腾讯K线失败(sz161116) https://web.ifzq.gtimg.cn/appstock/app/fqkline/get?param=sz161116,day,,,15,qfq: HTTP Error 501: Not Implemented
    [价格] 腾讯K线无数据，改用新浪K线兜底(sz161116)
    [价格] 腾讯K线失败(sz161124) https://web.ifzq.gtimg.cn/appstock/app/fqkline/get?param=sz161124,day,,,15,qfq: HTTP Error 501: Not Implemented
    [价格] 腾讯K线无数据，改用新浪K线兜底(sz161124)
    [价格] 腾讯K线失败(sz164812) https://web.ifzq.gtimg.cn/appstock/app/fqkline/get?param=sz164812,day,,,15,qfq: HTTP Error 501: Not Implemented
    [价格] 腾讯K线无数据，改用新浪K线兜底(sz164812)
    [价格] 腾讯K线失败(sz160143) https://web.ifzq.gtimg.cn/appstock/app/fqkline/get?param=sz160143,day,,,15,qfq: HTTP Error 501: Not Implemented
    [价格] 腾讯K线无数据，改用新浪K线兜底(sz160143)
    [价格] 腾讯K线失败(sz161032) https://web.ifzq.gtimg.cn/appstock/app/fqkline/get?param=sz161032,day,,,15,qfq: HTTP Error 501: Not Implemented
    [价格] 腾讯K线无数据，改用新浪K线兜底(sz161032)
    [价格] 腾讯K线失败(sz160639) https://web.ifzq.gtimg.cn/appstock/app/fqkline/get?param=sz160639,day,,,15,qfq: HTTP Error 501: Not Implemented
    [价格] 腾讯K线无数据，改用新浪K线兜底(sz160639)
    [价格] 腾讯K线失败(sz160225) https://web.ifzq.gtimg.cn/appstock/app/fqkline/get?param=sz160225,day,,,15,qfq: HTTP Error 501: Not Implemented
    [价格] 腾讯K线无数据，改用新浪K线兜底(sz160225)
    [价格] 腾讯K线失败(sz160416) https://web.ifzq.gtimg.cn/appstock/app/fqkline/get?param=sz160416,day,,,15,qfq: HTTP Error 501: Not Implemented
    [价格] 腾讯K线无数据，改用新浪K线兜底(sz160416)
    [价格] 腾讯K线失败(sz160216) https://web.ifzq.gtimg.cn/appstock/app/fqkline/get?param=sz160216,day,,,15,qfq: HTTP Error 501: Not Implemented
    [价格] 腾讯K线无数据，改用新浪K线兜底(sz160216)
    [价格] 腾讯K线失败(sz160922) https://web.ifzq.gtimg.cn/appstock/app/fqkline/get?param=sz160922,day,,,15,qfq: HTTP Error 501: Not Implemented
    [价格] 腾讯K线无数据，改用新浪K线兜底(sz160922)
    [价格] 腾讯K线失败(sz161226) https://web.ifzq.gtimg.cn/appstock/app/fqkline/get?param=sz161226,day,,,15,qfq: HTTP Error 501: Not Implemented
    [价格] 腾讯K线无数据，改用新浪K线兜底(sz161226)
    [价格] 腾讯K线失败(sz161130) https://web.ifzq.gtimg.cn/appstock/app/fqkline/get?param=sz161130,day,,,15,qfq: HTTP Error 501: Not Implemented
    [价格] 腾讯K线无数据，改用新浪K线兜底(sz161130)
    [价格] 腾讯K线失败(sz161725) https://web.ifzq.gtimg.cn/appstock/app/fqkline/get?param=sz161725,day,,,15,qfq: HTTP Error 501: Not Implemented
    [价格] 腾讯K线无数据，改用新浪K线兜底(sz161725)
    [价格] 腾讯K线失败(sz160415) https://web.ifzq.gtimg.cn/appstock/app/fqkline/get?param=sz160415,day,,,15,qfq: HTTP Error 501: Not Implemented
    [价格] 腾讯K线无数据，改用新浪K线兜底(sz160415)
    [价格] 腾讯K线失败(sz161127) https://web.ifzq.gtimg.cn/appstock/app/fqkline/get?param=sz161127,day,,,15,qfq: HTTP Error 501: Not Implemented
    [价格] 腾讯K线无数据，改用新浪K线兜底(sz161127)
    [价格] 腾讯K线失败(sz160644) https://web.ifzq.gtimg.cn/appstock/app/fqkline/get?param=sz160644,day,,,15,qfq: HTTP Error 501: Not Implemented
    [价格] 腾讯K线无数据，改用新浪K线兜底(sz160644)
    [价格] 腾讯K线失败(sh501025) https://web.ifzq.gtimg.cn/appstock/app/fqkline/get?param=sh501025,day,,,15,qfq: HTTP Error 501: Not Implemented
    [价格] 腾讯K线无数据，改用新浪K线兜底(sh501025)
    [价格] 腾讯K线失败(sz162719) https://web.ifzq.gtimg.cn/appstock/app/fqkline/get?param=sz162719,day,,,15,qfq: HTTP Error 501: Not Implemented
    [价格] 腾讯K线无数据，改用新浪K线兜底(sz162719)
    [价格] 腾讯K线失败(sh501012) https://web.ifzq.gtimg.cn/appstock/app/fqkline/get?param=sh501012,day,,,15,qfq: HTTP Error 501: Not Implemented
    [价格] 腾讯K线无数据，改用新浪K线兜底(sh501012)
    [价格] 腾讯K线失败(sz161812) https://web.ifzq.gtimg.cn/appstock/app/fqkline/get?param=sz161812,day,,,15,qfq: HTTP Error 501: Not Implemented
    [价格] 腾讯K线无数据，改用新浪K线兜底(sz161812)
    [价格] 腾讯K线失败(sz161125) https://web.ifzq.gtimg.cn/appstock/app/fqkline/get?param=sz161125,day,,,15,qfq: HTTP Error 501: Not Implemented
    [价格] 腾讯K线无数据，改用新浪K线兜底(sz161125)
    [价格] 腾讯K线失败(sz161128) https://web.ifzq.gtimg.cn/appstock/app/fqkline/get?param=sz161128,day,,,15,qfq: HTTP Error 501: Not Implemented
    [价格] 腾讯K线无数据，改用新浪K线兜底(sz161128)
    [价格] 腾讯K线失败(sz163208) https://web.ifzq.gtimg.cn/appstock/app/fqkline/get?param=sz163208,day,,,15,qfq: HTTP Error 501: Not Implemented
    [价格] 腾讯K线无数据，改用新浪K线兜底(sz163208)
    [价格] 腾讯K线失败(sh501018) https://web.ifzq.gtimg.cn/appstock/app/fqkline/get?param=sh501018,day,,,15,qfq: HTTP Error 501: Not Implemented
    [价格] 腾讯K线无数据，改用新浪K线兜底(sh501018)
    [价格] 腾讯K线失败(sz161040) https://web.ifzq.gtimg.cn/appstock/app/fqkline/get?param=sz161040,day,,,15,qfq: HTTP Error 501: Not Implemented
    [价格] 腾讯K线无数据，改用新浪K线兜底(sz161040)
    [价格] 腾讯K线失败(sz161129) https://web.ifzq.gtimg.cn/appstock/app/fqkline/get?param=sz161129,day,,,15,qfq: HTTP Error 501: Not Implemented
    [价格] 腾讯K线无数据，改用新浪K线兜底(sz161129)
    [价格] 腾讯K线失败(sz160723) https://web.ifzq.gtimg.cn/appstock/app/fqkline/get?param=sz160723,day,,,15,qfq: HTTP Error 501: Not Implemented
    [价格] 腾讯K线无数据，改用新浪K线兜底(sz160723)
    [价格] 腾讯K线失败(sh501225) https://web.ifzq.gtimg.cn/appstock/app/fqkline/get?param=sh501225,day,,,15,qfq: HTTP Error 501: Not Implemented
    [价格] 腾讯K线无数据，改用新浪K线兜底(sh501225)
>>> [162411] 华宝标普油气上游股票人民币A · 计算30日/显示10日 ｜ 标的=XOP ｜ 模式=index
    净值 35 条，最新: ('2026-07-24', 0.9195)
    [兜底] 东财价格失败：Remote end closed connection without response
    价格 [新浪财经] 35 条，最新: ('2026-07-27', 0.888)
    汇率 281 天，最新: ('2026-07-28', 6.76615)
    标的 [stockanalysis.com] 35 条，最新: ('2026-07-24', 174.05)
    最近 10 个交易日 -> 命中 10 个
    [价格] 腾讯K线失败(sz160140) https://web.ifzq.gtimg.cn/appstock/app/fqkline/get?param=sz160140,day,,,15,qfq: HTTP Error 501: Not Implemented
    [价格] 腾讯K线无数据，改用新浪K线兜底(sz160140)
    [价格] 腾讯K线失败(sz164705) https://web.ifzq.gtimg.cn/appstock/app/fqkline/get?param=sz164705,day,,,15,qfq: HTTP Error 501: Not Implemented
    [价格] 腾讯K线无数据，改用新浪K线兜底(sz164705)
    [价格] 腾讯K线失败(sz164824) https://web.ifzq.gtimg.cn/appstock/app/fqkline/get?param=sz164824,day,,,15,qfq: HTTP Error 501: Not Implemented
    [价格] 腾讯K线无数据，改用新浪K线兜底(sz164824)
    [价格] 腾讯K线失败(sh501312) https://web.ifzq.gtimg.cn/appstock/app/fqkline/get?param=sh501312,day,,,15,qfq: HTTP Error 501: Not Implemented
    [价格] 腾讯K线无数据，改用新浪K线兜底(sh501312)
    [价格] 腾讯K线失败(sz160717) https://web.ifzq.gtimg.cn/appstock/app/fqkline/get?param=sz160717,day,,,15,qfq: HTTP Error 501: Not Implemented
    [价格] 腾讯K线无数据，改用新浪K线兜底(sz160717)
    [价格] 腾讯K线失败(sh501300) https://web.ifzq.gtimg.cn/appstock/app/fqkline/get?param=sh501300,day,,,15,qfq: HTTP Error 501: Not Implemented
    [价格] 腾讯K线无数据，改用新浪K线兜底(sh501300)
    [价格] 腾讯K线失败(sz164906) https://web.ifzq.gtimg.cn/appstock/app/fqkline/get?param=sz164906,day,,,15,qfq: HTTP Error 501: Not Implemented
    [价格] 腾讯K线无数据，改用新浪K线兜底(sz164906)
    [价格] 腾讯K线失败(sz160719) https://web.ifzq.gtimg.cn/appstock/app/fqkline/get?param=sz160719,day,,,15,qfq: HTTP Error 501: Not Implemented
    [价格] 腾讯K线无数据，改用新浪K线兜底(sz160719)
    [价格] 腾讯K线失败(sz167301) https://web.ifzq.gtimg.cn/appstock/app/fqkline/get?param=sz167301,day,,,15,qfq: HTTP Error 501: Not Implemented
    [价格] 腾讯K线无数据，改用新浪K线兜底(sz167301)
    [价格] 腾讯K线失败(sz161126) https://web.ifzq.gtimg.cn/appstock/app/fqkline/get?param=sz161126,day,,,15,qfq: HTTP Error 501: Not Implemented
    [价格] 腾讯K线无数据，改用新浪K线兜底(sz161126)
    [价格] 腾讯K线失败(sz161116) https://web.ifzq.gtimg.cn/appstock/app/fqkline/get?param=sz161116,day,,,15,qfq: HTTP Error 501: Not Implemented
    [价格] 腾讯K线无数据，改用新浪K线兜底(sz161116)
    [价格] 腾讯K线失败(sz161124) https://web.ifzq.gtimg.cn/appstock/app/fqkline/get?param=sz161124,day,,,15,qfq: HTTP Error 501: Not Implemented
    [价格] 腾讯K线无数据，改用新浪K线兜底(sz161124)
    [价格] 腾讯K线失败(sz161831) https://web.ifzq.gtimg.cn/appstock/app/fqkline/get?param=sz161831,day,,,15,qfq: HTTP Error 501: Not Implemented
    [价格] 腾讯K线无数据，改用新浪K线兜底(sz161831)
    [价格] 腾讯K线失败(sz163208) https://web.ifzq.gtimg.cn/appstock/app/fqkline/get?param=sz163208,day,,,15,qfq: HTTP Error 501: Not Implemented
    [价格] 腾讯K线无数据，改用新浪K线兜底(sz163208)
    [价格] 腾讯K线失败(sz160924) https://web.ifzq.gtimg.cn/appstock/app/fqkline/get?param=sz160924,day,,,15,qfq: HTTP Error 501: Not Implemented
    [价格] 腾讯K线无数据，改用新浪K线兜底(sz160924)
    [价格] 腾讯K线失败(sz160632) https://web.ifzq.gtimg.cn/appstock/app/fqkline/get?param=sz160632,day,,,15,qfq: HTTP Error 501: Not Implemented
    [价格] 腾讯K线无数据，改用新浪K线兜底(sz160632)
    [价格] 腾讯K线失败(sz160639) https://web.ifzq.gtimg.cn/appstock/app/fqkline/get?param=sz160639,day,,,15,qfq: HTTP Error 501: Not Implemented
    [价格] 腾讯K线无数据，改用新浪K线兜底(sz160639)
    [价格] 腾讯K线失败(sz160216) https://web.ifzq.gtimg.cn/appstock/app/fqkline/get?param=sz160216,day,,,15,qfq: HTTP Error 501: Not Implemented
    [价格] 腾讯K线无数据，改用新浪K线兜底(sz160216)
    [价格] 腾讯K线失败(sz164701) https://web.ifzq.gtimg.cn/appstock/app/fqkline/get?param=sz164701,day,,,15,qfq: HTTP Error 501: Not Implemented
    [价格] 腾讯K线无数据，改用新浪K线兜底(sz164701)
    [价格] 腾讯K线失败(sz164812) https://web.ifzq.gtimg.cn/appstock/app/fqkline/get?param=sz164812,day,,,15,qfq: HTTP Error 501: Not Implemented
    [价格] 腾讯K线无数据，改用新浪K线兜底(sz164812)
    [价格] 腾讯K线失败(sz160225) https://web.ifzq.gtimg.cn/appstock/app/fqkline/get?param=sz160225,day,,,15,qfq: HTTP Error 501: Not Implemented
    [价格] 腾讯K线无数据，改用新浪K线兜底(sz160225)
    [价格] 腾讯K线失败(sz161032) https://web.ifzq.gtimg.cn/appstock/app/fqkline/get?param=sz161032,day,,,15,qfq: HTTP Error 501: Not Implemented
    [价格] 腾讯K线无数据，改用新浪K线兜底(sz161032)
    [价格] 腾讯K线失败(sz160416) https://web.ifzq.gtimg.cn/appstock/app/fqkline/get?param=sz160416,day,,,15,qfq: HTTP Error 501: Not Implemented
    [价格] 腾讯K线无数据，改用新浪K线兜底(sz160416)
    [价格] 腾讯K线失败(sz160922) https://web.ifzq.gtimg.cn/appstock/app/fqkline/get?param=sz160922,day,,,15,qfq: HTTP Error 501: Not Implemented
    [价格] 腾讯K线无数据，改用新浪K线兜底(sz160922)
    [价格] 腾讯K线失败(sz160143) https://web.ifzq.gtimg.cn/appstock/app/fqkline/get?param=sz160143,day,,,15,qfq: HTTP Error 501: Not Implemented
    [价格] 腾讯K线无数据，改用新浪K线兜底(sz160143)
    [价格] 腾讯K线失败(sz161130) https://web.ifzq.gtimg.cn/appstock/app/fqkline/get?param=sz161130,day,,,15,qfq: HTTP Error 501: Not Implemented
    [价格] 腾讯K线无数据，改用新浪K线兜底(sz161130)
    [价格] 腾讯K线失败(sz161127) https://web.ifzq.gtimg.cn/appstock/app/fqkline/get?param=sz161127,day,,,15,qfq: HTTP Error 501: Not Implemented
    [价格] 腾讯K线无数据，改用新浪K线兜底(sz161127)
    [价格] 腾讯K线失败(sz161226) https://web.ifzq.gtimg.cn/appstock/app/fqkline/get?param=sz161226,day,,,15,qfq: HTTP Error 501: Not Implemented
    [价格] 腾讯K线无数据，改用新浪K线兜底(sz161226)
    [价格] 腾讯K线失败(sz160415) https://web.ifzq.gtimg.cn/appstock/app/fqkline/get?param=sz160415,day,,,15,qfq: HTTP Error 501: Not Implemented
    [价格] 腾讯K线无数据，改用新浪K线兜底(sz160415)
    [价格] 腾讯K线失败(sz161725) https://web.ifzq.gtimg.cn/appstock/app/fqkline/get?param=sz161725,day,,,15,qfq: HTTP Error 501: Not Implemented
    [价格] 腾讯K线无数据，改用新浪K线兜底(sz161725)
    [价格] 腾讯K线失败(sz160644) https://web.ifzq.gtimg.cn/appstock/app/fqkline/get?param=sz160644,day,,,15,qfq: HTTP Error 501: Not Implemented
    [价格] 腾讯K线无数据，改用新浪K线兜底(sz160644)
    [价格] 腾讯K线失败(sh501025) https://web.ifzq.gtimg.cn/appstock/app/fqkline/get?param=sh501025,day,,,15,qfq: HTTP Error 501: Not Implemented
    [价格] 腾讯K线无数据，改用新浪K线兜底(sh501025)
    [价格] 腾讯K线失败(sh501012) https://web.ifzq.gtimg.cn/appstock/app/fqkline/get?param=sh501012,day,,,15,qfq: HTTP Error 501: Not Implemented
    [价格] 腾讯K线无数据，改用新浪K线兜底(sh501012)
    [价格] 腾讯K线失败(sz161040) https://web.ifzq.gtimg.cn/appstock/app/fqkline/get?param=sz161040,day,,,15,qfq: HTTP Error 501: Not Implemented
    [价格] 腾讯K线无数据，改用新浪K线兜底(sz161040)
    [价格] 腾讯K线失败(sz162719) https://web.ifzq.gtimg.cn/appstock/app/fqkline/get?param=sz162719,day,,,15,qfq: HTTP Error 501: Not Implemented
    [价格] 腾讯K线无数据，改用新浪K线兜底(sz162719)
    [价格] 腾讯K线失败(sz161128) https://web.ifzq.gtimg.cn/appstock/app/fqkline/get?param=sz161128,day,,,15,qfq: HTTP Error 501: Not Implemented
    [价格] 腾讯K线无数据，改用新浪K线兜底(sz161128)
    [价格] 腾讯K线失败(sz161812) https://web.ifzq.gtimg.cn/appstock/app/fqkline/get?param=sz161812,day,,,15,qfq: HTTP Error 501: Not Implemented
    [价格] 腾讯K线无数据，改用新浪K线兜底(sz161812)
    [价格] 腾讯K线失败(sz161125) https://web.ifzq.gtimg.cn/appstock/app/fqkline/get?param=sz161125,day,,,15,qfq: HTTP Error 501: Not Implemented
    [价格] 腾讯K线无数据，改用新浪K线兜底(sz161125)
    [价格] 腾讯K线失败(sh501018) https://web.ifzq.gtimg.cn/appstock/app/fqkline/get?param=sh501018,day,,,15,qfq: HTTP Error 501: Not Implemented
    [价格] 腾讯K线无数据，改用新浪K线兜底(sh501018)
    [价格] 腾讯K线失败(sz160723) https://web.ifzq.gtimg.cn/appstock/app/fqkline/get?param=sz160723,day,,,15,qfq: HTTP Error 501: Not Implemented
    [价格] 腾讯K线无数据，改用新浪K线兜底(sz160723)
    [价格] 腾讯K线失败(sh501225) https://web.ifzq.gtimg.cn/appstock/app/fqkline/get?param=sh501225,day,,,15,qfq: HTTP Error 501: Not Implemented
    [价格] 腾讯K线无数据，改用新浪K线兜底(sh501225)
    [价格] 腾讯K线失败(sz161129) https://web.ifzq.gtimg.cn/appstock/app/fqkline/get?param=sz161129,day,,,15,qfq: HTTP Error 501: Not Implemented
    [价格] 腾讯K线无数据，改用新浪K线兜底(sz161129)
>>> [162411] 华宝标普油气上游股票人民币A · 计算30日/显示10日 ｜ 标的=XOP ｜ 模式=index
    净值 35 条，最新: ('2026-07-24', 0.9195)
    [兜底] 东财价格失败：Remote end closed connection without response
    价格 [新浪财经] 35 条，最新: ('2026-07-27', 0.888)
    汇率 281 天，最新: ('2026-07-28', 6.76615)
    标的 [stockanalysis.com] 35 条，最新: ('2026-07-24', 174.05)
    最近 10 个交易日 -> 命中 10 个
    [价格] 腾讯K线失败(sz164705) https://web.ifzq.gtimg.cn/appstock/app/fqkline/get?param=sz164705,day,,,15,qfq: HTTP Error 501: Not Implemented
    [价格] 腾讯K线无数据，改用新浪K线兜底(sz164705)
    [价格] 腾讯K线失败(sz164824) https://web.ifzq.gtimg.cn/appstock/app/fqkline/get?param=sz164824,day,,,15,qfq: HTTP Error 501: Not Implemented
    [价格] 腾讯K线无数据，改用新浪K线兜底(sz164824)
    [价格] 腾讯K线失败(sz160140) https://web.ifzq.gtimg.cn/appstock/app/fqkline/get?param=sz160140,day,,,15,qfq: HTTP Error 501: Not Implemented
    [价格] 腾讯K线无数据，改用新浪K线兜底(sz160140)
    [价格] 腾讯K线失败(sz164906) https://web.ifzq.gtimg.cn/appstock/app/fqkline/get?param=sz164906,day,,,15,qfq: HTTP Error 501: Not Implemented
    [价格] 腾讯K线无数据，改用新浪K线兜底(sz164906)
    [价格] 腾讯K线失败(sh501312) https://web.ifzq.gtimg.cn/appstock/app/fqkline/get?param=sh501312,day,,,15,qfq: HTTP Error 501: Not Implemented
    [价格] 腾讯K线无数据，改用新浪K线兜底(sh501312)
    [价格] 腾讯K线失败(sz160719) https://web.ifzq.gtimg.cn/appstock/app/fqkline/get?param=sz160719,day,,,15,qfq: HTTP Error 501: Not Implemented
    [价格] 腾讯K线无数据，改用新浪K线兜底(sz160719)
    [价格] 腾讯K线失败(sz160717) https://web.ifzq.gtimg.cn/appstock/app/fqkline/get?param=sz160717,day,,,15,qfq: HTTP Error 501: Not Implemented
    [价格] 腾讯K线无数据，改用新浪K线兜底(sz160717)
    [价格] 腾讯K线失败(sh501300) https://web.ifzq.gtimg.cn/appstock/app/fqkline/get?param=sh501300,day,,,15,qfq: HTTP Error 501: Not Implemented
    [价格] 腾讯K线无数据，改用新浪K线兜底(sh501300)
    [价格] 腾讯K线失败(sz161124) https://web.ifzq.gtimg.cn/appstock/app/fqkline/get?param=sz161124,day,,,15,qfq: HTTP Error 501: Not Implemented
    [价格] 腾讯K线无数据，改用新浪K线兜底(sz161124)
    [价格] 腾讯K线失败(sz161116) https://web.ifzq.gtimg.cn/appstock/app/fqkline/get?param=sz161116,day,,,15,qfq: HTTP Error 501: Not Implemented
    [价格] 腾讯K线无数据，改用新浪K线兜底(sz161116)
    [价格] 腾讯K线失败(sz161831) https://web.ifzq.gtimg.cn/appstock/app/fqkline/get?param=sz161831,day,,,15,qfq: HTTP Error 501: Not Implemented
    [价格] 腾讯K线无数据，改用新浪K线兜底(sz161831)
    [价格] 腾讯K线失败(sz160924) https://web.ifzq.gtimg.cn/appstock/app/fqkline/get?param=sz160924,day,,,15,qfq: HTTP Error 501: Not Implemented
    [价格] 腾讯K线无数据，改用新浪K线兜底(sz160924)
    [价格] 腾讯K线失败(sz167301) https://web.ifzq.gtimg.cn/appstock/app/fqkline/get?param=sz167301,day,,,15,qfq: HTTP Error 501: Not Implemented
    [价格] 腾讯K线无数据，改用新浪K线兜底(sz167301)
    [价格] 腾讯K线失败(sz160632) https://web.ifzq.gtimg.cn/appstock/app/fqkline/get?param=sz160632,day,,,15,qfq: HTTP Error 501: Not Implemented
    [价格] 腾讯K线无数据，改用新浪K线兜底(sz160632)
    [价格] 腾讯K线失败(sz161126) https://web.ifzq.gtimg.cn/appstock/app/fqkline/get?param=sz161126,day,,,15,qfq: HTTP Error 501: Not Implemented
    [价格] 腾讯K线无数据，改用新浪K线兜底(sz161126)
    [价格] 腾讯K线失败(sz164701) https://web.ifzq.gtimg.cn/appstock/app/fqkline/get?param=sz164701,day,,,15,qfq: HTTP Error 501: Not Implemented
    [价格] 腾讯K线无数据，改用新浪K线兜底(sz164701)
    [价格] 腾讯K线失败(sz160216) https://web.ifzq.gtimg.cn/appstock/app/fqkline/get?param=sz160216,day,,,15,qfq: HTTP Error 501: Not Implemented
    [价格] 腾讯K线无数据，改用新浪K线兜底(sz160216)
    [价格] 腾讯K线失败(sz164812) https://web.ifzq.gtimg.cn/appstock/app/fqkline/get?param=sz164812,day,,,15,qfq: HTTP Error 501: Not Implemented
    [价格] 腾讯K线无数据，改用新浪K线兜底(sz164812)
    [价格] 腾讯K线失败(sz160143) https://web.ifzq.gtimg.cn/appstock/app/fqkline/get?param=sz160143,day,,,15,qfq: HTTP Error 501: Not Implemented
    [价格] 腾讯K线无数据，改用新浪K线兜底(sz160143)
    [价格] 腾讯K线失败(sz161032) https://web.ifzq.gtimg.cn/appstock/app/fqkline/get?param=sz161032,day,,,15,qfq: HTTP Error 501: Not Implemented
    [价格] 腾讯K线无数据，改用新浪K线兜底(sz161032)
    [价格] 腾讯K线失败(sz160639) https://web.ifzq.gtimg.cn/appstock/app/fqkline/get?param=sz160639,day,,,15,qfq: HTTP Error 501: Not Implemented
    [价格] 腾讯K线无数据，改用新浪K线兜底(sz160639)
    [价格] 腾讯K线失败(sz163208) https://web.ifzq.gtimg.cn/appstock/app/fqkline/get?param=sz163208,day,,,15,qfq: HTTP Error 501: Not Implemented
    [价格] 腾讯K线无数据，改用新浪K线兜底(sz163208)
    [价格] 腾讯K线失败(sz160225) https://web.ifzq.gtimg.cn/appstock/app/fqkline/get?param=sz160225,day,,,15,qfq: HTTP Error 501: Not Implemented
    [价格] 腾讯K线无数据，改用新浪K线兜底(sz160225)
    [价格] 腾讯K线失败(sz160416) https://web.ifzq.gtimg.cn/appstock/app/fqkline/get?param=sz160416,day,,,15,qfq: HTTP Error 501: Not Implemented
    [价格] 腾讯K线无数据，改用新浪K线兜底(sz160416)
    [价格] 腾讯K线失败(sz160922) https://web.ifzq.gtimg.cn/appstock/app/fqkline/get?param=sz160922,day,,,15,qfq: HTTP Error 501: Not Implemented
    [价格] 腾讯K线无数据，改用新浪K线兜底(sz160922)
    [价格] 腾讯K线失败(sz161130) https://web.ifzq.gtimg.cn/appstock/app/fqkline/get?param=sz161130,day,,,15,qfq: HTTP Error 501: Not Implemented
    [价格] 腾讯K线无数据，改用新浪K线兜底(sz161130)
    [价格] 腾讯K线失败(sz161127) https://web.ifzq.gtimg.cn/appstock/app/fqkline/get?param=sz161127,day,,,15,qfq: HTTP Error 501: Not Implemented
    [价格] 腾讯K线无数据，改用新浪K线兜底(sz161127)
    [价格] 腾讯K线失败(sz161226) https://web.ifzq.gtimg.cn/appstock/app/fqkline/get?param=sz161226,day,,,15,qfq: HTTP Error 501: Not Implemented
    [价格] 腾讯K线无数据，改用新浪K线兜底(sz161226)
    [价格] 腾讯K线失败(sz161725) https://web.ifzq.gtimg.cn/appstock/app/fqkline/get?param=sz161725,day,,,15,qfq: HTTP Error 501: Not Implemented
    [价格] 腾讯K线无数据，改用新浪K线兜底(sz161725)
    [价格] 腾讯K线失败(sz160415) https://web.ifzq.gtimg.cn/appstock/app/fqkline/get?param=sz160415,day,,,15,qfq: HTTP Error 501: Not Implemented
    [价格] 腾讯K线无数据，改用新浪K线兜底(sz160415)
    [价格] 腾讯K线失败(sh501025) https://web.ifzq.gtimg.cn/appstock/app/fqkline/get?param=sh501025,day,,,15,qfq: HTTP Error 501: Not Implemented
    [价格] 腾讯K线无数据，改用新浪K线兜底(sh501025)
    [价格] 腾讯K线失败(sz160644) https://web.ifzq.gtimg.cn/appstock/app/fqkline/get?param=sz160644,day,,,15,qfq: HTTP Error 501: Not Implemented
    [价格] 腾讯K线无数据，改用新浪K线兜底(sz160644)
    [价格] 腾讯K线失败(sz162719) https://web.ifzq.gtimg.cn/appstock/app/fqkline/get?param=sz162719,day,,,15,qfq: HTTP Error 501: Not Implemented
    [价格] 腾讯K线无数据，改用新浪K线兜底(sz162719)
    [价格] 腾讯K线失败(sh501012) https://web.ifzq.gtimg.cn/appstock/app/fqkline/get?param=sh501012,day,,,15,qfq: HTTP Error 501: Not Implemented
    [价格] 腾讯K线无数据，改用新浪K线兜底(sh501012)
    [价格] 腾讯K线失败(sz161040) https://web.ifzq.gtimg.cn/appstock/app/fqkline/get?param=sz161040,day,,,15,qfq: HTTP Error 501: Not Implemented
    [价格] 腾讯K线无数据，改用新浪K线兜底(sz161040)
    [价格] 腾讯K线失败(sz161812) https://web.ifzq.gtimg.cn/appstock/app/fqkline/get?param=sz161812,day,,,15,qfq: HTTP Error 501: Not Implemented
    [价格] 腾讯K线无数据，改用新浪K线兜底(sz161812)
    [价格] 腾讯K线失败(sz161125) https://web.ifzq.gtimg.cn/appstock/app/fqkline/get?param=sz161125,day,,,15,qfq: HTTP Error 501: Not Implemented
    [价格] 腾讯K线无数据，改用新浪K线兜底(sz161125)
    [价格] 腾讯K线失败(sz160723) https://web.ifzq.gtimg.cn/appstock/app/fqkline/get?param=sz160723,day,,,15,qfq: HTTP Error 501: Not Implemented
    [价格] 腾讯K线无数据，改用新浪K线兜底(sz160723)
    [价格] 腾讯K线失败(sh501018) https://web.ifzq.gtimg.cn/appstock/app/fqkline/get?param=sh501018,day,,,15,qfq: HTTP Error 501: Not Implemented
    [价格] 腾讯K线无数据，改用新浪K线兜底(sh501018)
    [价格] 腾讯K线失败(sz161128) https://web.ifzq.gtimg.cn/appstock/app/fqkline/get?param=sz161128,day,,,15,qfq: HTTP Error 501: Not Implemented
    [价格] 腾讯K线无数据，改用新浪K线兜底(sz161128)
    [价格] 腾讯K线失败(sz161129) https://web.ifzq.gtimg.cn/appstock/app/fqkline/get?param=sz161129,day,,,15,qfq: HTTP Error 501: Not Implemented
    [价格] 腾讯K线无数据，改用新浪K线兜底(sz161129)
    [价格] 腾讯K线失败(sh501225) https://web.ifzq.gtimg.cn/appstock/app/fqkline/get?param=sh501225,day,,,15,qfq: HTTP Error 501: Not Implemented
    [价格] 腾讯K线无数据，改用新浪K线兜底(sh501225)
>>> [162411] 华宝标普油气上游股票人民币A · 计算30日/显示10日 ｜ 标的=XOP ｜ 模式=index
    净值 35 条，最新: ('2026-07-24', 0.9195)
    [兜底] 东财价格失败：Remote end closed connection without response
    价格 [新浪财经] 35 条，最新: ('2026-07-27', 0.888)
    汇率 281 天，最新: ('2026-07-28', 6.76615)
    标的 [stockanalysis.com] 35 条，最新: ('2026-07-24', 174.05)
    最近 10 个交易日 -> 命中 10 个
    [价格] 腾讯K线失败(sz160140) https://web.ifzq.gtimg.cn/appstock/app/fqkline/get?param=sz160140,day,,,15,qfq: HTTP Error 501: Not Implemented
    [价格] 腾讯K线无数据，改用新浪K线兜底(sz160140)
    [价格] 腾讯K线失败(sh501312) https://web.ifzq.gtimg.cn/appstock/app/fqkline/get?param=sh501312,day,,,15,qfq: HTTP Error 501: Not Implemented
    [价格] 腾讯K线无数据，改用新浪K线兜底(sh501312)
    [价格] 腾讯K线失败(sz160717) https://web.ifzq.gtimg.cn/appstock/app/fqkline/get?param=sz160717,day,,,15,qfq: HTTP Error 501: Not Implemented
    [价格] 腾讯K线无数据，改用新浪K线兜底(sz160717)
    [价格] 腾讯K线失败(sz164705) https://web.ifzq.gtimg.cn/appstock/app/fqkline/get?param=sz164705,day,,,15,qfq: HTTP Error 501: Not Implemented
    [价格] 腾讯K线无数据，改用新浪K线兜底(sz164705)
    [价格] 腾讯K线失败(sz160719) https://web.ifzq.gtimg.cn/appstock/app/fqkline/get?param=sz160719,day,,,15,qfq: HTTP Error 501: Not Implemented
    [价格] 腾讯K线无数据，改用新浪K线兜底(sz160719)
    [价格] 腾讯K线失败(sz164906) https://web.ifzq.gtimg.cn/appstock/app/fqkline/get?param=sz164906,day,,,15,qfq: HTTP Error 501: Not Implemented
    [价格] 腾讯K线无数据，改用新浪K线兜底(sz164906)
    [价格] 腾讯K线失败(sz164824) https://web.ifzq.gtimg.cn/appstock/app/fqkline/get?param=sz164824,day,,,15,qfq: HTTP Error 501: Not Implemented
    [价格] 腾讯K线无数据，改用新浪K线兜底(sz164824)
    [价格] 腾讯K线失败(sh501300) https://web.ifzq.gtimg.cn/appstock/app/fqkline/get?param=sh501300,day,,,15,qfq: HTTP Error 501: Not Implemented
    [价格] 腾讯K线无数据，改用新浪K线兜底(sh501300)
    [价格] 腾讯K线失败(sz167301) https://web.ifzq.gtimg.cn/appstock/app/fqkline/get?param=sz167301,day,,,15,qfq: HTTP Error 501: Not Implemented
    [价格] 腾讯K线无数据，改用新浪K线兜底(sz167301)
    [价格] 腾讯K线失败(sz160632) https://web.ifzq.gtimg.cn/appstock/app/fqkline/get?param=sz160632,day,,,15,qfq: HTTP Error 501: Not Implemented
    [价格] 腾讯K线无数据，改用新浪K线兜底(sz160632)
    [价格] 腾讯K线失败(sz161116) https://web.ifzq.gtimg.cn/appstock/app/fqkline/get?param=sz161116,day,,,15,qfq: HTTP Error 501: Not Implemented
    [价格] 腾讯K线无数据，改用新浪K线兜底(sz161116)
    [价格] 腾讯K线失败(sz161831) https://web.ifzq.gtimg.cn/appstock/app/fqkline/get?param=sz161831,day,,,15,qfq: HTTP Error 501: Not Implemented
    [价格] 腾讯K线无数据，改用新浪K线兜底(sz161831)
    [价格] 腾讯K线失败(sz160924) https://web.ifzq.gtimg.cn/appstock/app/fqkline/get?param=sz160924,day,,,15,qfq: HTTP Error 501: Not Implemented
    [价格] 腾讯K线无数据，改用新浪K线兜底(sz160924)
    [价格] 腾讯K线失败(sz161126) https://web.ifzq.gtimg.cn/appstock/app/fqkline/get?param=sz161126,day,,,15,qfq: HTTP Error 501: Not Implemented
    [价格] 腾讯K线无数据，改用新浪K线兜底(sz161126)
    [价格] 腾讯K线失败(sz164701) https://web.ifzq.gtimg.cn/appstock/app/fqkline/get?param=sz164701,day,,,15,qfq: HTTP Error 501: Not Implemented
    [价格] 腾讯K线无数据，改用新浪K线兜底(sz164701)
    [价格] 腾讯K线失败(sz161124) https://web.ifzq.gtimg.cn/appstock/app/fqkline/get?param=sz161124,day,,,15,qfq: HTTP Error 501: Not Implemented
    [价格] 腾讯K线无数据，改用新浪K线兜底(sz161124)
    [价格] 腾讯K线失败(sz160639) https://web.ifzq.gtimg.cn/appstock/app/fqkline/get?param=sz160639,day,,,15,qfq: HTTP Error 501: Not Implemented
    [价格] 腾讯K线无数据，改用新浪K线兜底(sz160639)
    [价格] 腾讯K线失败(sz163208) https://web.ifzq.gtimg.cn/appstock/app/fqkline/get?param=sz163208,day,,,15,qfq: HTTP Error 501: Not Implemented
    [价格] 腾讯K线无数据，改用新浪K线兜底(sz163208)
    [价格] 腾讯K线失败(sz160216) https://web.ifzq.gtimg.cn/appstock/app/fqkline/get?param=sz160216,day,,,15,qfq: HTTP Error 501: Not Implemented
    [价格] 腾讯K线无数据，改用新浪K线兜底(sz160216)
    [价格] 腾讯K线失败(sz164812) https://web.ifzq.gtimg.cn/appstock/app/fqkline/get?param=sz164812,day,,,15,qfq: HTTP Error 501: Not Implemented
    [价格] 腾讯K线无数据，改用新浪K线兜底(sz164812)
    [价格] 腾讯K线失败(sz161032) https://web.ifzq.gtimg.cn/appstock/app/fqkline/get?param=sz161032,day,,,15,qfq: HTTP Error 501: Not Implemented
    [价格] 腾讯K线无数据，改用新浪K线兜底(sz161032)
    [价格] 腾讯K线失败(sz160225) https://web.ifzq.gtimg.cn/appstock/app/fqkline/get?param=sz160225,day,,,15,qfq: HTTP Error 501: Not Implemented
    [价格] 腾讯K线无数据，改用新浪K线兜底(sz160225)
    [价格] 腾讯K线失败(sz160416) https://web.ifzq.gtimg.cn/appstock/app/fqkline/get?param=sz160416,day,,,15,qfq: HTTP Error 501: Not Implemented
    [价格] 腾讯K线无数据，改用新浪K线兜底(sz160416)
    [价格] 腾讯K线失败(sz160143) https://web.ifzq.gtimg.cn/appstock/app/fqkline/get?param=sz160143,day,,,15,qfq: HTTP Error 501: Not Implemented
    [价格] 腾讯K线无数据，改用新浪K线兜底(sz160143)
    [价格] 腾讯K线失败(sz161130) https://web.ifzq.gtimg.cn/appstock/app/fqkline/get?param=sz161130,day,,,15,qfq: HTTP Error 501: Not Implemented
    [价格] 腾讯K线无数据，改用新浪K线兜底(sz161130)
    [价格] 腾讯K线失败(sz160922) https://web.ifzq.gtimg.cn/appstock/app/fqkline/get?param=sz160922,day,,,15,qfq: HTTP Error 501: Not Implemented
    [价格] 腾讯K线无数据，改用新浪K线兜底(sz160922)
    [价格] 腾讯K线失败(sz161127) https://web.ifzq.gtimg.cn/appstock/app/fqkline/get?param=sz161127,day,,,15,qfq: HTTP Error 501: Not Implemented
    [价格] 腾讯K线无数据，改用新浪K线兜底(sz161127)
    [价格] 腾讯K线失败(sz161226) https://web.ifzq.gtimg.cn/appstock/app/fqkline/get?param=sz161226,day,,,15,qfq: HTTP Error 501: Not Implemented
    [价格] 腾讯K线无数据，改用新浪K线兜底(sz161226)
    [价格] 腾讯K线失败(sz161725) https://web.ifzq.gtimg.cn/appstock/app/fqkline/get?param=sz161725,day,,,15,qfq: HTTP Error 501: Not Implemented
    [价格] 腾讯K线无数据，改用新浪K线兜底(sz161725)
    [价格] 腾讯K线失败(sz160415) https://web.ifzq.gtimg.cn/appstock/app/fqkline/get?param=sz160415,day,,,15,qfq: HTTP Error 501: Not Implemented
    [价格] 腾讯K线无数据，改用新浪K线兜底(sz160415)
    [价格] 腾讯K线失败(sz160644) https://web.ifzq.gtimg.cn/appstock/app/fqkline/get?param=sz160644,day,,,15,qfq: HTTP Error 501: Not Implemented
    [价格] 腾讯K线无数据，改用新浪K线兜底(sz160644)
    [价格] 腾讯K线失败(sh501012) https://web.ifzq.gtimg.cn/appstock/app/fqkline/get?param=sh501012,day,,,15,qfq: HTTP Error 501: Not Implemented
    [价格] 腾讯K线无数据，改用新浪K线兜底(sh501012)
    [价格] 腾讯K线失败(sz162719) https://web.ifzq.gtimg.cn/appstock/app/fqkline/get?param=sz162719,day,,,15,qfq: HTTP Error 501: Not Implemented
    [价格] 腾讯K线无数据，改用新浪K线兜底(sz162719)
    [价格] 腾讯K线失败(sh501025) https://web.ifzq.gtimg.cn/appstock/app/fqkline/get?param=sh501025,day,,,15,qfq: HTTP Error 501: Not Implemented
    [价格] 腾讯K线无数据，改用新浪K线兜底(sh501025)
    [价格] 腾讯K线失败(sz161040) https://web.ifzq.gtimg.cn/appstock/app/fqkline/get?param=sz161040,day,,,15,qfq: HTTP Error 501: Not Implemented
    [价格] 腾讯K线无数据，改用新浪K线兜底(sz161040)
    [价格] 腾讯K线失败(sz161812) https://web.ifzq.gtimg.cn/appstock/app/fqkline/get?param=sz161812,day,,,15,qfq: HTTP Error 501: Not Implemented
    [价格] 腾讯K线无数据，改用新浪K线兜底(sz161812)
    [价格] 腾讯K线失败(sz161125) https://web.ifzq.gtimg.cn/appstock/app/fqkline/get?param=sz161125,day,,,15,qfq: HTTP Error 501: Not Implemented
    [价格] 腾讯K线无数据，改用新浪K线兜底(sz161125)
    [价格] 腾讯K线失败(sz161128) https://web.ifzq.gtimg.cn/appstock/app/fqkline/get?param=sz161128,day,,,15,qfq: HTTP Error 501: Not Implemented
    [价格] 腾讯K线无数据，改用新浪K线兜底(sz161128)
    [价格] 腾讯K线失败(sh501018) https://web.ifzq.gtimg.cn/appstock/app/fqkline/get?param=sh501018,day,,,15,qfq: HTTP Error 501: Not Implemented
    [价格] 腾讯K线无数据，改用新浪K线兜底(sh501018)
    [价格] 腾讯K线失败(sz160723) https://web.ifzq.gtimg.cn/appstock/app/fqkline/get?param=sz160723,day,,,15,qfq: HTTP Error 501: Not Implemented
    [价格] 腾讯K线无数据，改用新浪K线兜底(sz160723)
    [价格] 腾讯K线失败(sz161129) https://web.ifzq.gtimg.cn/appstock/app/fqkline/get?param=sz161129,day,,,15,qfq: HTTP Error 501: Not Implemented
    [价格] 腾讯K线无数据，改用新浪K线兜底(sz161129)
    [价格] 腾讯K线失败(sh501225) https://web.ifzq.gtimg.cn/appstock/app/fqkline/get?param=sh501225,day,,,15,qfq: HTTP Error 501: Not Implemented
    [价格] 腾讯K线无数据，改用新浪K线兜底(sh501225)
>>> [162411] 华宝标普油气上游股票人民币A · 计算30日/显示10日 ｜ 标的=XOP ｜ 模式=index
    净值 35 条，最新: ('2026-07-24', 0.9195)
    [兜底] 东财价格失败：Remote end closed connection without response
    价格 [新浪财经] 35 条，最新: ('2026-07-27', 0.888)
    汇率 281 天，最新: ('2026-07-28', 6.76615)
    标的 [stockanalysis.com] 35 条，最新: ('2026-07-24', 174.05)
    最近 10 个交易日 -> 命中 10 个
>>> [162411] 华宝标普油气上游股票人民币A · 计算30日/显示10日 ｜ 标的=XOP ｜ 模式=auto
    净值 35 条，最新: ('2026-07-24', 0.9195)
    [兜底] 东财价格失败：Remote end closed connection without response
    价格 [新浪财经] 35 条，最新: ('2026-07-27', 0.888)
    汇率 281 天，最新: ('2026-07-28', 6.76615)
    标的 [stockanalysis.com] 35 条，最新: ('2026-07-24', 174.05)
    最近 10 个交易日 -> 命中 10 个
>>> [162411] 华宝标普油气上游股票人民币A · 计算30日/显示10日 ｜ 标的=XOP ｜ 模式=index
    净值 35 条，最新: ('2026-07-24', 0.9195)
    [兜底] 东财价格失败：Remote end closed connection without response
    价格 [新浪财经] 35 条，最新: ('2026-07-27', 0.888)
    汇率 281 天，最新: ('2026-07-28', 6.76615)
    标的 [stockanalysis.com] 35 条，最新: ('2026-07-24', 174.05)
    最近 10 个交易日 -> 命中 10 个
    [持仓] 160644 合成指数完成，覆盖 78.2%（10 只）
    [警告] 基金信息页获取失败：HTTP Error 514: Frequency Capped
    [警告] 基金信息页获取失败：HTTP Error 514: Frequency Capped
    [警告] 基金信息页获取失败：HTTP Error 514: Frequency Capped
    [警告] 基金信息页获取失败：HTTP Error 514: Frequency Capped
    [警告] 基金信息页获取失败：HTTP Error 514: Frequency Capped
    [警告] 基金信息页获取失败：HTTP Error 514: Frequency Capped